PERMNO,date,TICKER,PRC,RET,sprtrn
17144,2020/08/03,GIS,64.60000,0.021021,0.007181
17144,2020/08/04,GIS,65.74000,0.017647,0.003612
17144,2020/08/05,GIS,64.42000,-0.020079,0.006430
17144,2020/08/06,GIS,64.18000,-0.003726,0.006428
17144,2020/08/07,GIS,64.35000,0.002649,0.000633
17144,2020/08/10,GIS,63.75000,-0.009324,0.002742
17144,2020/08/11,GIS,62.14000,-0.025255,-0.007969
17144,2020/08/12,GIS,63.06000,0.014805,0.013997
17144,2020/08/13,GIS,62.97000,-0.001427,-0.002047
17144,2020/08/14,GIS,63.27000,0.004764,-0.000172
17144,2020/08/17,GIS,64.28000,0.015963,0.002710
17144,2020/08/18,GIS,64.63000,0.005445,0.002303
17144,2020/08/19,GIS,64.46000,-0.002630,-0.004404
17144,2020/08/20,GIS,64.21000,-0.003878,0.003159
17144,2020/08/21,GIS,64.02000,-0.002959,0.003441
17144,2020/08/24,GIS,64.13000,0.001718,0.010044
17144,2020/08/25,GIS,63.90000,-0.003586,0.003596
17144,2020/08/26,GIS,64.25000,0.005477,0.010196
17144,2020/08/27,GIS,64.71000,0.007160,0.001673
17144,2020/08/28,GIS,63.39000,-0.020399,0.006733
17144,2020/08/31,GIS,63.95000,0.008834,-0.002195
17144,2020/09/01,GIS,63.12000,-0.012979,0.007525
17144,2020/09/02,GIS,64.50000,0.021863,0.015366
17144,2020/09/03,GIS,62.97000,-0.023721,-0.035126
17144,2020/09/04,GIS,63.15000,0.002859,-0.008133
17144,2020/09/08,GIS,59.52000,-0.057482,-0.027756
17144,2020/09/09,GIS,59.98000,0.007728,0.020145
17144,2020/09/10,GIS,58.49000,-0.024842,-0.017585
17144,2020/09/11,GIS,58.54000,0.000855,0.000533
17144,2020/09/14,GIS,58.76000,0.003758,0.012742
17144,2020/09/15,GIS,59.02000,0.004425,0.005219
17144,2020/09/16,GIS,58.75000,-0.004575,-0.004619
17144,2020/09/17,GIS,57.58000,-0.019915,-0.008412
17144,2020/09/18,GIS,57.32000,-0.004515,-0.011183
17144,2020/09/21,GIS,57.87000,0.009595,-0.011571
17144,2020/09/22,GIS,57.99000,0.002074,0.010518
17144,2020/09/23,GIS,57.72000,-0.004656,-0.023721
17144,2020/09/24,GIS,58.70000,0.016979,0.002987
17144,2020/09/25,GIS,59.67000,0.016525,0.015977
17144,2020/09/28,GIS,59.90000,0.003855,0.016111
17144,2020/09/29,GIS,59.86000,-0.000668,-0.004813
17144,2020/09/30,GIS,61.68000,0.030404,0.008254
17144,2020/10/01,GIS,62.57000,0.014429,0.005293
17144,2020/10/02,GIS,62.52000,-0.000799,-0.009572
17144,2020/10/05,GIS,62.68000,0.002559,0.017976
17144,2020/10/06,GIS,61.23000,-0.023133,-0.013988
17144,2020/10/07,GIS,61.59000,0.005879,0.017406
17144,2020/10/08,GIS,61.39000,0.005033,0.008007
17144,2020/10/09,GIS,61.87000,0.007819,0.008791
17144,2020/10/12,GIS,62.35000,0.007758,0.016419
17144,2020/10/13,GIS,62.72000,0.005934,-0.006307
17144,2020/10/14,GIS,62.09000,-0.010045,-0.006623
17144,2020/10/15,GIS,62.70000,0.009824,-0.001528
17144,2020/10/16,GIS,62.37000,-0.005263,0.000135
17144,2020/10/19,GIS,61.29000,-0.017316,-0.016330
17144,2020/10/20,GIS,61.12000,-0.002774,0.004727
17144,2020/10/21,GIS,60.97000,-0.002454,-0.002196
17144,2020/10/22,GIS,61.31000,0.005577,0.005219
17144,2020/10/23,GIS,61.78000,0.007666,0.003446
17144,2020/10/26,GIS,60.98000,-0.012949,-0.018590
17144,2020/10/27,GIS,61.12000,0.002296,-0.003026
17144,2020/10/28,GIS,59.52000,-0.026178,-0.035288
17144,2020/10/29,GIS,59.22000,-0.005040,0.011947
17144,2020/10/30,GIS,59.12000,-0.001689,-0.012130
17144,2020/11/02,GIS,59.73000,0.010318,0.012318
17144,2020/11/03,GIS,60.89000,0.019421,0.017799
17144,2020/11/04,GIS,60.47000,-0.006898,0.022047
17144,2020/11/05,GIS,60.56000,0.001488,0.019460
17144,2020/11/06,GIS,61.07000,0.008421,-0.000288
17144,2020/11/09,GIS,58.36000,-0.044375,0.011700
17144,2020/11/10,GIS,58.92000,0.009596,-0.001400
17144,2020/11/11,GIS,59.89000,0.016463,0.007652
17144,2020/11/12,GIS,60.49000,0.010018,-0.009979
17144,2020/11/13,GIS,60.97000,0.007935,0.013610
17144,2020/11/16,GIS,61.21000,0.003936,0.011648
17144,2020/11/17,GIS,61.28000,0.001144,-0.004792
17144,2020/11/18,GIS,61.13000,-0.002448,-0.011564
17144,2020/11/19,GIS,62.00000,0.014232,0.003946
17144,2020/11/20,GIS,61.36000,-0.010323,-0.006793
17144,2020/11/23,GIS,61.02000,-0.005541,0.005636
17144,2020/11/24,GIS,60.57000,-0.007375,0.016162
17144,2020/11/25,GIS,60.00000,-0.009411,-0.001584
17144,2020/11/27,GIS,60.13000,0.002167,0.002397
17144,2020/11/30,GIS,60.82000,0.011475,-0.004595
17144,2020/12/01,GIS,61.31000,0.008057,0.011271
17144,2020/12/02,GIS,60.22000,-0.017779,0.001791
17144,2020/12/03,GIS,60.44000,0.003653,-0.000624
17144,2020/12/04,GIS,60.44000,0.000000,0.008836
17144,2020/12/07,GIS,59.74000,-0.011582,-0.001936
17144,2020/12/08,GIS,60.40000,0.011048,0.002787
17144,2020/12/09,GIS,59.33000,-0.017715,-0.007949
17144,2020/12/10,GIS,58.87000,-0.007753,-0.001285
17144,2020/12/11,GIS,59.32000,0.007644,-0.001265
17144,2020/12/14,GIS,59.35000,0.000506,-0.004359
17144,2020/12/15,GIS,59.03000,-0.005392,0.012921
17144,2020/12/16,GIS,58.92000,-0.001863,0.001773
17144,2020/12/17,GIS,59.70000,0.013238,0.005758
17144,2020/12/18,GIS,59.40000,-0.005025,-0.003511
17144,2020/12/21,GIS,58.99000,-0.006902,-0.003906
17144,2020/12/22,GIS,58.60000,-0.006611,-0.002073
17144,2020/12/23,GIS,58.99000,0.006655,0.000746
17144,2020/12/24,GIS,59.13000,0.002373,0.003537
17144,2020/12/28,GIS,59.35000,0.003721,0.008723
17144,2020/12/29,GIS,59.15000,-0.003370,-0.002227
17144,2020/12/30,GIS,58.56000,-0.009975,0.001342
17144,2020/12/31,GIS,58.80000,0.004098,0.006439
17144,2021/01/04,GIS,59.03000,0.003912,-0.014755
17144,2021/01/05,GIS,59.09000,0.001016,0.007083
17144,2021/01/06,GIS,58.94000,-0.002539,0.005710
17144,2021/01/07,GIS,57.95000,-0.008144,0.014847
17144,2021/01/08,GIS,56.40000,-0.026747,0.005492
17144,2021/01/11,GIS,55.57000,-0.014716,-0.006555
17144,2021/01/12,GIS,54.37000,-0.021594,0.000416
17144,2021/01/13,GIS,55.39000,0.018760,0.002276
17144,2021/01/14,GIS,55.75000,0.006499,-0.003753
17144,2021/01/15,GIS,56.24000,0.008789,-0.007190
17144,2021/01/19,GIS,55.67000,-0.010135,0.008136
17144,2021/01/20,GIS,55.34000,-0.005928,0.013936
17144,2021/01/21,GIS,55.29000,-0.000903,0.000317
17144,2021/01/22,GIS,55.97000,0.012299,-0.003011
17144,2021/01/25,GIS,57.90000,0.034483,0.003616
17144,2021/01/26,GIS,59.13000,0.021244,-0.001489
17144,2021/01/27,GIS,60.40000,0.021478,-0.025678
17144,2021/01/28,GIS,59.36000,-0.017219,0.009761
17144,2021/01/29,GIS,58.10000,-0.021226,-0.019312
17144,2021/02/01,GIS,57.55000,-0.009466,0.016052
17144,2021/02/02,GIS,57.62000,0.001216,0.013898
17144,2021/02/03,GIS,56.82000,-0.013884,0.001009
17144,2021/02/04,GIS,56.90000,0.001408,0.010853
17144,2021/02/05,GIS,57.40000,0.008787,0.003897
17144,2021/02/08,GIS,57.70000,0.005226,0.007399
17144,2021/02/09,GIS,57.67000,-0.000520,-0.001113
17144,2021/02/10,GIS,58.09000,0.007283,-0.000345
17144,2021/02/11,GIS,56.91000,-0.020313,0.001662
17144,2021/02/12,GIS,57.12000,0.003690,0.004711
17144,2021/02/16,GIS,56.29000,-0.014531,-0.000569
17144,2021/02/17,GIS,56.81000,0.009238,-0.000320
17144,2021/02/18,GIS,58.02000,0.021299,-0.004416
17144,2021/02/19,GIS,56.50000,-0.026198,-0.001855
17144,2021/02/22,GIS,56.17000,-0.005841,-0.007733
17144,2021/02/23,GIS,56.82000,0.011572,0.001256
17144,2021/02/24,GIS,56.20000,-0.010912,0.011352
17144,2021/02/25,GIS,55.84000,-0.006406,-0.024479
17144,2021/02/26,GIS,55.01000,-0.014864,-0.004750
17144,2021/03/01,GIS,54.74000,-0.004908,0.023791
17144,2021/03/02,GIS,55.07000,0.006028,-0.008081
17144,2021/03/03,GIS,54.89000,-0.003269,-0.013066
17144,2021/03/04,GIS,55.29000,0.007287,-0.013417
17144,2021/03/05,GIS,56.78000,0.026949,0.019496
17144,2021/03/08,GIS,57.76000,0.017260,-0.005359
17144,2021/03/09,GIS,57.40000,-0.006233,0.014155
17144,2021/03/10,GIS,58.56000,0.020209,0.006030
17144,2021/03/11,GIS,58.13000,-0.007343,0.010395
17144,2021/03/12,GIS,58.75000,0.010666,0.001015
17144,2021/03/15,GIS,59.02000,0.004596,0.006492
17144,2021/03/16,GIS,59.38000,0.006100,-0.001570
17144,2021/03/17,GIS,59.39000,0.000168,0.002879
17144,2021/03/18,GIS,59.90000,0.008587,-0.014761
17144,2021/03/19,GIS,60.07000,0.002838,-0.000603
17144,2021/03/22,GIS,61.45000,0.022973,0.007025
17144,2021/03/23,GIS,61.19000,-0.004231,-0.007631
17144,2021/03/24,GIS,58.62000,-0.042000,-0.005467
17144,2021/03/25,GIS,59.53000,0.015524,0.005240
17144,2021/03/26,GIS,60.97000,0.024190,0.016631
17144,2021/03/29,GIS,62.49000,0.024930,-0.000868
17144,2021/03/30,GIS,61.79000,-0.011202,-0.003158
17144,2021/03/31,GIS,61.32000,-0.007606,0.003623
17144,2021/04/01,GIS,60.92000,-0.006523,0.011825
17144,2021/04/05,GIS,61.53000,0.010013,0.014438
17144,2021/04/06,GIS,61.74000,0.003413,-0.000974
17144,2021/04/07,GIS,61.39000,-0.005669,0.001475
17144,2021/04/08,GIS,60.95000,0.001140,0.004221
17144,2021/04/09,GIS,60.13000,-0.013454,0.007720
17144,2021/04/12,GIS,60.97000,0.013970,-0.000196
17144,2021/04/13,GIS,60.68000,-0.004756,0.003295
17144,2021/04/14,GIS,60.61000,-0.001154,-0.004088
17144,2021/04/15,GIS,60.55000,-0.000990,0.011094
17144,2021/04/16,GIS,61.30000,0.012386,0.003609
17144,2021/04/19,GIS,61.30000,0.000000,-0.005306
17144,2021/04/20,GIS,62.30000,0.016313,-0.006802
17144,2021/04/21,GIS,62.76000,0.007384,0.009306
17144,2021/04/22,GIS,62.03000,-0.011632,-0.009211
17144,2021/04/23,GIS,61.26000,-0.012413,0.010929
17144,2021/04/26,GIS,60.54000,-0.011753,0.001782
17144,2021/04/27,GIS,60.54000,0.000000,-0.000215
17144,2021/04/28,GIS,60.80000,0.004295,-0.000846
17144,2021/04/29,GIS,61.43000,0.010362,0.006763
17144,2021/04/30,GIS,60.86000,-0.009279,-0.007195
17144,2021/05/03,GIS,61.60000,0.012159,0.002748
17144,2021/05/04,GIS,61.80000,0.003247,-0.006678
17144,2021/05/05,GIS,61.83000,0.000485,0.000704
17144,2021/05/06,GIS,63.64000,0.029274,0.008165
17144,2021/05/07,GIS,63.05000,-0.009271,0.007373
17144,2021/05/10,GIS,63.83000,0.012371,-0.010436
17144,2021/05/11,GIS,63.11000,-0.011280,-0.008674
17144,2021/05/12,GIS,62.96000,-0.002377,-0.021449
17144,2021/05/13,GIS,63.98000,0.016201,0.012173
17144,2021/05/14,GIS,63.40000,-0.009065,0.014918
17144,2021/05/17,GIS,62.79000,-0.009621,-0.002530
17144,2021/05/18,GIS,62.93000,0.002230,-0.008517
17144,2021/05/19,GIS,62.60000,-0.005244,-0.002943
17144,2021/05/20,GIS,62.90000,0.004792,0.010555
17144,2021/05/21,GIS,63.13000,0.003657,-0.000784
17144,2021/05/24,GIS,63.05000,-0.001267,0.009911
17144,2021/05/25,GIS,62.85000,-0.003172,-0.002125
17144,2021/05/26,GIS,62.83000,-0.000318,0.001877
17144,2021/05/27,GIS,62.28000,-0.008754,0.001165
17144,2021/05/28,GIS,62.86000,0.009313,0.000769
17144,2021/06/01,GIS,62.66000,-0.003182,-0.000492
17144,2021/06/02,GIS,63.49000,0.013246,0.001447
17144,2021/06/03,GIS,63.80000,0.004883,-0.003629
17144,2021/06/04,GIS,64.03000,0.003605,0.008834
17144,2021/06/07,GIS,63.72000,-0.004841,-0.000797
17144,2021/06/08,GIS,63.19000,-0.008318,0.000175
17144,2021/06/09,GIS,62.12000,-0.016933,-0.001824
17144,2021/06/10,GIS,62.57000,0.007244,0.004652
17144,2021/06/11,GIS,62.52000,-0.000799,0.001948
17144,2021/06/14,GIS,62.65000,0.002079,0.001815
17144,2021/06/15,GIS,62.14000,-0.008140,-0.002012
17144,2021/06/16,GIS,61.15000,-0.015932,-0.005390
17144,2021/06/17,GIS,61.10000,-0.000818,-0.000436
17144,2021/06/18,GIS,59.76000,-0.021931,-0.013125
17144,2021/06/21,GIS,60.14000,0.006359,0.014002
17144,2021/06/22,GIS,60.21000,0.001164,0.005125
17144,2021/06/23,GIS,59.21000,-0.016609,-0.001083
17144,2021/06/24,GIS,59.15000,-0.001013,0.005811
17144,2021/06/25,GIS,59.63000,0.008115,0.003331
17144,2021/06/28,GIS,60.55000,0.015428,0.002315
17144,2021/06/29,GIS,60.03000,-0.008588,0.000277
17144,2021/06/30,GIS,60.93000,0.014993,0.001328
84403,2020/08/03,WWD,75.40000,0.006138,0.007181
84403,2020/08/04,WWD,74.71000,-0.009151,0.003612
84403,2020/08/05,WWD,76.76000,0.027439,0.006430
84403,2020/08/06,WWD,77.50000,0.009640,0.006428
84403,2020/08/07,WWD,80.45000,0.038064,0.000633
84403,2020/08/10,WWD,84.26000,0.047359,0.002742
84403,2020/08/11,WWD,86.00000,0.020650,-0.007969
84403,2020/08/12,WWD,85.68000,-0.003721,0.013997
84403,2020/08/13,WWD,84.65000,-0.012021,-0.002047
84403,2020/08/14,WWD,84.90000,0.003913,-0.000172
84403,2020/08/17,WWD,84.82000,-0.000942,0.002710
84403,2020/08/18,WWD,83.33000,-0.017567,0.002303
84403,2020/08/19,WWD,82.65000,-0.008160,-0.004404
84403,2020/08/20,WWD,82.10000,-0.006655,0.003159
84403,2020/08/21,WWD,81.39000,-0.008648,0.003441
84403,2020/08/24,WWD,83.84500,0.030163,0.010044
84403,2020/08/25,WWD,83.53000,-0.003757,0.003596
84403,2020/08/26,WWD,83.38000,-0.001796,0.010196
84403,2020/08/27,WWD,86.60000,0.038618,0.001673
84403,2020/08/28,WWD,87.54000,0.010855,0.006733
84403,2020/08/31,WWD,85.69000,-0.021133,-0.002195
84403,2020/09/01,WWD,85.48000,-0.002451,0.007525
84403,2020/09/02,WWD,87.07000,0.018601,0.015366
84403,2020/09/03,WWD,84.11000,-0.033996,-0.035126
84403,2020/09/04,WWD,84.50000,0.004637,-0.008133
84403,2020/09/08,WWD,82.30000,-0.026035,-0.027756
84403,2020/09/09,WWD,82.49000,0.002309,0.020145
84403,2020/09/10,WWD,80.90000,-0.019275,-0.017585
84403,2020/09/11,WWD,82.24000,0.016564,0.000533
84403,2020/09/14,WWD,83.59000,0.016415,0.012742
84403,2020/09/15,WWD,82.55000,-0.012442,0.005219
84403,2020/09/16,WWD,84.75000,0.026650,-0.004619
84403,2020/09/17,WWD,85.30000,0.006490,-0.008412
84403,2020/09/18,WWD,83.18000,-0.024853,-0.011183
84403,2020/09/21,WWD,78.14000,-0.060592,-0.011571
84403,2020/09/22,WWD,78.22000,0.001024,0.010518
84403,2020/09/23,WWD,77.06000,-0.014830,-0.023721
84403,2020/09/24,WWD,75.49000,-0.020374,0.002987
84403,2020/09/25,WWD,76.03000,0.007153,0.015977
84403,2020/09/28,WWD,78.82000,0.036696,0.016111
84403,2020/09/29,WWD,78.55000,-0.003425,-0.004813
84403,2020/09/30,WWD,80.16000,0.020497,0.008254
84403,2020/10/01,WWD,81.03000,0.010853,0.005293
84403,2020/10/02,WWD,81.85000,0.010120,-0.009572
84403,2020/10/05,WWD,83.95000,0.025657,0.017976
84403,2020/10/06,WWD,82.84000,-0.013222,-0.013988
84403,2020/10/07,WWD,84.82000,0.023902,0.017406
84403,2020/10/08,WWD,86.20000,0.016270,0.008007
84403,2020/10/09,WWD,86.74000,0.006265,0.008791
84403,2020/10/12,WWD,86.52000,-0.002536,0.016419
84403,2020/10/13,WWD,85.12000,-0.016181,-0.006307
84403,2020/10/14,WWD,84.79000,-0.003877,-0.006623
84403,2020/10/15,WWD,85.93000,0.013445,-0.001528
84403,2020/10/16,WWD,85.19000,-0.008612,0.000135
84403,2020/10/19,WWD,84.04000,-0.013499,-0.016330
84403,2020/10/20,WWD,84.21000,0.002023,0.004727
84403,2020/10/21,WWD,81.61000,-0.030875,-0.002196
84403,2020/10/22,WWD,83.98000,0.029041,0.005219
84403,2020/10/23,WWD,86.86000,0.034294,0.003446
84403,2020/10/26,WWD,83.55000,-0.038107,-0.018590
84403,2020/10/27,WWD,79.30000,-0.050868,-0.003026
84403,2020/10/28,WWD,76.77000,-0.031904,-0.035288
84403,2020/10/29,WWD,78.28000,0.019669,0.011947
84403,2020/10/30,WWD,79.55000,0.016224,-0.012130
84403,2020/11/02,WWD,84.87000,0.066876,0.012318
84403,2020/11/03,WWD,88.22000,0.039472,0.017799
84403,2020/11/04,WWD,85.55000,-0.030265,0.022047
84403,2020/11/05,WWD,89.43000,0.045354,0.019460
84403,2020/11/06,WWD,88.50000,-0.010399,-0.000288
84403,2020/11/09,WWD,99.08000,0.119548,0.011700
84403,2020/11/10,WWD,103.58000,0.045418,-0.001400
84403,2020/11/11,WWD,100.83000,-0.026550,0.007652
84403,2020/11/12,WWD,99.65000,-0.011703,-0.009979
84403,2020/11/13,WWD,105.18000,0.056310,0.013610
84403,2020/11/16,WWD,109.20000,0.038220,0.011648
84403,2020/11/17,WWD,110.31000,0.010165,-0.004792
84403,2020/11/18,WWD,107.54000,-0.025111,-0.011564
84403,2020/11/19,WWD,110.03000,0.023154,0.003946
84403,2020/11/20,WWD,108.64000,-0.012633,-0.006793
84403,2020/11/23,WWD,112.00000,0.030928,0.005636
84403,2020/11/24,WWD,114.72000,0.024286,0.016162
84403,2020/11/25,WWD,113.84000,-0.007671,-0.001584
84403,2020/11/27,WWD,114.33000,0.004304,0.002397
84403,2020/11/30,WWD,111.83000,-0.021867,-0.004595
84403,2020/12/01,WWD,113.51000,0.015023,0.011271
84403,2020/12/02,WWD,115.34000,0.016122,0.001791
84403,2020/12/03,WWD,116.73000,0.012051,-0.000624
84403,2020/12/04,WWD,117.88000,0.009852,0.008836
84403,2020/12/07,WWD,116.45000,-0.012131,-0.001936
84403,2020/12/08,WWD,117.13000,0.005839,0.002787
84403,2020/12/09,WWD,116.79000,-0.002903,-0.007949
84403,2020/12/10,WWD,118.15000,0.011645,-0.001285
84403,2020/12/11,WWD,118.23000,0.000677,-0.001265
84403,2020/12/14,WWD,116.81000,-0.012011,-0.004359
84403,2020/12/15,WWD,118.77000,0.016779,0.012921
84403,2020/12/16,WWD,116.16000,-0.021975,0.001773
84403,2020/12/17,WWD,117.99000,0.015754,0.005758
84403,2020/12/18,WWD,118.94000,0.008052,-0.003511
84403,2020/12/21,WWD,118.00000,-0.007903,-0.003906
84403,2020/12/22,WWD,119.27000,0.010763,-0.002073
84403,2020/12/23,WWD,121.48000,0.018529,0.000746
84403,2020/12/24,WWD,121.00000,-0.003951,0.003537
84403,2020/12/28,WWD,120.80000,-0.001653,0.008723
84403,2020/12/29,WWD,121.01000,0.001738,-0.002227
84403,2020/12/30,WWD,121.78000,0.006363,0.001342
84403,2020/12/31,WWD,121.53000,-0.002053,0.006439
84403,2021/01/04,WWD,118.87000,-0.021888,-0.014755
84403,2021/01/05,WWD,121.15000,0.019181,0.007083
84403,2021/01/06,WWD,127.12000,0.049278,0.005710
84403,2021/01/07,WWD,124.85000,-0.017857,0.014847
84403,2021/01/08,WWD,125.00000,0.001201,0.005492
84403,2021/01/11,WWD,125.24000,0.001920,-0.006555
84403,2021/01/12,WWD,126.64000,0.011179,0.000416
84403,2021/01/13,WWD,124.33000,-0.018241,0.002276
84403,2021/01/14,WWD,125.85000,0.012226,-0.003753
84403,2021/01/15,WWD,122.77000,-0.024474,-0.007190
84403,2021/01/19,WWD,123.98000,0.009856,0.008136
84403,2021/01/20,WWD,125.04000,0.008550,0.013936
84403,2021/01/21,WWD,122.35000,-0.021513,0.000317
84403,2021/01/22,WWD,122.02000,-0.002697,-0.003011
84403,2021/01/25,WWD,119.03000,-0.024504,0.003616
84403,2021/01/26,WWD,117.04000,-0.016718,-0.001489
84403,2021/01/27,WWD,110.70000,-0.054170,-0.025678
84403,2021/01/28,WWD,115.20000,0.040650,0.009761
84403,2021/01/29,WWD,111.95000,-0.028212,-0.019312
84403,2021/02/01,WWD,115.18000,0.028852,0.016052
84403,2021/02/02,WWD,118.07000,0.025091,0.013898
84403,2021/02/03,WWD,115.35000,-0.023037,0.001009
84403,2021/02/04,WWD,117.06000,0.014824,0.010853
84403,2021/02/05,WWD,116.66000,-0.003417,0.003897
84403,2021/02/08,WWD,116.64000,-0.000171,0.007399
84403,2021/02/09,WWD,115.47000,-0.010031,-0.001113
84403,2021/02/10,WWD,115.33000,-0.001212,-0.000345
84403,2021/02/11,WWD,116.00000,0.005809,0.001662
84403,2021/02/12,WWD,116.08000,0.000690,0.004711
84403,2021/02/16,WWD,114.68000,-0.012061,-0.000569
84403,2021/02/17,WWD,114.00000,-0.005930,-0.000320
84403,2021/02/18,WWD,112.63000,-0.012018,-0.004416
84403,2021/02/19,WWD,115.82000,0.029766,-0.001855
84403,2021/02/22,WWD,118.96000,0.027111,-0.007733
84403,2021/02/23,WWD,119.44000,0.004035,0.001256
84403,2021/02/24,WWD,121.85000,0.020177,0.011352
84403,2021/02/25,WWD,117.05000,-0.039393,-0.024479
84403,2021/02/26,WWD,114.22000,-0.024178,-0.004750
84403,2021/03/01,WWD,119.18000,0.043425,0.023791
84403,2021/03/02,WWD,117.21000,-0.016530,-0.008081
84403,2021/03/03,WWD,116.42000,-0.006740,-0.013066
84403,2021/03/04,WWD,115.53000,-0.007645,-0.013417
84403,2021/03/05,WWD,115.23000,-0.002597,0.019496
84403,2021/03/08,WWD,115.24000,0.000087,-0.005359
84403,2021/03/09,WWD,115.75000,0.004426,0.014155
84403,2021/03/10,WWD,117.80000,0.017711,0.006030
84403,2021/03/11,WWD,116.95000,-0.007216,0.010395
84403,2021/03/12,WWD,120.75000,0.032493,0.001015
84403,2021/03/15,WWD,124.26000,0.029068,0.006492
84403,2021/03/16,WWD,121.57000,-0.021648,-0.001570
84403,2021/03/17,WWD,123.73000,0.017768,0.002879
84403,2021/03/18,WWD,121.48000,-0.018185,-0.014761
84403,2021/03/19,WWD,121.03000,-0.003704,-0.000603
84403,2021/03/22,WWD,120.19000,-0.006940,0.007025
84403,2021/03/23,WWD,118.79000,-0.011648,-0.007631
84403,2021/03/24,WWD,119.66000,0.007324,-0.005467
84403,2021/03/25,WWD,122.00000,0.019555,0.005240
84403,2021/03/26,WWD,123.34000,0.010984,0.016631
84403,2021/03/29,WWD,120.72000,-0.021242,-0.000868
84403,2021/03/30,WWD,121.22000,0.004142,-0.003158
84403,2021/03/31,WWD,120.63000,-0.004867,0.003623
84403,2021/04/01,WWD,123.14000,0.020807,0.011825
84403,2021/04/05,WWD,123.40000,0.002111,0.014438
84403,2021/04/06,WWD,122.43000,-0.007861,-0.000974
84403,2021/04/07,WWD,121.30000,-0.009230,0.001475
84403,2021/04/08,WWD,123.05000,0.014427,0.004221
84403,2021/04/09,WWD,122.71000,-0.002763,0.007720
84403,2021/04/12,WWD,123.95000,0.010105,-0.000196
84403,2021/04/13,WWD,121.86000,-0.016862,0.003295
84403,2021/04/14,WWD,122.29000,0.003529,-0.004088
84403,2021/04/15,WWD,122.78000,0.004007,0.011094
84403,2021/04/16,WWD,123.67000,0.007249,0.003609
84403,2021/04/19,WWD,123.07000,-0.004852,-0.005306
84403,2021/04/20,WWD,119.71000,-0.027302,-0.006802
84403,2021/04/21,WWD,122.07000,0.019714,0.009306
84403,2021/04/22,WWD,122.09000,0.000164,-0.009211
84403,2021/04/23,WWD,124.18000,0.017119,0.010929
84403,2021/04/26,WWD,124.22000,0.000322,0.001782
84403,2021/04/27,WWD,124.07000,-0.001208,-0.000215
84403,2021/04/28,WWD,124.28000,0.001693,-0.000846
84403,2021/04/29,WWD,125.23000,0.007644,0.006763
84403,2021/04/30,WWD,125.01000,-0.001757,-0.007195
84403,2021/05/03,WWD,124.54000,-0.003760,0.002748
84403,2021/05/04,WWD,127.02000,0.019913,-0.006678
84403,2021/05/05,WWD,124.35000,-0.021020,0.000704
84403,2021/05/06,WWD,126.39000,0.016405,0.008165
84403,2021/05/07,WWD,129.92999,0.028008,0.007373
84403,2021/05/10,WWD,128.08000,-0.014238,-0.010436
84403,2021/05/11,WWD,124.79000,-0.025687,-0.008674
84403,2021/05/12,WWD,118.80000,-0.048001,-0.021449
84403,2021/05/13,WWD,121.15000,0.019781,0.012173
84403,2021/05/14,WWD,121.90000,0.006191,0.014918
84403,2021/05/17,WWD,121.81000,0.000595,-0.002530
84403,2021/05/18,WWD,119.45000,-0.019374,-0.008517
84403,2021/05/19,WWD,119.17000,-0.002344,-0.002943
84403,2021/05/20,WWD,120.60000,0.012000,0.010555
84403,2021/05/21,WWD,121.53000,0.007711,-0.000784
84403,2021/05/24,WWD,122.52000,0.008146,0.009911
84403,2021/05/25,WWD,120.41000,-0.017222,-0.002125
84403,2021/05/26,WWD,121.73000,0.010963,0.001877
84403,2021/05/27,WWD,128.03000,0.051754,0.001165
84403,2021/05/28,WWD,127.18000,-0.006639,0.000769
84403,2021/06/01,WWD,128.52000,0.010536,-0.000492
84403,2021/06/02,WWD,126.72000,-0.014006,0.001447
84403,2021/06/03,WWD,126.50000,-0.001736,-0.003629
84403,2021/06/04,WWD,126.96000,0.003636,0.008834
84403,2021/06/07,WWD,125.29000,-0.013154,-0.000797
84403,2021/06/08,WWD,126.60000,0.010456,0.000175
84403,2021/06/09,WWD,123.01000,-0.028357,-0.001824
84403,2021/06/10,WWD,122.12000,-0.007235,0.004652
84403,2021/06/11,WWD,123.19000,0.008762,0.001948
84403,2021/06/14,WWD,121.47000,-0.013962,0.001815
84403,2021/06/15,WWD,121.48000,0.000082,-0.002012
84403,2021/06/16,WWD,120.08000,-0.011525,-0.005390
84403,2021/06/17,WWD,117.57000,-0.020903,-0.000436
84403,2021/06/18,WWD,117.84000,0.002296,-0.013125
84403,2021/06/21,WWD,121.52000,0.031229,0.014002
84403,2021/06/22,WWD,122.43000,0.007489,0.005125
84403,2021/06/23,WWD,121.25000,-0.009638,-0.001083
84403,2021/06/24,WWD,122.67000,0.011711,0.005811
84403,2021/06/25,WWD,123.72000,0.008560,0.003331
84403,2021/06/28,WWD,120.45000,-0.026431,0.002315
84403,2021/06/29,WWD,119.40000,-0.008717,0.000277
84403,2021/06/30,WWD,122.88000,0.029146,0.001328
89393,2020/08/03,NFLX,498.62000,0.019923,0.007181
89393,2020/08/04,NFLX,509.64001,0.022101,0.003612
89393,2020/08/05,NFLX,502.10999,-0.014775,0.006430
89393,2020/08/06,NFLX,509.07999,0.013881,0.006428
89393,2020/08/07,NFLX,494.73001,-0.028188,0.000633
89393,2020/08/10,NFLX,483.38000,-0.022942,0.002742
89393,2020/08/11,NFLX,466.92999,-0.034031,-0.007969
89393,2020/08/12,NFLX,475.47000,0.018290,0.013997
89393,2020/08/13,NFLX,481.32999,0.012325,-0.002047
89393,2020/08/14,NFLX,482.67999,0.002805,-0.000172
89393,2020/08/17,NFLX,482.35001,-0.000684,0.002710
89393,2020/08/18,NFLX,491.87000,0.019737,0.002303
89393,2020/08/19,NFLX,484.53000,-0.014923,-0.004404
89393,2020/08/20,NFLX,497.89999,0.027594,0.003159
89393,2020/08/21,NFLX,492.31000,-0.011227,0.003441
89393,2020/08/24,NFLX,488.81000,-0.007109,0.010044
89393,2020/08/25,NFLX,490.57999,0.003621,0.003596
89393,2020/08/26,NFLX,547.53003,0.116087,0.010196
89393,2020/08/27,NFLX,526.27002,-0.038829,0.001673
89393,2020/08/28,NFLX,523.89001,-0.004522,0.006733
89393,2020/08/31,NFLX,529.56000,0.010823,-0.002195
89393,2020/09/01,NFLX,556.54999,0.050967,0.007525
89393,2020/09/02,NFLX,552.84003,-0.006666,0.015366
89393,2020/09/03,NFLX,525.75000,-0.049002,-0.035126
89393,2020/09/04,NFLX,516.04999,-0.018450,-0.008133
89393,2020/09/08,NFLX,507.01999,-0.017498,-0.027756
89393,2020/09/09,NFLX,500.19000,-0.013471,0.020145
89393,2020/09/10,NFLX,480.67001,-0.039025,-0.017585
89393,2020/09/11,NFLX,482.03000,0.002829,0.000533
89393,2020/09/14,NFLX,476.26001,-0.011970,0.012742
89393,2020/09/15,NFLX,495.98999,0.041427,0.005219
89393,2020/09/16,NFLX,483.85999,-0.024456,-0.004619
89393,2020/09/17,NFLX,470.20001,-0.028231,-0.008412
89393,2020/09/18,NFLX,469.95999,-0.000510,-0.011183
89393,2020/09/21,NFLX,487.35001,0.037003,-0.011571
89393,2020/09/22,NFLX,491.17001,0.007838,0.010518
89393,2020/09/23,NFLX,470.60999,-0.041859,-0.023721
89393,2020/09/24,NFLX,473.07999,0.005249,0.002987
89393,2020/09/25,NFLX,482.88000,0.020715,0.015977
89393,2020/09/28,NFLX,490.64999,0.016091,0.016111
89393,2020/09/29,NFLX,493.48001,0.005768,-0.004813
89393,2020/09/30,NFLX,500.03000,0.013273,0.008254
89393,2020/10/01,NFLX,527.51001,0.054957,0.005293
89393,2020/10/02,NFLX,503.06000,-0.046350,-0.009572
89393,2020/10/05,NFLX,520.65002,0.034966,0.017976
89393,2020/10/06,NFLX,505.87000,-0.028388,-0.013988
89393,2020/10/07,NFLX,534.65997,0.056912,0.017406
89393,2020/10/08,NFLX,531.78998,-0.005368,0.008007
89393,2020/10/09,NFLX,539.44000,0.014385,0.008791
89393,2020/10/12,NFLX,539.81000,0.000686,0.016419
89393,2020/10/13,NFLX,554.09003,0.026454,-0.006307
89393,2020/10/14,NFLX,541.45001,-0.022812,-0.006623
89393,2020/10/15,NFLX,541.94000,0.000905,-0.001528
89393,2020/10/16,NFLX,530.78998,-0.020574,0.000135
89393,2020/10/19,NFLX,530.71997,-0.000132,-0.016330
89393,2020/10/20,NFLX,525.41998,-0.009986,0.004727
89393,2020/10/21,NFLX,489.04999,-0.069221,-0.002196
89393,2020/10/22,NFLX,485.23001,-0.007811,0.005219
89393,2020/10/23,NFLX,488.28000,0.006286,0.003446
89393,2020/10/26,NFLX,488.23999,-0.000082,-0.018590
89393,2020/10/27,NFLX,488.92999,0.001413,-0.003026
89393,2020/10/28,NFLX,486.23999,-0.005502,-0.035288
89393,2020/10/29,NFLX,504.20999,0.036957,0.011947
89393,2020/10/30,NFLX,475.73999,-0.056465,-0.012130
89393,2020/11/02,NFLX,484.12000,0.017615,0.012318
89393,2020/11/03,NFLX,487.22000,0.006403,0.017799
89393,2020/11/04,NFLX,496.95001,0.019970,0.022047
89393,2020/11/05,NFLX,513.76001,0.033826,0.019460
89393,2020/11/06,NFLX,514.72998,0.001888,-0.000288
89393,2020/11/09,NFLX,470.50000,-0.085929,0.011700
89393,2020/11/10,NFLX,480.23999,0.020701,-0.001400
89393,2020/11/11,NFLX,490.76001,0.021906,0.007652
89393,2020/11/12,NFLX,486.76999,-0.008130,-0.009979
89393,2020/11/13,NFLX,482.84000,-0.008074,0.013610
89393,2020/11/16,NFLX,479.10001,-0.007746,0.011648
89393,2020/11/17,NFLX,480.63000,0.003193,-0.004792
89393,2020/11/18,NFLX,481.79001,0.002414,-0.011564
89393,2020/11/19,NFLX,484.67001,0.005978,0.003946
89393,2020/11/20,NFLX,488.23999,0.007366,-0.006793
89393,2020/11/23,NFLX,476.62000,-0.023800,0.005636
89393,2020/11/24,NFLX,482.88000,0.013134,0.016162
89393,2020/11/25,NFLX,485.00000,0.004390,-0.001584
89393,2020/11/27,NFLX,491.35999,0.013113,0.002397
89393,2020/11/30,NFLX,490.70001,-0.001343,-0.004595
89393,2020/12/01,NFLX,504.57999,0.028286,0.011271
89393,2020/12/02,NFLX,503.38000,-0.002378,0.001791
89393,2020/12/03,NFLX,497.51999,-0.011641,-0.000624
89393,2020/12/04,NFLX,498.31000,0.001588,0.008836
89393,2020/12/07,NFLX,515.78003,0.035059,-0.001936
89393,2020/12/08,NFLX,512.65997,-0.006049,0.002787
89393,2020/12/09,NFLX,493.60001,-0.037179,-0.007949
89393,2020/12/10,NFLX,501.09000,0.015174,-0.001285
89393,2020/12/11,NFLX,503.22000,0.004251,-0.001265
89393,2020/12/14,NFLX,522.41998,0.038154,-0.004359
89393,2020/12/15,NFLX,519.78003,-0.005053,0.012921
89393,2020/12/16,NFLX,524.83002,0.009716,0.001773
89393,2020/12/17,NFLX,532.90002,0.015376,0.005758
89393,2020/12/18,NFLX,534.45001,0.002909,-0.003511
89393,2020/12/21,NFLX,528.90997,-0.010366,-0.003906
89393,2020/12/22,NFLX,527.33002,-0.002987,-0.002073
89393,2020/12/23,NFLX,514.47998,-0.024368,0.000746
89393,2020/12/24,NFLX,513.96997,-0.000991,0.003537
89393,2020/12/28,NFLX,519.12000,0.010020,0.008723
89393,2020/12/29,NFLX,530.87000,0.022634,-0.002227
89393,2020/12/30,NFLX,524.59003,-0.011830,0.001342
89393,2020/12/31,NFLX,540.72998,0.030767,0.006439
89393,2021/01/04,NFLX,522.85999,-0.033048,-0.014755
89393,2021/01/05,NFLX,520.79999,-0.003940,0.007083
89393,2021/01/06,NFLX,500.48999,-0.038998,0.005710
89393,2021/01/07,NFLX,508.89001,0.016784,0.014847
89393,2021/01/08,NFLX,510.39999,0.002967,0.005492
89393,2021/01/11,NFLX,499.10001,-0.022139,-0.006555
89393,2021/01/12,NFLX,494.25000,-0.009718,0.000416
89393,2021/01/13,NFLX,507.79001,0.027395,0.002276
89393,2021/01/14,NFLX,500.85999,-0.013647,-0.003753
89393,2021/01/15,NFLX,497.98001,-0.005750,-0.007190
89393,2021/01/19,NFLX,501.76999,0.007611,0.008136
89393,2021/01/20,NFLX,586.34003,0.168543,0.013936
89393,2021/01/21,NFLX,579.84003,-0.011086,0.000317
89393,2021/01/22,NFLX,565.16998,-0.025300,-0.003011
89393,2021/01/25,NFLX,556.78003,-0.014845,0.003616
89393,2021/01/26,NFLX,561.92999,0.009250,-0.001489
89393,2021/01/27,NFLX,523.28003,-0.068781,-0.025678
89393,2021/01/28,NFLX,538.59998,0.029277,0.009761
89393,2021/01/29,NFLX,532.39001,-0.011530,-0.019312
89393,2021/02/01,NFLX,539.03998,0.012491,0.016052
89393,2021/02/02,NFLX,548.15997,0.016919,0.013898
89393,2021/02/03,NFLX,539.45001,-0.015889,0.001009
89393,2021/02/04,NFLX,552.15997,0.023561,0.010853
89393,2021/02/05,NFLX,550.78998,-0.002481,0.003897
89393,2021/02/08,NFLX,547.91998,-0.005211,0.007399
89393,2021/02/09,NFLX,559.07001,0.020350,-0.001113
89393,2021/02/10,NFLX,563.59003,0.008085,-0.000345
89393,2021/02/11,NFLX,557.59003,-0.010646,0.001662
89393,2021/02/12,NFLX,556.52002,-0.001919,0.004711
89393,2021/02/16,NFLX,557.28003,0.001366,-0.000569
89393,2021/02/17,NFLX,551.34003,-0.010659,-0.000320
89393,2021/02/18,NFLX,548.21997,-0.005659,-0.004416
89393,2021/02/19,NFLX,540.21997,-0.014593,-0.001855
89393,2021/02/22,NFLX,533.78003,-0.011921,-0.007733
89393,2021/02/23,NFLX,546.15002,0.023174,0.001256
89393,2021/02/24,NFLX,553.40997,0.013293,0.011352
89393,2021/02/25,NFLX,546.70001,-0.012125,-0.024479
89393,2021/02/26,NFLX,538.84998,-0.014359,-0.004750
89393,2021/03/01,NFLX,550.64001,0.021880,0.023791
89393,2021/03/02,NFLX,547.82001,-0.005121,-0.008081
89393,2021/03/03,NFLX,520.70001,-0.049505,-0.013066
89393,2021/03/04,NFLX,511.29001,-0.018072,-0.013417
89393,2021/03/05,NFLX,516.39001,0.009975,0.019496
89393,2021/03/08,NFLX,493.32999,-0.044656,-0.005359
89393,2021/03/09,NFLX,506.44000,0.026575,0.014155
89393,2021/03/10,NFLX,504.54001,-0.003752,0.006030
89393,2021/03/11,NFLX,523.06000,0.036707,0.010395
89393,2021/03/12,NFLX,518.02002,-0.009636,0.001015
89393,2021/03/15,NFLX,520.25000,0.004305,0.006492
89393,2021/03/16,NFLX,524.03003,0.007266,-0.001570
89393,2021/03/17,NFLX,524.44000,0.000782,0.002879
89393,2021/03/18,NFLX,504.79001,-0.037469,-0.014761
89393,2021/03/19,NFLX,512.17999,0.014640,-0.000603
89393,2021/03/22,NFLX,523.10999,0.021340,0.007025
89393,2021/03/23,NFLX,535.09003,0.022902,-0.007631
89393,2021/03/24,NFLX,520.81000,-0.026687,-0.005467
89393,2021/03/25,NFLX,502.85999,-0.034466,0.005240
89393,2021/03/26,NFLX,508.04999,0.010321,0.016631
89393,2021/03/29,NFLX,513.95001,0.011613,-0.000868
89393,2021/03/30,NFLX,513.39001,-0.001090,-0.003158
89393,2021/03/31,NFLX,521.65997,0.016109,0.003623
89393,2021/04/01,NFLX,539.41998,0.034045,0.011825
89393,2021/04/05,NFLX,540.66998,0.002317,0.014438
89393,2021/04/06,NFLX,544.53003,0.007139,-0.000974
89393,2021/04/07,NFLX,546.98999,0.004518,0.001475
89393,2021/04/08,NFLX,554.58002,0.013876,0.004221
89393,2021/04/09,NFLX,555.31000,0.001316,0.007720
89393,2021/04/12,NFLX,552.78003,-0.004556,-0.000196
89393,2021/04/13,NFLX,553.72998,0.001718,0.003295
89393,2021/04/14,NFLX,540.02002,-0.024759,-0.004088
89393,2021/04/15,NFLX,549.21997,0.017036,0.011094
89393,2021/04/16,NFLX,546.53998,-0.004880,0.003609
89393,2021/04/19,NFLX,554.44000,0.014455,-0.005306
89393,2021/04/20,NFLX,549.57001,-0.008784,-0.006802
89393,2021/04/21,NFLX,508.89999,-0.074003,0.009306
89393,2021/04/22,NFLX,508.78000,-0.000236,-0.009211
89393,2021/04/23,NFLX,505.54999,-0.006349,0.010929
89393,2021/04/26,NFLX,510.29999,0.009396,0.001782
89393,2021/04/27,NFLX,505.54999,-0.009308,-0.000215
89393,2021/04/28,NFLX,506.51999,0.001919,-0.000846
89393,2021/04/29,NFLX,509.00000,0.004896,0.006763
89393,2021/04/30,NFLX,513.46997,0.008782,-0.007195
89393,2021/05/03,NFLX,509.10999,-0.008491,0.002748
89393,2021/05/04,NFLX,503.17999,-0.011648,-0.006678
89393,2021/05/05,NFLX,496.07999,-0.014110,0.000704
89393,2021/05/06,NFLX,499.54999,0.006995,0.008165
89393,2021/05/07,NFLX,503.84000,0.008588,0.007373
89393,2021/05/10,NFLX,486.69000,-0.034039,-0.010436
89393,2021/05/11,NFLX,495.07999,0.017239,-0.008674
89393,2021/05/12,NFLX,484.98001,-0.020401,-0.021449
89393,2021/05/13,NFLX,486.66000,0.003464,0.012173
89393,2021/05/14,NFLX,493.37000,0.013788,0.014918
89393,2021/05/17,NFLX,488.94000,-0.008979,-0.002530
89393,2021/05/18,NFLX,486.28000,-0.005440,-0.008517
89393,2021/05/19,NFLX,487.70001,0.002920,-0.002943
89393,2021/05/20,NFLX,501.67001,0.028645,0.010555
89393,2021/05/21,NFLX,497.89001,-0.007535,-0.000784
89393,2021/05/24,NFLX,502.89999,0.010062,0.009911
89393,2021/05/25,NFLX,501.34000,-0.003102,-0.002125
89393,2021/05/26,NFLX,502.35999,0.002035,0.001877
89393,2021/05/27,NFLX,503.85999,0.002986,0.001165
89393,2021/05/28,NFLX,502.81000,-0.002084,0.000769
89393,2021/06/01,NFLX,499.07999,-0.007418,-0.000492
89393,2021/06/02,NFLX,499.23999,0.000321,0.001447
89393,2021/06/03,NFLX,489.42999,-0.019650,-0.003629
89393,2021/06/04,NFLX,494.73999,0.010849,0.008834
89393,2021/06/07,NFLX,494.66000,-0.000162,-0.000797
89393,2021/06/08,NFLX,492.39001,-0.004589,0.000175
89393,2021/06/09,NFLX,485.81000,-0.013363,-0.001824
89393,2021/06/10,NFLX,487.26999,0.003005,0.004652
89393,2021/06/11,NFLX,488.76999,0.003078,0.001948
89393,2021/06/14,NFLX,499.89001,0.022751,0.001815
89393,2021/06/15,NFLX,491.89999,-0.015984,-0.002012
89393,2021/06/16,NFLX,492.41000,0.001037,-0.005390
89393,2021/06/17,NFLX,498.34000,0.012043,-0.000436
89393,2021/06/18,NFLX,500.76999,0.004876,-0.013125
89393,2021/06/21,NFLX,497.00000,-0.007528,0.014002
89393,2021/06/22,NFLX,508.82001,0.023783,0.005125
89393,2021/06/23,NFLX,512.73999,0.007704,-0.001083
89393,2021/06/24,NFLX,518.06000,0.010376,0.005811
89393,2021/06/25,NFLX,527.07001,0.017392,0.003331
89393,2021/06/28,NFLX,533.03003,0.011308,0.002315
89393,2021/06/29,NFLX,533.50000,0.000882,0.000277
89393,2021/06/30,NFLX,528.21002,-0.009916,0.001328
90248,2020/08/03,DPZ,387.03000,0.001086,0.007181
90248,2020/08/04,DPZ,391.85999,0.012480,0.003612
90248,2020/08/05,DPZ,393.44000,0.004032,0.006430
90248,2020/08/06,DPZ,392.54999,-0.002262,0.006428
90248,2020/08/07,DPZ,389.12000,-0.008738,0.000633
90248,2020/08/10,DPZ,385.92999,-0.008198,0.002742
90248,2020/08/11,DPZ,388.64999,0.007048,-0.007969
90248,2020/08/12,DPZ,392.67001,0.010344,0.013997
90248,2020/08/13,DPZ,399.04001,0.016222,-0.002047
90248,2020/08/14,DPZ,398.98999,-0.000125,-0.000172
90248,2020/08/17,DPZ,409.39001,0.026066,0.002710
90248,2020/08/18,DPZ,411.45001,0.005032,0.002303
90248,2020/08/19,DPZ,414.23001,0.006757,-0.004404
90248,2020/08/20,DPZ,418.32999,0.009898,0.003159
90248,2020/08/21,DPZ,419.70001,0.003275,0.003441
90248,2020/08/24,DPZ,418.98999,-0.001692,0.010044
90248,2020/08/25,DPZ,419.35999,0.000883,0.003596
90248,2020/08/26,DPZ,418.09000,-0.003028,0.010196
90248,2020/08/27,DPZ,416.32001,-0.004234,0.001673
90248,2020/08/28,DPZ,415.98001,-0.000817,0.006733
90248,2020/08/31,DPZ,408.95999,-0.016876,-0.002195
90248,2020/09/01,DPZ,410.14999,0.002910,0.007525
90248,2020/09/02,DPZ,403.60001,-0.015970,0.015366
90248,2020/09/03,DPZ,397.50000,-0.015114,-0.035126
90248,2020/09/04,DPZ,381.81000,-0.039472,-0.008133
90248,2020/09/08,DPZ,376.32001,-0.014379,-0.027756
90248,2020/09/09,DPZ,382.07001,0.015280,0.020145
90248,2020/09/10,DPZ,388.97000,0.018060,-0.017585
90248,2020/09/11,DPZ,394.67999,0.014680,0.000533
90248,2020/09/14,DPZ,388.51999,-0.013631,0.012742
90248,2020/09/15,DPZ,389.51999,0.002574,0.005219
90248,2020/09/16,DPZ,385.98001,-0.009088,-0.004619
90248,2020/09/17,DPZ,395.07001,0.023550,-0.008412
90248,2020/09/18,DPZ,397.59000,0.006379,-0.011183
90248,2020/09/21,DPZ,404.97000,0.018562,-0.011571
90248,2020/09/22,DPZ,413.75000,0.021681,0.010518
90248,2020/09/23,DPZ,413.54001,-0.000508,-0.023721
90248,2020/09/24,DPZ,413.29999,-0.000580,0.002987
90248,2020/09/25,DPZ,418.07999,0.011565,0.015977
90248,2020/09/28,DPZ,421.54001,0.008276,0.016111
90248,2020/09/29,DPZ,423.45999,0.004555,-0.004813
90248,2020/09/30,DPZ,425.28000,0.004298,0.008254
90248,2020/10/01,DPZ,426.98999,0.004021,0.005293
90248,2020/10/02,DPZ,433.78000,0.015902,-0.009572
90248,2020/10/05,DPZ,424.94000,-0.020379,0.017976
90248,2020/10/06,DPZ,427.53000,0.006095,-0.013988
90248,2020/10/07,DPZ,431.04999,0.008233,0.017406
90248,2020/10/08,DPZ,401.01001,-0.069690,0.008007
90248,2020/10/09,DPZ,390.95001,-0.025087,0.008791
90248,2020/10/12,DPZ,392.57999,0.004169,0.016419
90248,2020/10/13,DPZ,407.72000,0.038565,-0.006307
90248,2020/10/14,DPZ,403.20999,-0.011062,-0.006623
90248,2020/10/15,DPZ,401.84000,-0.003398,-0.001528
90248,2020/10/16,DPZ,399.45001,-0.005948,0.000135
90248,2020/10/19,DPZ,394.89001,-0.011416,-0.016330
90248,2020/10/20,DPZ,394.41000,-0.001216,0.004727
90248,2020/10/21,DPZ,389.95001,-0.011308,-0.002196
90248,2020/10/22,DPZ,391.73999,0.004590,0.005219
90248,2020/10/23,DPZ,394.10001,0.006024,0.003446
90248,2020/10/26,DPZ,394.60999,0.001294,-0.018590
90248,2020/10/27,DPZ,397.03000,0.006133,-0.003026
90248,2020/10/28,DPZ,384.00000,-0.032819,-0.035288
90248,2020/10/29,DPZ,386.72000,0.007083,0.011947
90248,2020/10/30,DPZ,378.32001,-0.021721,-0.012130
90248,2020/11/02,DPZ,376.03000,-0.006053,0.012318
90248,2020/11/03,DPZ,383.23999,0.019174,0.017799
90248,2020/11/04,DPZ,392.51999,0.024215,0.022047
90248,2020/11/05,DPZ,396.22000,0.009426,0.019460
90248,2020/11/06,DPZ,399.85001,0.009162,-0.000288
90248,2020/11/09,DPZ,376.54999,-0.058272,0.011700
90248,2020/11/10,DPZ,381.67001,0.013597,-0.001400
90248,2020/11/11,DPZ,394.67001,0.034061,0.007652
90248,2020/11/12,DPZ,390.54999,-0.010439,-0.009979
90248,2020/11/13,DPZ,389.60001,-0.002432,0.013610
90248,2020/11/16,DPZ,384.82001,-0.012269,0.011648
90248,2020/11/17,DPZ,384.47000,-0.000910,-0.004792
90248,2020/11/18,DPZ,382.45999,-0.005228,-0.011564
90248,2020/11/19,DPZ,385.04001,0.006746,0.003946
90248,2020/11/20,DPZ,389.56000,0.011739,-0.006793
90248,2020/11/23,DPZ,387.20999,-0.006032,0.005636
90248,2020/11/24,DPZ,383.13000,-0.010537,0.016162
90248,2020/11/25,DPZ,383.44000,0.000809,-0.001584
90248,2020/11/27,DPZ,390.47000,0.018334,0.002397
90248,2020/11/30,DPZ,392.57001,0.005378,-0.004595
90248,2020/12/01,DPZ,391.75000,-0.002089,0.011271
90248,2020/12/02,DPZ,387.82999,-0.010006,0.001791
90248,2020/12/03,DPZ,383.38000,-0.011474,-0.000624
90248,2020/12/04,DPZ,382.98999,-0.001017,0.008836
90248,2020/12/07,DPZ,384.54999,0.004073,-0.001936
90248,2020/12/08,DPZ,386.69000,0.005565,0.002787
90248,2020/12/09,DPZ,384.97000,-0.004448,-0.007949
90248,2020/12/10,DPZ,386.04999,0.002805,-0.001285
90248,2020/12/11,DPZ,383.37000,-0.006942,-0.001265
90248,2020/12/14,DPZ,383.23001,0.001669,-0.004359
90248,2020/12/15,DPZ,384.67999,0.003784,0.012921
90248,2020/12/16,DPZ,382.51999,-0.005615,0.001773
90248,2020/12/17,DPZ,395.16000,0.033044,0.005758
90248,2020/12/18,DPZ,396.70999,0.003922,-0.003511
90248,2020/12/21,DPZ,397.17999,0.001185,-0.003906
90248,2020/12/22,DPZ,398.72000,0.003877,-0.002073
90248,2020/12/23,DPZ,403.75000,0.012615,0.000746
90248,2020/12/24,DPZ,396.73001,-0.017387,0.003537
90248,2020/12/28,DPZ,400.17999,0.008696,0.008723
90248,2020/12/29,DPZ,384.35999,-0.039532,-0.002227
90248,2020/12/30,DPZ,384.62000,0.000676,0.001342
90248,2020/12/31,DPZ,383.45999,-0.003016,0.006439
90248,2021/01/04,DPZ,379.50000,-0.010327,-0.014755
90248,2021/01/05,DPZ,381.34000,0.004848,0.007083
90248,2021/01/06,DPZ,384.87000,0.009257,0.005710
90248,2021/01/07,DPZ,383.19000,-0.004365,0.014847
90248,2021/01/08,DPZ,388.82999,0.014719,0.005492
90248,2021/01/11,DPZ,390.54001,0.004398,-0.006555
90248,2021/01/12,DPZ,385.50000,-0.012905,0.000416
90248,2021/01/13,DPZ,381.85999,-0.009442,0.002276
90248,2021/01/14,DPZ,373.79999,-0.021107,-0.003753
90248,2021/01/15,DPZ,375.23001,0.003826,-0.007190
90248,2021/01/19,DPZ,372.64999,-0.006876,0.008136
90248,2021/01/20,DPZ,379.00000,0.017040,0.013936
90248,2021/01/21,DPZ,381.12000,0.005594,0.000317
90248,2021/01/22,DPZ,380.37000,-0.001968,-0.003011
90248,2021/01/25,DPZ,378.48999,-0.004943,0.003616
90248,2021/01/26,DPZ,378.84000,0.000925,-0.001489
90248,2021/01/27,DPZ,376.91000,-0.005094,-0.025678
90248,2021/01/28,DPZ,371.60001,-0.014088,0.009761
90248,2021/01/29,DPZ,370.76001,-0.002260,-0.019312
90248,2021/02/01,DPZ,371.42001,0.001780,0.016052
90248,2021/02/02,DPZ,377.22000,0.015616,0.013898
90248,2021/02/03,DPZ,373.32999,-0.010312,0.001009
90248,2021/02/04,DPZ,373.00000,-0.000884,0.010853
90248,2021/02/05,DPZ,377.23001,0.011341,0.003897
90248,2021/02/08,DPZ,380.06000,0.007502,0.007399
90248,2021/02/09,DPZ,382.95999,0.007630,-0.001113
90248,2021/02/10,DPZ,382.06000,-0.002350,-0.000345
90248,2021/02/11,DPZ,385.20001,0.008219,0.001662
90248,2021/02/12,DPZ,385.17001,-0.000078,0.004711
90248,2021/02/16,DPZ,377.92001,-0.018823,-0.000569
90248,2021/02/17,DPZ,376.48999,-0.003784,-0.000320
90248,2021/02/18,DPZ,377.14001,0.001727,-0.004416
90248,2021/02/19,DPZ,371.45999,-0.015061,-0.001855
90248,2021/02/22,DPZ,365.16000,-0.016960,-0.007733
90248,2021/02/23,DPZ,366.73999,0.004327,0.001256
90248,2021/02/24,DPZ,364.59000,-0.005862,0.011352
90248,2021/02/25,DPZ,339.00000,-0.070188,-0.024479
90248,2021/02/26,DPZ,346.51001,0.022153,-0.004750
90248,2021/03/01,DPZ,345.06000,-0.004185,0.023791
90248,2021/03/02,DPZ,343.01001,-0.005941,-0.008081
90248,2021/03/03,DPZ,332.73001,-0.029970,-0.013066
90248,2021/03/04,DPZ,330.53000,-0.006612,-0.013417
90248,2021/03/05,DPZ,330.23999,-0.000877,0.019496
90248,2021/03/08,DPZ,333.51001,0.009902,-0.005359
90248,2021/03/09,DPZ,354.07999,0.061677,0.014155
90248,2021/03/10,DPZ,357.92999,0.010873,0.006030
90248,2021/03/11,DPZ,358.37000,0.001229,0.010395
90248,2021/03/12,DPZ,361.10999,0.010269,0.001015
90248,2021/03/15,DPZ,362.97000,0.005151,0.006492
90248,2021/03/16,DPZ,366.01001,0.008375,-0.001570
90248,2021/03/17,DPZ,363.25000,-0.007541,0.002879
90248,2021/03/18,DPZ,363.82001,0.001569,-0.014761
90248,2021/03/19,DPZ,363.70001,-0.000330,-0.000603
90248,2021/03/22,DPZ,369.32001,0.015452,0.007025
90248,2021/03/23,DPZ,374.42001,0.013809,-0.007631
90248,2021/03/24,DPZ,366.22000,-0.021901,-0.005467
90248,2021/03/25,DPZ,367.60001,0.003768,0.005240
90248,2021/03/26,DPZ,371.84000,0.011534,0.016631
90248,2021/03/29,DPZ,372.07999,0.000645,-0.000868
90248,2021/03/30,DPZ,368.13000,-0.010616,-0.003158
90248,2021/03/31,DPZ,367.79001,-0.000924,0.003623
90248,2021/04/01,DPZ,373.38000,0.015199,0.011825
90248,2021/04/05,DPZ,371.64001,-0.004660,0.014438
90248,2021/04/06,DPZ,380.67999,0.024325,-0.000974
90248,2021/04/07,DPZ,382.29999,0.004256,0.001475
90248,2021/04/08,DPZ,383.92001,0.004238,0.004221
90248,2021/04/09,DPZ,390.35001,0.016748,0.007720
90248,2021/04/12,DPZ,390.62000,0.000692,-0.000196
90248,2021/04/13,DPZ,394.92999,0.011034,0.003295
90248,2021/04/14,DPZ,390.64001,-0.010863,-0.004088
90248,2021/04/15,DPZ,392.98999,0.006016,0.011094
90248,2021/04/16,DPZ,394.82999,0.004682,0.003609
90248,2021/04/19,DPZ,397.95999,0.007927,-0.005306
90248,2021/04/20,DPZ,398.04999,0.000226,-0.006802
90248,2021/04/21,DPZ,394.79999,-0.008165,0.009306
90248,2021/04/22,DPZ,398.76001,0.010030,-0.009211
90248,2021/04/23,DPZ,397.70999,-0.002633,0.010929
90248,2021/04/26,DPZ,400.20999,0.006286,0.001782
90248,2021/04/27,DPZ,401.03000,0.002049,-0.000215
90248,2021/04/28,DPZ,403.95001,0.007281,-0.000846
90248,2021/04/29,DPZ,415.98001,0.029781,0.006763
90248,2021/04/30,DPZ,422.34000,0.015289,-0.007195
90248,2021/05/03,DPZ,433.59000,0.026637,0.002748
90248,2021/05/04,DPZ,433.98999,0.000923,-0.006678
90248,2021/05/05,DPZ,431.89001,-0.004839,0.000704
90248,2021/05/06,DPZ,430.03000,-0.004307,0.008165
90248,2021/05/07,DPZ,432.47000,0.005674,0.007373
90248,2021/05/10,DPZ,431.07001,-0.003237,-0.010436
90248,2021/05/11,DPZ,422.34000,-0.020252,-0.008674
90248,2021/05/12,DPZ,425.44000,0.007340,-0.021449
90248,2021/05/13,DPZ,422.39999,-0.007146,0.012173
90248,2021/05/14,DPZ,427.29001,0.011577,0.014918
90248,2021/05/17,DPZ,432.85999,0.013036,-0.002530
90248,2021/05/18,DPZ,432.85999,0.000000,-0.008517
90248,2021/05/19,DPZ,431.95001,-0.002102,-0.002943
90248,2021/05/20,DPZ,428.94000,-0.006968,0.010555
90248,2021/05/21,DPZ,427.64999,-0.003007,-0.000784
90248,2021/05/24,DPZ,420.89999,-0.015784,0.009911
90248,2021/05/25,DPZ,421.04001,0.000333,-0.002125
90248,2021/05/26,DPZ,420.69000,-0.000831,0.001877
90248,2021/05/27,DPZ,423.97000,0.007797,0.001165
90248,2021/05/28,DPZ,426.87000,0.006840,0.000769
90248,2021/06/01,DPZ,423.00000,-0.009066,-0.000492
90248,2021/06/02,DPZ,426.20001,0.007565,0.001447
90248,2021/06/03,DPZ,425.12000,-0.002534,-0.003629
90248,2021/06/04,DPZ,431.14001,0.014161,0.008834
90248,2021/06/07,DPZ,437.92001,0.015726,-0.000797
90248,2021/06/08,DPZ,443.35999,0.012422,0.000175
90248,2021/06/09,DPZ,442.70999,-0.001466,-0.001824
90248,2021/06/10,DPZ,448.42999,0.012920,0.004652
90248,2021/06/11,DPZ,452.95999,0.010102,0.001948
90248,2021/06/14,DPZ,448.16000,-0.008522,0.001815
90248,2021/06/15,DPZ,445.76001,-0.005355,-0.002012
90248,2021/06/16,DPZ,447.59000,0.004105,-0.005390
90248,2021/06/17,DPZ,457.20001,0.021471,-0.000436
90248,2021/06/18,DPZ,460.19000,0.006540,-0.013125
90248,2021/06/21,DPZ,459.45999,-0.001586,0.014002
90248,2021/06/22,DPZ,459.82001,0.000784,0.005125
90248,2021/06/23,DPZ,456.75000,-0.006677,-0.001083
90248,2021/06/24,DPZ,459.81000,0.006700,0.005811
90248,2021/06/25,DPZ,457.98001,-0.003980,0.003331
90248,2021/06/28,DPZ,463.53000,0.012118,0.002315
90248,2021/06/29,DPZ,463.45001,-0.000173,0.000277
90248,2021/06/30,DPZ,466.48999,0.006559,0.001328
91611,2020/08/03,FSLR,60.84000,0.021662,0.007181
91611,2020/08/04,FSLR,64.04000,0.052597,0.003612
91611,2020/08/05,FSLR,65.73000,0.026390,0.006430
91611,2020/08/06,FSLR,64.46000,-0.019322,0.006428
91611,2020/08/07,FSLR,72.93000,0.131399,0.000633
91611,2020/08/10,FSLR,72.50000,-0.005896,0.002742
91611,2020/08/11,FSLR,70.19000,-0.031862,-0.007969
91611,2020/08/12,FSLR,73.53000,0.047585,0.013997
91611,2020/08/13,FSLR,75.71000,0.029648,-0.002047
91611,2020/08/14,FSLR,74.31000,-0.018492,-0.000172
91611,2020/08/17,FSLR,73.61000,-0.009420,0.002710
91611,2020/08/18,FSLR,74.41000,0.010868,0.002303
91611,2020/08/19,FSLR,75.85000,0.019352,-0.004404
91611,2020/08/20,FSLR,73.66000,-0.028873,0.003159
91611,2020/08/21,FSLR,74.10000,0.005973,0.003441
91611,2020/08/24,FSLR,76.52000,0.032659,0.010044
91611,2020/08/25,FSLR,77.37000,0.011108,0.003596
91611,2020/08/26,FSLR,78.19000,0.010598,0.010196
91611,2020/08/27,FSLR,77.61000,-0.007418,0.001673
91611,2020/08/28,FSLR,80.00000,0.030795,0.006733
91611,2020/08/31,FSLR,76.59000,-0.042625,-0.002195
91611,2020/09/01,FSLR,78.42000,0.023893,0.007525
91611,2020/09/02,FSLR,77.45000,-0.012369,0.015366
91611,2020/09/03,FSLR,72.50000,-0.063912,-0.035126
91611,2020/09/04,FSLR,72.06000,-0.006069,-0.008133
91611,2020/09/08,FSLR,69.37000,-0.037330,-0.027756
91611,2020/09/09,FSLR,71.70000,0.033588,0.020145
91611,2020/09/10,FSLR,69.89000,-0.025244,-0.017585
91611,2020/09/11,FSLR,69.91000,0.000286,0.000533
91611,2020/09/14,FSLR,71.46000,0.022171,0.012742
91611,2020/09/15,FSLR,72.89000,0.020011,0.005219
91611,2020/09/16,FSLR,71.96000,-0.012759,-0.004619
91611,2020/09/17,FSLR,64.00000,-0.110617,-0.008412
91611,2020/09/18,FSLR,61.75000,-0.035156,-0.011183
91611,2020/09/21,FSLR,61.67000,-0.001296,-0.011571
91611,2020/09/22,FSLR,61.55000,-0.001946,0.010518
91611,2020/09/23,FSLR,62.02000,0.007636,-0.023721
91611,2020/09/24,FSLR,61.30000,-0.011609,0.002987
91611,2020/09/25,FSLR,63.05000,0.028548,0.015977
91611,2020/09/28,FSLR,65.37000,0.036796,0.016111
91611,2020/09/29,FSLR,65.76000,0.005966,-0.004813
91611,2020/09/30,FSLR,66.20000,0.006691,0.008254
91611,2020/10/01,FSLR,68.57000,0.035801,0.005293
91611,2020/10/02,FSLR,67.24000,-0.019396,-0.009572
91611,2020/10/05,FSLR,71.50000,0.063355,0.017976
91611,2020/10/06,FSLR,73.44000,0.027133,-0.013988
91611,2020/10/07,FSLR,78.71000,0.071759,0.017406
91611,2020/10/08,FSLR,77.12000,-0.020201,0.008007
91611,2020/10/09,FSLR,78.81000,0.021914,0.008791
91611,2020/10/12,FSLR,79.31000,0.006344,0.016419
91611,2020/10/13,FSLR,82.93000,0.045644,-0.006307
91611,2020/10/14,FSLR,83.72000,0.009526,-0.006623
91611,2020/10/15,FSLR,82.28000,-0.017200,-0.001528
91611,2020/10/16,FSLR,84.18000,0.023092,0.000135
91611,2020/10/19,FSLR,83.43000,-0.008909,-0.016330
91611,2020/10/20,FSLR,84.30000,0.010428,0.004727
91611,2020/10/21,FSLR,81.60000,-0.032029,-0.002196
91611,2020/10/22,FSLR,82.65000,0.012868,0.005219
91611,2020/10/23,FSLR,85.37000,0.032910,0.003446
91611,2020/10/26,FSLR,83.75000,-0.018976,-0.018590
91611,2020/10/27,FSLR,82.39000,-0.016239,-0.003026
91611,2020/10/28,FSLR,93.31000,0.132540,-0.035288
91611,2020/10/29,FSLR,87.46000,-0.062694,0.011947
91611,2020/10/30,FSLR,87.04500,-0.004745,-0.012130
91611,2020/11/02,FSLR,88.89000,0.021196,0.012318
91611,2020/11/03,FSLR,87.24000,-0.018562,0.017799
91611,2020/11/04,FSLR,79.78000,-0.085511,0.022047
91611,2020/11/05,FSLR,86.90000,0.089245,0.019460
91611,2020/11/06,FSLR,88.27000,0.015765,-0.000288
91611,2020/11/09,FSLR,86.11000,-0.024470,0.011700
91611,2020/11/10,FSLR,80.75000,-0.062246,-0.001400
91611,2020/11/11,FSLR,84.20000,0.042724,0.007652
91611,2020/11/12,FSLR,81.40000,-0.033254,-0.009979
91611,2020/11/13,FSLR,79.95000,-0.017813,0.013610
91611,2020/11/16,FSLR,80.21000,0.003252,0.011648
91611,2020/11/17,FSLR,81.48000,0.015833,-0.004792
91611,2020/11/18,FSLR,81.99000,0.006259,-0.011564
91611,2020/11/19,FSLR,84.06000,0.025247,0.003946
91611,2020/11/20,FSLR,84.69000,0.007495,-0.006793
91611,2020/11/23,FSLR,86.92000,0.026331,0.005636
91611,2020/11/24,FSLR,90.41000,0.040152,0.016162
91611,2020/11/25,FSLR,92.45000,0.022564,-0.001584
91611,2020/11/27,FSLR,94.70000,0.024337,0.002397
91611,2020/11/30,FSLR,93.43000,-0.013411,-0.004595
91611,2020/12/01,FSLR,91.06000,-0.025367,0.011271
91611,2020/12/02,FSLR,90.49000,-0.006260,0.001791
91611,2020/12/03,FSLR,88.92000,-0.017350,-0.000624
91611,2020/12/04,FSLR,89.26000,0.003824,0.008836
91611,2020/12/07,FSLR,88.75000,-0.005714,-0.001936
91611,2020/12/08,FSLR,89.89000,0.012845,0.002787
91611,2020/12/09,FSLR,86.22000,-0.040828,-0.007949
91611,2020/12/10,FSLR,86.54000,0.003711,-0.001285
91611,2020/12/11,FSLR,86.37000,-0.001964,-0.001265
91611,2020/12/14,FSLR,86.59000,0.002547,-0.004359
91611,2020/12/15,FSLR,91.26000,0.053932,0.012921
91611,2020/12/16,FSLR,91.77000,0.005588,0.001773
91611,2020/12/17,FSLR,92.32000,0.005993,0.005758
91611,2020/12/18,FSLR,93.59000,0.013756,-0.003511
91611,2020/12/21,FSLR,96.41000,0.030132,-0.003906
91611,2020/12/22,FSLR,105.16000,0.090758,-0.002073
91611,2020/12/23,FSLR,101.83000,-0.031666,0.000746
91611,2020/12/24,FSLR,102.40000,0.005598,0.003537
91611,2020/12/28,FSLR,101.19000,-0.011816,0.008723
91611,2020/12/29,FSLR,96.98000,-0.041605,-0.002227
91611,2020/12/30,FSLR,100.34000,0.034646,0.001342
91611,2020/12/31,FSLR,98.92000,-0.014152,0.006439
91611,2021/01/04,FSLR,101.24000,0.023453,-0.014755
91611,2021/01/05,FSLR,92.16000,-0.089688,0.007083
91611,2021/01/06,FSLR,99.69000,0.081706,0.005710
91611,2021/01/07,FSLR,105.50000,0.058281,0.014847
91611,2021/01/08,FSLR,104.10000,-0.013270,0.005492
91611,2021/01/11,FSLR,103.76000,-0.003266,-0.006555
91611,2021/01/12,FSLR,104.32000,0.005397,0.000416
91611,2021/01/13,FSLR,104.18000,-0.001342,0.002276
91611,2021/01/14,FSLR,106.04000,0.017854,-0.003753
91611,2021/01/15,FSLR,96.58000,-0.089212,-0.007190
91611,2021/01/19,FSLR,100.24000,0.037896,0.008136
91611,2021/01/20,FSLR,101.75000,0.015064,0.013936
91611,2021/01/21,FSLR,107.53000,0.056806,0.000317
91611,2021/01/22,FSLR,106.67000,-0.007998,-0.003011
91611,2021/01/25,FSLR,104.94000,-0.016218,0.003616
91611,2021/01/26,FSLR,104.69000,-0.002382,-0.001489
91611,2021/01/27,FSLR,102.81000,-0.017958,-0.025678
91611,2021/01/28,FSLR,105.10000,0.022274,0.009761
91611,2021/01/29,FSLR,99.15000,-0.056613,-0.019312
91611,2021/02/01,FSLR,98.31000,-0.008472,0.016052
91611,2021/02/02,FSLR,97.29000,-0.010375,0.013898
91611,2021/02/03,FSLR,98.94000,0.016960,0.001009
91611,2021/02/04,FSLR,98.59000,-0.003538,0.010853
91611,2021/02/05,FSLR,97.40000,-0.012070,0.003897
91611,2021/02/08,FSLR,100.33000,0.030082,0.007399
91611,2021/02/09,FSLR,101.85000,0.015150,-0.001113
91611,2021/02/10,FSLR,99.88000,-0.019342,-0.000345
91611,2021/02/11,FSLR,99.59000,-0.002903,0.001662
91611,2021/02/12,FSLR,100.75000,0.011648,0.004711
91611,2021/02/16,FSLR,98.71000,-0.020248,-0.000569
91611,2021/02/17,FSLR,95.84000,-0.029075,-0.000320
91611,2021/02/18,FSLR,91.38000,-0.046536,-0.004416
91611,2021/02/19,FSLR,90.96000,-0.004596,-0.001855
91611,2021/02/22,FSLR,86.61000,-0.047823,-0.007733
91611,2021/02/23,FSLR,86.97000,0.004157,0.001256
91611,2021/02/24,FSLR,88.03000,0.012188,0.011352
91611,2021/02/25,FSLR,81.40000,-0.075315,-0.024479
91611,2021/02/26,FSLR,81.02000,-0.004668,-0.004750
91611,2021/03/01,FSLR,84.89000,0.047766,0.023791
91611,2021/03/02,FSLR,83.19000,-0.020026,-0.008081
91611,2021/03/03,FSLR,78.88000,-0.051809,-0.013066
91611,2021/03/04,FSLR,75.36000,-0.044625,-0.013417
91611,2021/03/05,FSLR,73.70000,-0.022028,0.019496
91611,2021/03/08,FSLR,71.45000,-0.030529,-0.005359
91611,2021/03/09,FSLR,76.67000,0.073058,0.014155
91611,2021/03/10,FSLR,75.72000,-0.012391,0.006030
91611,2021/03/11,FSLR,81.02000,0.069995,0.010395
91611,2021/03/12,FSLR,81.95000,0.011479,0.001015
91611,2021/03/15,FSLR,82.53000,0.007078,0.006492
91611,2021/03/16,FSLR,82.46000,-0.000848,-0.001570
91611,2021/03/17,FSLR,80.14000,-0.028135,0.002879
91611,2021/03/18,FSLR,77.61000,-0.031570,-0.014761
91611,2021/03/19,FSLR,79.97000,0.030408,-0.000603
91611,2021/03/22,FSLR,81.83000,0.023259,0.007025
91611,2021/03/23,FSLR,80.52000,-0.016009,-0.007631
91611,2021/03/24,FSLR,80.72000,0.002484,-0.005467
91611,2021/03/25,FSLR,80.73000,0.000124,0.005240
91611,2021/03/26,FSLR,85.69000,0.061439,0.016631
91611,2021/03/29,FSLR,81.61000,-0.047614,-0.000868
91611,2021/03/30,FSLR,86.53000,0.060287,-0.003158
91611,2021/03/31,FSLR,87.30000,0.008899,0.003623
91611,2021/04/01,FSLR,86.15000,-0.013173,0.011825
91611,2021/04/05,FSLR,83.12000,-0.035171,0.014438
91611,2021/04/06,FSLR,84.21000,0.013114,-0.000974
91611,2021/04/07,FSLR,81.00000,-0.038119,0.001475
91611,2021/04/08,FSLR,81.19000,0.002346,0.004221
91611,2021/04/09,FSLR,79.61000,-0.019461,0.007720
91611,2021/04/12,FSLR,78.75000,-0.010803,-0.000196
91611,2021/04/13,FSLR,78.99000,0.003048,0.003295
91611,2021/04/14,FSLR,78.57000,-0.005317,-0.004088
91611,2021/04/15,FSLR,77.17000,-0.017819,0.011094
91611,2021/04/16,FSLR,80.14000,0.038486,0.003609
91611,2021/04/19,FSLR,80.21000,0.000873,-0.005306
91611,2021/04/20,FSLR,79.36000,-0.010597,-0.006802
91611,2021/04/21,FSLR,83.65000,0.054057,0.009306
91611,2021/04/22,FSLR,87.15000,0.041841,-0.009211
91611,2021/04/23,FSLR,88.56000,0.016179,0.010929
91611,2021/04/26,FSLR,89.79000,0.013889,0.001782
91611,2021/04/27,FSLR,89.69000,-0.001114,-0.000215
91611,2021/04/28,FSLR,88.70000,-0.011038,-0.000846
91611,2021/04/29,FSLR,87.29000,-0.015896,0.006763
91611,2021/04/30,FSLR,76.53000,-0.123267,-0.007195
91611,2021/05/03,FSLR,75.77000,-0.009931,0.002748
91611,2021/05/04,FSLR,73.82000,-0.025736,-0.006678
91611,2021/05/05,FSLR,74.39000,0.007721,0.000704
91611,2021/05/06,FSLR,73.63000,-0.010216,0.008165
91611,2021/05/07,FSLR,74.62000,0.013446,0.007373
91611,2021/05/10,FSLR,72.19000,-0.032565,-0.010436
91611,2021/05/11,FSLR,71.89000,-0.004156,-0.008674
91611,2021/05/12,FSLR,69.73000,-0.030046,-0.021449
91611,2021/05/13,FSLR,69.57000,-0.002295,0.012173
91611,2021/05/14,FSLR,72.58000,0.043266,0.014918
91611,2021/05/17,FSLR,71.55000,-0.014191,-0.002530
91611,2021/05/18,FSLR,72.39000,0.011740,-0.008517
91611,2021/05/19,FSLR,74.24000,0.025556,-0.002943
91611,2021/05/20,FSLR,76.64000,0.032328,0.010555
91611,2021/05/21,FSLR,75.93000,-0.009264,-0.000784
91611,2021/05/24,FSLR,75.38000,-0.007244,0.009911
91611,2021/05/25,FSLR,74.80000,-0.007694,-0.002125
91611,2021/05/26,FSLR,77.53000,0.036497,0.001877
91611,2021/05/27,FSLR,76.93000,-0.007739,0.001165
91611,2021/05/28,FSLR,76.11000,-0.010659,0.000769
91611,2021/06/01,FSLR,76.88000,0.010117,-0.000492
91611,2021/06/02,FSLR,76.96000,0.001041,0.001447
91611,2021/06/03,FSLR,75.37000,-0.020660,-0.003629
91611,2021/06/04,FSLR,75.84000,0.006236,0.008834
91611,2021/06/07,FSLR,75.01000,-0.010944,-0.000797
91611,2021/06/08,FSLR,75.96000,0.012665,0.000175
91611,2021/06/09,FSLR,76.81000,0.011190,-0.001824
91611,2021/06/10,FSLR,80.40000,0.046739,0.004652
91611,2021/06/11,FSLR,79.59000,-0.010075,0.001948
91611,2021/06/14,FSLR,78.61000,-0.012313,0.001815
91611,2021/06/15,FSLR,76.17000,-0.031039,-0.002012
91611,2021/06/16,FSLR,77.40000,0.016148,-0.005390
91611,2021/06/17,FSLR,78.53000,0.014599,-0.000436
91611,2021/06/18,FSLR,76.97000,-0.019865,-0.013125
91611,2021/06/21,FSLR,78.19000,0.015850,0.014002
91611,2021/06/22,FSLR,78.38000,0.002430,0.005125
91611,2021/06/23,FSLR,80.19000,0.023093,-0.001083
91611,2021/06/24,FSLR,84.51000,0.053872,0.005811
91611,2021/06/25,FSLR,87.87000,0.039759,0.003331
91611,2021/06/28,FSLR,92.71000,0.055081,0.002315
91611,2021/06/29,FSLR,92.67000,-0.000431,0.000277
91611,2021/06/30,FSLR,90.51000,-0.023308,0.001328
