"Markettype","Trdmnt","Cmretmdos"
"5","2005-12","0.050636"
"10","2005-12","0.013669"
"15","2005-12","0.048448"
"21","2005-12","0.050636"
"31","2005-12","0.048448"
"63","2005-12","0.048448"
"37","2005-12","0.050636"
"47","2005-12","0.048448"
"53","2005-12","0.050636"
"69","2005-12","0.050636"
"79","2005-12","0.048448"
"85","2005-12","0.050636"
"95","2005-12","0.048448"
"101","2005-12","0.050636"
"111","2005-12","0.048448"
"117","2005-12","0.050636"
"127","2005-12","0.048448"
"33","2005-12","0.047569"
"20","2005-12","0.056489"
"5","2006-01","0.095758"
"10","2006-01","0.315882"
"15","2006-01","0.108479"
"21","2006-01","0.095758"
"31","2006-01","0.108479"
"63","2006-01","0.108479"
"37","2006-01","0.095758"
"47","2006-01","0.108479"
"53","2006-01","0.095758"
"69","2006-01","0.095758"
"79","2006-01","0.108479"
"85","2006-01","0.095758"
"95","2006-01","0.108479"
"101","2006-01","0.095758"
"111","2006-01","0.108479"
"117","2006-01","0.095758"
"127","2006-01","0.108479"
"33","2006-01","0.090162"
"20","2006-01","0.106445"
"5","2006-02","0.034513"
"10","2006-02","0.007325"
"15","2006-02","0.032635"
"21","2006-02","0.034513"
"31","2006-02","0.032635"
"63","2006-02","0.032635"
"37","2006-02","0.034513"
"47","2006-02","0.032635"
"53","2006-02","0.034513"
"69","2006-02","0.034513"
"79","2006-02","0.032635"
"85","2006-02","0.034513"
"95","2006-02","0.032635"
"101","2006-02","0.034513"
"111","2006-02","0.032635"
"117","2006-02","0.034513"
"127","2006-02","0.032635"
"33","2006-02","0.031884"
"20","2006-02","0.039571"
"5","2006-03","0.017107"
"10","2006-03","0.041891"
"15","2006-03","0.018780"
"21","2006-03","0.017107"
"31","2006-03","0.018780"
"63","2006-03","0.018780"
"37","2006-03","0.017107"
"47","2006-03","0.018780"
"53","2006-03","0.017107"
"69","2006-03","0.017107"
"79","2006-03","0.018780"
"85","2006-03","0.017107"
"95","2006-03","0.018780"
"101","2006-03","0.017107"
"111","2006-03","0.018780"
"117","2006-03","0.017107"
"127","2006-03","0.018780"
"33","2006-03","0.010566"
"20","2006-03","0.029136"
"5","2006-04","0.119175"
"10","2006-04","0.058993"
"15","2006-04","0.115037"
"21","2006-04","0.119175"
"31","2006-04","0.115037"
"63","2006-04","0.115037"
"37","2006-04","0.119175"
"47","2006-04","0.115037"
"53","2006-04","0.119175"
"69","2006-04","0.119175"
"79","2006-04","0.115037"
"85","2006-04","0.119175"
"95","2006-04","0.115037"
"101","2006-04","0.119175"
"111","2006-04","0.115037"
"117","2006-04","0.119175"
"127","2006-04","0.115037"
"33","2006-04","0.123206"
"20","2006-04","0.111885"
"5","2006-05","0.220444"
"10","2006-05","0.096299"
"15","2006-05","0.212263"
"21","2006-05","0.220444"
"31","2006-05","0.212263"
"63","2006-05","0.212263"
"37","2006-05","0.220444"
"47","2006-05","0.212263"
"53","2006-05","0.220444"
"69","2006-05","0.220444"
"79","2006-05","0.212263"
"85","2006-05","0.220444"
"95","2006-05","0.212263"
"101","2006-05","0.220444"
"111","2006-05","0.212263"
"117","2006-05","0.220444"
"127","2006-05","0.212263"
"33","2006-05","0.222632"
"20","2006-05","0.216383"
"5","2006-06","0.044825"
"10","2006-06","-0.017041"
"15","2006-06","0.041217"
"21","2006-06","0.044825"
"31","2006-06","0.041217"
"63","2006-06","0.041217"
"37","2006-06","0.044825"
"47","2006-06","0.041217"
"53","2006-06","0.044825"
"69","2006-06","0.044825"
"79","2006-06","0.041217"
"85","2006-06","0.044825"
"95","2006-06","0.041217"
"101","2006-06","0.044825"
"111","2006-06","0.041217"
"117","2006-06","0.044825"
"127","2006-06","0.041217"
"33","2006-06","0.041656"
"20","2006-06","0.050739"
"5","2006-07","-0.053896"
"10","2006-07","-0.004504"
"15","2006-07","-0.051207"
"21","2006-07","-0.053896"
"31","2006-07","-0.051207"
"63","2006-07","-0.051207"
"37","2006-07","-0.053896"
"47","2006-07","-0.051207"
"53","2006-07","-0.053896"
"69","2006-07","-0.053896"
"79","2006-07","-0.051207"
"85","2006-07","-0.053896"
"95","2006-07","-0.051207"
"101","2006-07","-0.053896"
"111","2006-07","-0.051207"
"117","2006-07","-0.053896"
"127","2006-07","-0.051207"
"33","2006-07","-0.051886"
"20","2006-07","-0.057593"
"10","2006-08","0.022538"
"5","2006-08","0.037628"
"15","2006-08","0.036792"
"21","2006-08","0.037628"
"31","2006-08","0.036792"
"63","2006-08","0.036792"
"37","2006-08","0.037628"
"47","2006-08","0.036792"
"53","2006-08","0.037628"
"69","2006-08","0.037628"
"79","2006-08","0.036792"
"85","2006-08","0.037628"
"95","2006-08","0.036792"
"101","2006-08","0.037628"
"111","2006-08","0.036792"
"117","2006-08","0.037628"
"127","2006-08","0.036792"
"33","2006-08","0.036322"
"20","2006-08","0.040088"
"10","2006-09","0.129559"
"5","2006-09","0.050158"
"15","2006-09","0.054323"
"21","2006-09","0.050158"
"31","2006-09","0.054323"
"63","2006-09","0.054323"
"37","2006-09","0.050158"
"47","2006-09","0.054323"
"53","2006-09","0.050158"
"69","2006-09","0.050158"
"79","2006-09","0.054323"
"85","2006-09","0.050158"
"95","2006-09","0.054323"
"101","2006-09","0.050158"
"111","2006-09","0.054323"
"117","2006-09","0.050158"
"127","2006-09","0.054323"
"33","2006-09","0.054410"
"20","2006-09","0.041902"
"10","2006-10","0.027166"
"5","2006-10","0.019226"
"15","2006-10","0.019668"
"21","2006-10","0.019226"
"31","2006-10","0.019668"
"63","2006-10","0.019668"
"37","2006-10","0.019226"
"47","2006-10","0.019668"
"53","2006-10","0.019226"
"69","2006-10","0.019226"
"79","2006-10","0.019668"
"85","2006-10","0.019226"
"95","2006-10","0.019668"
"101","2006-10","0.019226"
"111","2006-10","0.019668"
"117","2006-10","0.019226"
"127","2006-10","0.019668"
"33","2006-10","0.020526"
"20","2006-10","0.016702"
"10","2006-11","0.112985"
"5","2006-11","0.122266"
"15","2006-11","0.121764"
"21","2006-11","0.122266"
"31","2006-11","0.121764"
"63","2006-11","0.121764"
"37","2006-11","0.122266"
"47","2006-11","0.121764"
"53","2006-11","0.122266"
"69","2006-11","0.122266"
"79","2006-11","0.121764"
"85","2006-11","0.122266"
"95","2006-11","0.121764"
"101","2006-11","0.122266"
"111","2006-11","0.121764"
"117","2006-11","0.122266"
"127","2006-11","0.121764"
"33","2006-11","0.123114"
"20","2006-11","0.120548"
"10","2006-12","0.131023"
"5","2006-12","0.145180"
"15","2006-12","0.144427"
"21","2006-12","0.145180"
"31","2006-12","0.144427"
"63","2006-12","0.144427"
"37","2006-12","0.145180"
"47","2006-12","0.144427"
"53","2006-12","0.145180"
"69","2006-12","0.145180"
"79","2006-12","0.144427"
"85","2006-12","0.145180"
"95","2006-12","0.144427"
"101","2006-12","0.145180"
"111","2006-12","0.144427"
"117","2006-12","0.145180"
"127","2006-12","0.144427"
"33","2006-12","0.158473"
"20","2006-12","0.118388"
"10","2007-01","0.126453"
"5","2007-01","0.194284"
"15","2007-01","0.190784"
"21","2007-01","0.194284"
"31","2007-01","0.190784"
"63","2007-01","0.190784"
"37","2007-01","0.194284"
"47","2007-01","0.190784"
"53","2007-01","0.194284"
"69","2007-01","0.194284"
"79","2007-01","0.190784"
"85","2007-01","0.194284"
"95","2007-01","0.190784"
"101","2007-01","0.194284"
"111","2007-01","0.190784"
"117","2007-01","0.194284"
"127","2007-01","0.190784"
"33","2007-01","0.191977"
"20","2007-01","0.199118"
"10","2007-02","0.090065"
"5","2007-02","0.106152"
"15","2007-02","0.105389"
"21","2007-02","0.106152"
"31","2007-02","0.105389"
"63","2007-02","0.105389"
"37","2007-02","0.106152"
"47","2007-02","0.105389"
"53","2007-02","0.106152"
"69","2007-02","0.106152"
"79","2007-02","0.105389"
"85","2007-02","0.106152"
"95","2007-02","0.105389"
"101","2007-02","0.106152"
"111","2007-02","0.105389"
"117","2007-02","0.106152"
"127","2007-02","0.105389"
"33","2007-02","0.092254"
"20","2007-02","0.135782"
"10","2007-03","0.031342"
"5","2007-03","0.126416"
"15","2007-03","0.122061"
"21","2007-03","0.126416"
"31","2007-03","0.122061"
"63","2007-03","0.122061"
"37","2007-03","0.126416"
"47","2007-03","0.122061"
"53","2007-03","0.126416"
"69","2007-03","0.126416"
"79","2007-03","0.122061"
"85","2007-03","0.126416"
"95","2007-03","0.122061"
"101","2007-03","0.126416"
"111","2007-03","0.122061"
"117","2007-03","0.126416"
"127","2007-03","0.122061"
"33","2007-03","0.121242"
"20","2007-03","0.137034"
"10","2007-04","0.238480"
"5","2007-04","0.298289"
"15","2007-04","0.295837"
"21","2007-04","0.298289"
"31","2007-04","0.295837"
"63","2007-04","0.295837"
"37","2007-04","0.298289"
"47","2007-04","0.295837"
"53","2007-04","0.298289"
"69","2007-04","0.298289"
"79","2007-04","0.295837"
"85","2007-04","0.298289"
"95","2007-04","0.295837"
"101","2007-04","0.298289"
"111","2007-04","0.295837"
"117","2007-04","0.298289"
"127","2007-04","0.295837"
"33","2007-04","0.292417"
"20","2007-04","0.310380"
"10","2007-05","0.194651"
"5","2007-05","0.102381"
"15","2007-05","0.105869"
"21","2007-05","0.102381"
"31","2007-05","0.105869"
"63","2007-05","0.105869"
"37","2007-05","0.102381"
"47","2007-05","0.105869"
"53","2007-05","0.102381"
"69","2007-05","0.102381"
"79","2007-05","0.105869"
"85","2007-05","0.102381"
"95","2007-05","0.105869"
"101","2007-05","0.102381"
"111","2007-05","0.105869"
"117","2007-05","0.102381"
"127","2007-05","0.105869"
"33","2007-05","0.084682"
"20","2007-05","0.139523"
"10","2007-06","-0.070195"
"5","2007-06","-0.082051"
"15","2007-06","-0.081586"
"21","2007-06","-0.082051"
"31","2007-06","-0.081586"
"63","2007-06","-0.081586"
"37","2007-06","-0.082051"
"47","2007-06","-0.081586"
"53","2007-06","-0.082051"
"69","2007-06","-0.082051"
"79","2007-06","-0.081586"
"85","2007-06","-0.082051"
"95","2007-06","-0.081586"
"101","2007-06","-0.082051"
"111","2007-06","-0.081586"
"117","2007-06","-0.082051"
"127","2007-06","-0.081586"
"33","2007-06","-0.080895"
"20","2007-06","-0.084414"
"10","2007-07","0.224107"
"5","2007-07","0.196137"
"15","2007-07","0.197203"
"21","2007-07","0.196137"
"31","2007-07","0.197203"
"63","2007-07","0.197203"
"37","2007-07","0.196137"
"47","2007-07","0.197203"
"53","2007-07","0.196137"
"69","2007-07","0.196137"
"79","2007-07","0.197203"
"85","2007-07","0.196137"
"95","2007-07","0.197203"
"101","2007-07","0.196137"
"111","2007-07","0.197203"
"117","2007-07","0.196137"
"127","2007-07","0.197203"
"33","2007-07","0.190616"
"20","2007-07","0.207637"
"10","2007-08","-0.029701"
"5","2007-08","0.160224"
"15","2007-08","0.152996"
"21","2007-08","0.160224"
"31","2007-08","0.152996"
"63","2007-08","0.152996"
"37","2007-08","0.160224"
"47","2007-08","0.152996"
"53","2007-08","0.160224"
"69","2007-08","0.160224"
"79","2007-08","0.152996"
"85","2007-08","0.160224"
"95","2007-08","0.152996"
"101","2007-08","0.160224"
"111","2007-08","0.152996"
"117","2007-08","0.160224"
"127","2007-08","0.152996"
"33","2007-08","0.167206"
"20","2007-08","0.146046"
"10","2007-09","0.092762"
"5","2007-09","0.050092"
"15","2007-09","0.051423"
"21","2007-09","0.050092"
"31","2007-09","0.051423"
"63","2007-09","0.051423"
"37","2007-09","0.050092"
"47","2007-09","0.051423"
"53","2007-09","0.050092"
"69","2007-09","0.050092"
"79","2007-09","0.051423"
"85","2007-09","0.050092"
"95","2007-09","0.051423"
"101","2007-09","0.050092"
"111","2007-09","0.051423"
"117","2007-09","0.050092"
"127","2007-09","0.051423"
"33","2007-09","0.050483"
"20","2007-09","0.049285"
"10","2007-10","0.037486"
"5","2007-10","-0.016818"
"15","2007-10","-0.015103"
"21","2007-10","-0.016818"
"31","2007-10","-0.015103"
"63","2007-10","-0.015103"
"37","2007-10","-0.016818"
"47","2007-10","-0.015103"
"53","2007-10","-0.016818"
"69","2007-10","-0.016818"
"79","2007-10","-0.015103"
"85","2007-10","-0.016818"
"95","2007-10","-0.015103"
"101","2007-10","-0.016818"
"111","2007-10","-0.015103"
"117","2007-10","-0.016818"
"127","2007-10","-0.015103"
"33","2007-10","-0.007805"
"20","2007-10","-0.035705"
"10","2007-11","-0.114175"
"5","2007-11","-0.144852"
"15","2007-11","-0.143905"
"21","2007-11","-0.144852"
"31","2007-11","-0.143905"
"63","2007-11","-0.143905"
"37","2007-11","-0.144852"
"47","2007-11","-0.143905"
"53","2007-11","-0.144852"
"69","2007-11","-0.144852"
"79","2007-11","-0.143905"
"85","2007-11","-0.144852"
"95","2007-11","-0.143905"
"101","2007-11","-0.144852"
"111","2007-11","-0.143905"
"117","2007-11","-0.144852"
"127","2007-11","-0.143905"
"33","2007-11","-0.139987"
"20","2007-11","-0.156014"
"10","2007-12","0.049286"
"5","2007-12","0.149477"
"15","2007-12","0.146377"
"21","2007-12","0.149477"
"31","2007-12","0.146377"
"63","2007-12","0.146377"
"37","2007-12","0.149477"
"47","2007-12","0.146377"
"53","2007-12","0.149477"
"69","2007-12","0.149477"
"79","2007-12","0.146377"
"85","2007-12","0.149477"
"95","2007-12","0.146377"
"101","2007-12","0.149477"
"111","2007-12","0.146377"
"117","2007-12","0.149477"
"127","2007-12","0.146377"
"33","2007-12","0.139008"
"20","2007-12","0.174230"
"10","2008-01","-0.140001"
"5","2008-01","-0.111531"
"15","2008-01","-0.112300"
"21","2008-01","-0.111531"
"31","2008-01","-0.112300"
"63","2008-01","-0.112300"
"37","2008-01","-0.111531"
"47","2008-01","-0.112300"
"53","2008-01","-0.111531"
"69","2008-01","-0.111531"
"79","2008-01","-0.112300"
"85","2008-01","-0.111531"
"95","2008-01","-0.112300"
"101","2008-01","-0.111531"
"111","2008-01","-0.112300"
"117","2008-01","-0.111531"
"127","2008-01","-0.112300"
"33","2008-01","-0.123511"
"20","2008-01","-0.083871"
"10","2008-02","0.010104"
"5","2008-02","0.035178"
"15","2008-02","0.034540"
"21","2008-02","0.035178"
"31","2008-02","0.034540"
"63","2008-02","0.034540"
"37","2008-02","0.035178"
"47","2008-02","0.034540"
"53","2008-02","0.035178"
"69","2008-02","0.035178"
"79","2008-02","0.034540"
"85","2008-02","0.035178"
"95","2008-02","0.034540"
"101","2008-02","0.035178"
"111","2008-02","0.034540"
"117","2008-02","0.035178"
"127","2008-02","0.034540"
"33","2008-02","0.030852"
"20","2008-02","0.044740"
"10","2008-03","-0.148434"
"5","2008-03","-0.192553"
"15","2008-03","-0.191514"
"21","2008-03","-0.192553"
"31","2008-03","-0.191514"
"63","2008-03","-0.191514"
"37","2008-03","-0.192553"
"47","2008-03","-0.191514"
"53","2008-03","-0.192553"
"69","2008-03","-0.192553"
"79","2008-03","-0.191514"
"85","2008-03","-0.192553"
"95","2008-03","-0.191514"
"101","2008-03","-0.192553"
"111","2008-03","-0.191514"
"117","2008-03","-0.192553"
"127","2008-03","-0.191514"
"33","2008-03","-0.195822"
"20","2008-03","-0.185096"
"10","2008-04","0.029974"
"5","2008-04","0.028195"
"15","2008-04","0.028236"
"21","2008-04","0.028195"
"31","2008-04","0.028236"
"63","2008-04","0.028236"
"37","2008-04","0.028195"
"47","2008-04","0.028236"
"53","2008-04","0.028195"
"69","2008-04","0.028195"
"79","2008-04","0.028236"
"85","2008-04","0.028195"
"95","2008-04","0.028236"
"101","2008-04","0.028195"
"111","2008-04","0.028236"
"117","2008-04","0.028195"
"127","2008-04","0.028236"
"33","2008-04","0.046471"
"20","2008-04","-0.015222"
"10","2008-05","-0.055527"
"5","2008-05","-0.076346"
"15","2008-05","-0.075872"
"21","2008-05","-0.076346"
"31","2008-05","-0.075872"
"63","2008-05","-0.075872"
"37","2008-05","-0.076346"
"47","2008-05","-0.075872"
"53","2008-05","-0.076346"
"69","2008-05","-0.076346"
"79","2008-05","-0.075872"
"85","2008-05","-0.076346"
"95","2008-05","-0.075872"
"101","2008-05","-0.076346"
"111","2008-05","-0.075872"
"117","2008-05","-0.076346"
"127","2008-05","-0.075872"
"33","2008-05","-0.079751"
"20","2008-05","-0.067726"
"10","2008-06","-0.114756"
"5","2008-06","-0.228147"
"15","2008-06","-0.225588"
"21","2008-06","-0.228147"
"31","2008-06","-0.225588"
"63","2008-06","-0.225588"
"37","2008-06","-0.228147"
"47","2008-06","-0.225588"
"53","2008-06","-0.228147"
"69","2008-06","-0.228147"
"79","2008-06","-0.225588"
"85","2008-06","-0.228147"
"95","2008-06","-0.225588"
"101","2008-06","-0.228147"
"111","2008-06","-0.225588"
"117","2008-06","-0.228147"
"127","2008-06","-0.225588"
"33","2008-06","-0.222753"
"20","2008-06","-0.241578"
"10","2008-07","-0.017476"
"5","2008-07","0.031564"
"15","2008-07","0.030353"
"21","2008-07","0.031564"
"31","2008-07","0.030353"
"63","2008-07","0.030353"
"37","2008-07","0.031564"
"47","2008-07","0.030353"
"53","2008-07","0.031564"
"69","2008-07","0.031564"
"79","2008-07","0.030353"
"85","2008-07","0.031564"
"95","2008-07","0.030353"
"101","2008-07","0.031564"
"111","2008-07","0.030353"
"117","2008-07","0.031564"
"127","2008-07","0.030353"
"33","2008-07","0.024447"
"20","2008-07","0.050211"
"10","2008-08","-0.210934"
"5","2008-08","-0.174850"
"15","2008-08","-0.175683"
"21","2008-08","-0.174850"
"31","2008-08","-0.175683"
"63","2008-08","-0.175683"
"37","2008-08","-0.174850"
"47","2008-08","-0.175683"
"53","2008-08","-0.174850"
"69","2008-08","-0.174850"
"79","2008-08","-0.175683"
"85","2008-08","-0.174850"
"95","2008-08","-0.175683"
"101","2008-08","-0.174850"
"111","2008-08","-0.175683"
"117","2008-08","-0.174850"
"127","2008-08","-0.175683"
"33","2008-08","-0.159449"
"20","2008-08","-0.214488"
"10","2008-09","-0.161271"
"5","2008-09","-0.066562"
"15","2008-09","-0.068573"
"21","2008-09","-0.066562"
"31","2008-09","-0.068573"
"63","2008-09","-0.068573"
"37","2008-09","-0.066562"
"47","2008-09","-0.068573"
"53","2008-09","-0.066562"
"69","2008-09","-0.066562"
"79","2008-09","-0.068573"
"85","2008-09","-0.066562"
"95","2008-09","-0.068573"
"101","2008-09","-0.066562"
"111","2008-09","-0.068573"
"117","2008-09","-0.066562"
"127","2008-09","-0.068573"
"33","2008-09","-0.063597"
"20","2008-09","-0.074905"
"10","2008-10","-0.307496"
"5","2008-10","-0.265081"
"15","2008-10","-0.265888"
"21","2008-10","-0.265081"
"31","2008-10","-0.265888"
"63","2008-10","-0.265888"
"37","2008-10","-0.265081"
"47","2008-10","-0.265888"
"53","2008-10","-0.265081"
"69","2008-10","-0.265081"
"79","2008-10","-0.265888"
"85","2008-10","-0.265081"
"95","2008-10","-0.265888"
"101","2008-10","-0.265081"
"111","2008-10","-0.265888"
"117","2008-10","-0.265081"
"127","2008-10","-0.265888"
"33","2008-10","-0.269258"
"20","2008-10","-0.253175"
"10","2008-11","0.159023"
"5","2008-11","0.132146"
"15","2008-11","0.132615"
"21","2008-11","0.132146"
"31","2008-11","0.132615"
"63","2008-11","0.132615"
"37","2008-11","0.132146"
"47","2008-11","0.132615"
"53","2008-11","0.132146"
"69","2008-11","0.132146"
"79","2008-11","0.132615"
"85","2008-11","0.132146"
"95","2008-11","0.132615"
"101","2008-11","0.132146"
"111","2008-11","0.132615"
"117","2008-11","0.132146"
"127","2008-11","0.132615"
"33","2008-11","0.119713"
"20","2008-11","0.167400"
"10","2008-12","0.062231"
"5","2008-12","0.013885"
"15","2008-12","0.014724"
"21","2008-12","0.013885"
"31","2008-12","0.014724"
"63","2008-12","0.014724"
"37","2008-12","0.013885"
"47","2008-12","0.014724"
"53","2008-12","0.013885"
"69","2008-12","0.013885"
"79","2008-12","0.014724"
"85","2008-12","0.013885"
"95","2008-12","0.014724"
"101","2008-12","0.013885"
"111","2008-12","0.014724"
"117","2008-12","0.013885"
"127","2008-12","0.014724"
"33","2008-12","0.008709"
"20","2008-12","0.027415"
"10","2009-01","0.084295"
"5","2009-01","0.134267"
"15","2009-01","0.133403"
"21","2009-01","0.134267"
"31","2009-01","0.133403"
"63","2009-01","0.133403"
"37","2009-01","0.134267"
"47","2009-01","0.133403"
"53","2009-01","0.134267"
"69","2009-01","0.134267"
"79","2009-01","0.133403"
"85","2009-01","0.134267"
"95","2009-01","0.133403"
"101","2009-01","0.134267"
"111","2009-01","0.133403"
"117","2009-01","0.134267"
"127","2009-01","0.133403"
"33","2009-01","0.139682"
"20","2009-01","0.120650"
"10","2009-02","0.056849"
"5","2009-02","0.058526"
"15","2009-02","0.058498"
"21","2009-02","0.058526"
"31","2009-02","0.058498"
"63","2009-02","0.058498"
"37","2009-02","0.058526"
"47","2009-02","0.058498"
"53","2009-02","0.058526"
"69","2009-02","0.058526"
"79","2009-02","0.058498"
"85","2009-02","0.058526"
"95","2009-02","0.058498"
"101","2009-02","0.058526"
"111","2009-02","0.058498"
"117","2009-02","0.058526"
"127","2009-02","0.058498"
"33","2009-02","0.050688"
"20","2009-02","0.078709"
"10","2009-03","0.195111"
"5","2009-03","0.186709"
"15","2009-03","0.186845"
"21","2009-03","0.186709"
"31","2009-03","0.186845"
"63","2009-03","0.186845"
"37","2009-03","0.186709"
"47","2009-03","0.186845"
"53","2009-03","0.186709"
"69","2009-03","0.186709"
"79","2009-03","0.186845"
"85","2009-03","0.186709"
"95","2009-03","0.186845"
"101","2009-03","0.186709"
"111","2009-03","0.186845"
"117","2009-03","0.186709"
"127","2009-03","0.186845"
"33","2009-03","0.184436"
"20","2009-03","0.192422"
"10","2009-04","0.044042"
"5","2009-04","0.050684"
"15","2009-04","0.050580"
"21","2009-04","0.050684"
"31","2009-04","0.050580"
"63","2009-04","0.050580"
"37","2009-04","0.050684"
"47","2009-04","0.050580"
"53","2009-04","0.050684"
"69","2009-04","0.050684"
"79","2009-04","0.050580"
"85","2009-04","0.050684"
"95","2009-04","0.050580"
"101","2009-04","0.050684"
"111","2009-04","0.050580"
"117","2009-04","0.050684"
"127","2009-04","0.050580"
"33","2009-04","0.048641"
"20","2009-04","0.055790"
"10","2009-05","0.119006"
"5","2009-05","0.054526"
"15","2009-05","0.055473"
"21","2009-05","0.054526"
"31","2009-05","0.055473"
"63","2009-05","0.055473"
"37","2009-05","0.054526"
"47","2009-05","0.055473"
"53","2009-05","0.054526"
"69","2009-05","0.054526"
"79","2009-05","0.055473"
"85","2009-05","0.054526"
"95","2009-05","0.055473"
"101","2009-05","0.054526"
"111","2009-05","0.055473"
"117","2009-05","0.054526"
"127","2009-05","0.055473"
"33","2009-05","0.050436"
"20","2009-05","0.064911"
"10","2009-06","0.146533"
"5","2009-06","0.116424"
"15","2009-06","0.116877"
"21","2009-06","0.116424"
"31","2009-06","0.116877"
"63","2009-06","0.116877"
"37","2009-06","0.116424"
"47","2009-06","0.116877"
"53","2009-06","0.116424"
"69","2009-06","0.116424"
"79","2009-06","0.116877"
"85","2009-06","0.116424"
"95","2009-06","0.116877"
"101","2009-06","0.116424"
"111","2009-06","0.116877"
"117","2009-06","0.116424"
"127","2009-06","0.116877"
"33","2009-06","0.125783"
"20","2009-06","0.092627"
"10","2009-07","0.135147"
"5","2009-07","0.171729"
"15","2009-07","0.171183"
"21","2009-07","0.171729"
"31","2009-07","0.171183"
"63","2009-07","0.171183"
"37","2009-07","0.171729"
"47","2009-07","0.171183"
"53","2009-07","0.171729"
"69","2009-07","0.171729"
"79","2009-07","0.171183"
"85","2009-07","0.171729"
"95","2009-07","0.171183"
"101","2009-07","0.171729"
"111","2009-07","0.171183"
"117","2009-07","0.171729"
"127","2009-07","0.171183"
"33","2009-07","0.174138"
"20","2009-07","0.165558"
"10","2009-08","-0.144051"
"5","2009-08","-0.213374"
"15","2009-08","-0.212466"
"21","2009-08","-0.213374"
"31","2009-08","-0.212466"
"63","2009-08","-0.212466"
"37","2009-08","-0.213374"
"47","2009-08","-0.212466"
"53","2009-08","-0.213374"
"69","2009-08","-0.213374"
"79","2009-08","-0.212466"
"85","2009-08","-0.213374"
"95","2009-08","-0.212466"
"101","2009-08","-0.213374"
"111","2009-08","-0.212466"
"117","2009-08","-0.213374"
"127","2009-08","-0.212466"
"33","2009-08","-0.222690"
"20","2009-08","-0.186704"
"10","2009-09","0.054357"
"5","2009-09","0.051713"
"15","2009-09","0.051749"
"21","2009-09","0.051713"
"31","2009-09","0.051749"
"63","2009-09","0.051749"
"37","2009-09","0.051713"
"47","2009-09","0.051749"
"53","2009-09","0.051713"
"69","2009-09","0.051713"
"79","2009-09","0.051749"
"85","2009-09","0.051713"
"95","2009-09","0.051749"
"101","2009-09","0.051713"
"111","2009-09","0.051749"
"117","2009-09","0.051713"
"127","2009-09","0.051749"
"33","2009-09","0.051889"
"20","2009-09","0.051226"
"10","2009-10","0.072053"
"5","2009-10","0.096059"
"15","2009-10","0.095730"
"21","2009-10","0.096059"
"31","2009-10","0.095730"
"63","2009-10","0.095730"
"37","2009-10","0.096059"
"47","2009-10","0.095730"
"53","2009-10","0.096059"
"69","2009-10","0.096059"
"79","2009-10","0.095730"
"85","2009-10","0.096059"
"95","2009-10","0.095730"
"101","2009-10","0.096059"
"111","2009-10","0.095730"
"117","2009-10","0.096059"
"127","2009-10","0.095730"
"33","2009-10","0.088411"
"20","2009-10","0.117285"
"10","2009-11","0.167359"
"5","2009-11","0.085023"
"15","2009-11","0.085956"
"21","2009-11","0.084956"
"31","2009-11","0.085888"
"63","2009-11","0.085888"
"37","2009-11","0.085023"
"47","2009-11","0.085956"
"53","2009-11","0.084956"
"69","2009-11","0.085023"
"79","2009-11","0.085956"
"85","2009-11","0.084956"
"95","2009-11","0.085888"
"101","2009-11","0.085023"
"111","2009-11","0.085956"
"117","2009-11","0.084956"
"127","2009-11","0.085888"
"33","2009-11","0.073801"
"20","2009-11","0.122433"
"10","2009-12","0.022316"
"5","2009-12","0.030290"
"15","2009-12","0.030194"
"21","2009-12","0.030057"
"31","2009-12","0.029964"
"63","2009-12","0.029964"
"37","2009-12","0.030290"
"47","2009-12","0.030194"
"53","2009-12","0.030057"
"69","2009-12","0.030290"
"79","2009-12","0.030194"
"85","2009-12","0.030057"
"95","2009-12","0.029964"
"101","2009-12","0.030290"
"111","2009-12","0.030194"
"117","2009-12","0.030057"
"127","2009-12","0.029964"
"33","2009-12","0.033036"
"20","2009-12","0.020651"
"10","2010-01","-0.045360"
"5","2010-01","-0.084515"
"15","2010-01","-0.084058"
"21","2010-01","-0.084606"
"31","2010-01","-0.084148"
"63","2010-01","-0.084148"
"37","2010-01","-0.084515"
"47","2010-01","-0.084058"
"53","2010-01","-0.084606"
"69","2010-01","-0.084515"
"79","2010-01","-0.084058"
"85","2010-01","-0.084606"
"95","2010-01","-0.084148"
"101","2010-01","-0.084515"
"111","2010-01","-0.084058"
"117","2010-01","-0.084606"
"127","2010-01","-0.084148"
"33","2010-01","-0.090872"
"20","2010-01","-0.064544"
"10","2010-02","0.031446"
"5","2010-02","0.031044"
"15","2010-02","0.031049"
"21","2010-02","0.031246"
"31","2010-02","0.031249"
"63","2010-02","0.031249"
"37","2010-02","0.031044"
"47","2010-02","0.031049"
"53","2010-02","0.031246"
"69","2010-02","0.031044"
"79","2010-02","0.031049"
"85","2010-02","0.031246"
"95","2010-02","0.031249"
"101","2010-02","0.031044"
"111","2010-02","0.031049"
"117","2010-02","0.031246"
"127","2010-02","0.031249"
"33","2010-02","0.025093"
"20","2010-02","0.051213"
"10","2010-03","0.031041"
"5","2010-03","0.024548"
"15","2010-03","0.024623"
"21","2010-03","0.025152"
"31","2010-03","0.025220"
"63","2010-03","0.025220"
"37","2010-03","0.024548"
"47","2010-03","0.024623"
"53","2010-03","0.025152"
"69","2010-03","0.024548"
"79","2010-03","0.024623"
"85","2010-03","0.025152"
"95","2010-03","0.025220"
"101","2010-03","0.024548"
"111","2010-03","0.024623"
"117","2010-03","0.025152"
"127","2010-03","0.025220"
"33","2010-03","0.025648"
"20","2010-03","0.023591"
"10","2010-04","-0.025093"
"5","2010-04","-0.076719"
"15","2010-04","-0.076129"
"21","2010-04","-0.077008"
"31","2010-04","-0.076417"
"63","2010-04","-0.076417"
"37","2010-04","-0.076719"
"47","2010-04","-0.076129"
"53","2010-04","-0.077008"
"69","2010-04","-0.076719"
"79","2010-04","-0.076129"
"85","2010-04","-0.077008"
"95","2010-04","-0.076417"
"101","2010-04","-0.076719"
"111","2010-04","-0.076129"
"117","2010-04","-0.077008"
"127","2010-04","-0.076417"
"33","2010-04","-0.077143"
"20","2010-04","-0.076583"
"10","2010-05","-0.118615"
"5","2010-05","-0.083394"
"15","2010-05","-0.083806"
"21","2010-05","-0.083091"
"31","2010-05","-0.083504"
"63","2010-05","-0.083504"
"37","2010-05","-0.083394"
"47","2010-05","-0.083806"
"53","2010-05","-0.083091"
"69","2010-05","-0.083394"
"79","2010-05","-0.083806"
"85","2010-05","-0.083091"
"95","2010-05","-0.083504"
"101","2010-05","-0.083394"
"111","2010-05","-0.083806"
"117","2010-05","-0.083091"
"127","2010-05","-0.083504"
"33","2010-05","-0.086397"
"20","2010-05","-0.072846"
"10","2010-06","0.027833"
"5","2010-06","-0.075868"
"15","2010-06","-0.074717"
"21","2010-06","-0.075917"
"31","2010-06","-0.074773"
"63","2010-06","-0.074773"
"37","2010-06","-0.075868"
"47","2010-06","-0.074717"
"53","2010-06","-0.075917"
"69","2010-06","-0.075868"
"79","2010-06","-0.074717"
"85","2010-06","-0.075917"
"95","2010-06","-0.074773"
"101","2010-06","-0.075868"
"111","2010-06","-0.074717"
"117","2010-06","-0.075917"
"127","2010-06","-0.074773"
"33","2010-06","-0.072026"
"20","2010-06","-0.087672"
"10","2010-07","0.156469"
"5","2010-07","0.122184"
"15","2010-07","0.122605"
"21","2010-07","0.121729"
"31","2010-07","0.122153"
"63","2010-07","0.122153"
"37","2010-07","0.122184"
"47","2010-07","0.122605"
"53","2010-07","0.121729"
"69","2010-07","0.122184"
"79","2010-07","0.122605"
"85","2010-07","0.121729"
"95","2010-07","0.122153"
"101","2010-07","0.122184"
"111","2010-07","0.122605"
"117","2010-07","0.121729"
"127","2010-07","0.122153"
"33","2010-07","0.111638"
"20","2010-07","0.151910"
"10","2010-08","0.066955"
"5","2010-08","0.025538"
"15","2010-08","0.026046"
"21","2010-08","0.025742"
"31","2010-08","0.026244"
"63","2010-08","0.026244"
"37","2010-08","0.025538"
"47","2010-08","0.026046"
"53","2010-08","0.025742"
"69","2010-08","0.025538"
"79","2010-08","0.026046"
"85","2010-08","0.025742"
"95","2010-08","0.026244"
"101","2010-08","0.025538"
"111","2010-08","0.026046"
"117","2010-08","0.025742"
"127","2010-08","0.026244"
"33","2010-08","0.003959"
"20","2010-08","0.087795"
"10","2010-09","0.071459"
"5","2010-09","0.011420"
"15","2010-09","0.012165"
"21","2010-09","0.010704"
"31","2010-09","0.011453"
"63","2010-09","0.011453"
"37","2010-09","0.011420"
"47","2010-09","0.012165"
"53","2010-09","0.010704"
"69","2010-09","0.011420"
"79","2010-09","0.012165"
"85","2010-09","0.010704"
"95","2010-09","0.011453"
"101","2010-09","0.011420"
"111","2010-09","0.012165"
"117","2010-09","0.010704"
"127","2010-09","0.011453"
"33","2010-09","0.010648"
"20","2010-09","0.010850"
"10","2010-10","0.109836"
"5","2010-10","0.120272"
"15","2010-10","0.120139"
"21","2010-10","0.120366"
"31","2010-10","0.120233"
"63","2010-10","0.120233"
"37","2010-10","0.120272"
"47","2010-10","0.120139"
"53","2010-10","0.120366"
"69","2010-10","0.120272"
"79","2010-10","0.120139"
"85","2010-10","0.120366"
"95","2010-10","0.120233"
"101","2010-10","0.120272"
"111","2010-10","0.120139"
"117","2010-10","0.120366"
"127","2010-10","0.120233"
"33","2010-10","0.120958"
"20","2010-10","0.118838"
"10","2010-11","-0.010814"
"5","2010-11","-0.044940"
"15","2010-11","-0.044518"
"21","2010-11","-0.043753"
"31","2010-11","-0.043348"
"63","2010-11","-0.043348"
"37","2010-11","-0.044940"
"47","2010-11","-0.044518"
"53","2010-11","-0.043753"
"69","2010-11","-0.044940"
"79","2010-11","-0.044518"
"85","2010-11","-0.043753"
"95","2010-11","-0.043348"
"101","2010-11","-0.044940"
"111","2010-11","-0.044518"
"117","2010-11","-0.043753"
"127","2010-11","-0.043348"
"33","2010-11","-0.055385"
"20","2010-11","-0.013001"
"10","2010-12","0.018087"
"5","2010-12","-0.008445"
"15","2010-12","-0.008145"
"21","2010-12","-0.008733"
"31","2010-12","-0.008433"
"63","2010-12","-0.008433"
"37","2010-12","-0.008445"
"47","2010-12","-0.008145"
"53","2010-12","-0.008733"
"69","2010-12","-0.008445"
"79","2010-12","-0.008145"
"85","2010-12","-0.008733"
"95","2010-12","-0.008433"
"101","2010-12","-0.008445"
"111","2010-12","-0.008145"
"117","2010-12","-0.008733"
"127","2010-12","-0.008433"
"33","2010-12","-0.008419"
"20","2010-12","-0.009636"
"10","2011-01","0.007063"
"5","2011-01","-0.019475"
"15","2011-01","-0.019175"
"21","2011-01","-0.020331"
"31","2011-01","-0.020024"
"63","2011-01","-0.020024"
"37","2011-01","-0.019475"
"47","2011-01","-0.019175"
"53","2011-01","-0.020331"
"69","2011-01","-0.019475"
"79","2011-01","-0.019175"
"85","2011-01","-0.020331"
"95","2011-01","-0.020024"
"101","2011-01","-0.019475"
"111","2011-01","-0.019175"
"117","2011-01","-0.020331"
"127","2011-01","-0.020024"
"33","2011-01","-0.005053"
"20","2011-01","-0.064301"
"10","2011-02","0.005768"
"5","2011-02","0.053008"
"15","2011-02","0.052471"
"21","2011-02","0.053125"
"31","2011-02","0.052593"
"63","2011-02","0.052593"
"37","2011-02","0.053008"
"47","2011-02","0.052471"
"53","2011-02","0.053125"
"69","2011-02","0.053008"
"79","2011-02","0.052471"
"85","2011-02","0.053125"
"95","2011-02","0.052593"
"101","2011-02","0.053008"
"111","2011-02","0.052471"
"117","2011-02","0.053125"
"127","2011-02","0.052593"
"33","2011-02","0.040289"
"20","2011-02","0.091709"
"10","2011-03","0.002776"
"5","2011-03","0.003196"
"15","2011-03","0.003191"
"21","2011-03","0.002296"
"31","2011-03","0.002301"
"63","2011-03","0.002301"
"37","2011-03","0.003196"
"47","2011-03","0.003191"
"53","2011-03","0.002296"
"69","2011-03","0.003196"
"79","2011-03","0.003191"
"85","2011-03","0.002296"
"95","2011-03","0.002301"
"101","2011-03","0.003196"
"111","2011-03","0.003191"
"117","2011-03","0.002296"
"127","2011-03","0.002301"
"33","2011-03","0.012260"
"20","2011-03","-0.025810"
"10","2011-04","-0.032593"
"5","2011-04","-0.012635"
"15","2011-04","-0.012844"
"21","2011-04","-0.013548"
"31","2011-04","-0.013745"
"63","2011-04","-0.013745"
"37","2011-04","-0.012635"
"47","2011-04","-0.012844"
"53","2011-04","-0.013548"
"69","2011-04","-0.012635"
"79","2011-04","-0.012844"
"85","2011-04","-0.013548"
"95","2011-04","-0.013745"
"101","2011-04","-0.012635"
"111","2011-04","-0.012844"
"117","2011-04","-0.013548"
"127","2011-04","-0.013745"
"33","2011-04","-0.005875"
"20","2011-04","-0.035946"
"10","2011-05","-0.053394"
"5","2011-05","-0.059885"
"15","2011-05","-0.059820"
"21","2011-05","-0.060008"
"31","2011-05","-0.059942"
"63","2011-05","-0.059942"
"37","2011-05","-0.059885"
"47","2011-05","-0.059820"
"53","2011-05","-0.060008"
"69","2011-05","-0.059885"
"79","2011-05","-0.059820"
"85","2011-05","-0.060008"
"95","2011-05","-0.059942"
"101","2011-05","-0.059885"
"111","2011-05","-0.059820"
"117","2011-05","-0.060008"
"127","2011-05","-0.059942"
"33","2011-05","-0.056484"
"20","2011-05","-0.070646"
"10","2011-06","-0.002831"
"5","2011-06","0.023726"
"15","2011-06","0.023459"
"21","2011-06","0.023553"
"31","2011-06","0.023291"
"63","2011-06","0.023291"
"37","2011-06","0.023726"
"47","2011-06","0.023459"
"53","2011-06","0.023553"
"69","2011-06","0.023726"
"79","2011-06","0.023459"
"85","2011-06","0.023553"
"95","2011-06","0.023291"
"101","2011-06","0.023726"
"111","2011-06","0.023459"
"117","2011-06","0.023553"
"127","2011-06","0.023291"
"33","2011-06","0.017755"
"20","2011-06","0.040971"
"10","2011-07","0.028100"
"5","2011-07","-0.011528"
"15","2011-07","-0.011160"
"21","2011-07","-0.010499"
"31","2011-07","-0.010144"
"63","2011-07","-0.010144"
"37","2011-07","-0.011528"
"47","2011-07","-0.011160"
"53","2011-07","-0.010499"
"69","2011-07","-0.011528"
"79","2011-07","-0.011160"
"85","2011-07","-0.010499"
"95","2011-07","-0.010144"
"101","2011-07","-0.011528"
"111","2011-07","-0.011160"
"117","2011-07","-0.010499"
"127","2011-07","-0.010144"
"33","2011-07","-0.018811"
"20","2011-07","0.013180"
"10","2011-08","-0.073837"
"5","2011-08","-0.046794"
"15","2011-08","-0.047052"
"21","2011-08","-0.045966"
"31","2011-08","-0.046228"
"63","2011-08","-0.046228"
"37","2011-08","-0.046794"
"47","2011-08","-0.047052"
"53","2011-08","-0.045966"
"69","2011-08","-0.046794"
"79","2011-08","-0.047052"
"85","2011-08","-0.045966"
"95","2011-08","-0.046228"
"101","2011-08","-0.046794"
"111","2011-08","-0.047052"
"117","2011-08","-0.045966"
"127","2011-08","-0.046228"
"33","2011-08","-0.049712"
"20","2011-08","-0.035746"
"10","2011-09","-0.136679"
"5","2011-09","-0.087824"
"15","2011-09","-0.088266"
"21","2011-09","-0.088674"
"31","2011-09","-0.089103"
"63","2011-09","-0.089103"
"37","2011-09","-0.087824"
"47","2011-09","-0.088266"
"53","2011-09","-0.088674"
"69","2011-09","-0.087824"
"79","2011-09","-0.088266"
"85","2011-09","-0.088674"
"95","2011-09","-0.089103"
"101","2011-09","-0.087824"
"111","2011-09","-0.088266"
"117","2011-09","-0.088674"
"127","2011-09","-0.089103"
"33","2011-09","-0.077650"
"20","2011-09","-0.118046"
"10","2011-10","0.096511"
"5","2011-10","0.043146"
"15","2011-10","0.043598"
"21","2011-10","0.043561"
"31","2011-10","0.044002"
"63","2011-10","0.044002"
"37","2011-10","0.043146"
"47","2011-10","0.043598"
"53","2011-10","0.043561"
"69","2011-10","0.043146"
"79","2011-10","0.043598"
"85","2011-10","0.043561"
"95","2011-10","0.044002"
"101","2011-10","0.043146"
"111","2011-10","0.043598"
"117","2011-10","0.043561"
"127","2011-10","0.044002"
"33","2011-10","0.047862"
"20","2011-10","0.031697"
"10","2011-11","-0.081619"
"5","2011-11","-0.051174"
"15","2011-11","-0.051439"
"21","2011-11","-0.050661"
"31","2011-11","-0.050927"
"63","2011-11","-0.050927"
"37","2011-11","-0.051174"
"47","2011-11","-0.051439"
"53","2011-11","-0.050661"
"69","2011-11","-0.051174"
"79","2011-11","-0.051439"
"85","2011-11","-0.050661"
"95","2011-11","-0.050927"
"101","2011-11","-0.051174"
"111","2011-11","-0.051439"
"117","2011-11","-0.050661"
"127","2011-11","-0.050927"
"33","2011-11","-0.051681"
"20","2011-11","-0.047804"
"10","2011-12","-0.037035"
"5","2011-12","-0.071649"
"15","2011-12","-0.071353"
"21","2011-12","-0.072590"
"31","2011-12","-0.072292"
"63","2011-12","-0.072292"
"37","2011-12","-0.071649"
"47","2011-12","-0.071353"
"53","2011-12","-0.072590"
"69","2011-12","-0.071649"
"79","2011-12","-0.071353"
"85","2011-12","-0.072590"
"95","2011-12","-0.072292"
"101","2011-12","-0.071649"
"111","2011-12","-0.071353"
"117","2011-12","-0.072590"
"127","2011-12","-0.072292"
"33","2011-12","-0.052639"
"20","2011-12","-0.127807"
"10","2012-01","0.035772"
"5","2012-01","0.035244"
"15","2012-01","0.035248"
"21","2012-01","0.033031"
"31","2012-01","0.033055"
"63","2012-01","0.033055"
"37","2012-01","0.035244"
"47","2012-01","0.035248"
"53","2012-01","0.033031"
"69","2012-01","0.035244"
"79","2012-01","0.035248"
"85","2012-01","0.033031"
"95","2012-01","0.033055"
"101","2012-01","0.035244"
"111","2012-01","0.035248"
"117","2012-01","0.033031"
"127","2012-01","0.033055"
"33","2012-01","0.044134"
"20","2012-01","-0.000587"
"10","2012-02","0.108632"
"5","2012-02","0.070125"
"15","2012-02","0.070461"
"21","2012-02","0.071112"
"31","2012-02","0.071435"
"63","2012-02","0.071435"
"37","2012-02","0.070125"
"47","2012-02","0.070461"
"53","2012-02","0.071112"
"69","2012-02","0.070125"
"79","2012-02","0.070461"
"85","2012-02","0.071112"
"95","2012-02","0.071435"
"101","2012-02","0.070125"
"111","2012-02","0.070461"
"117","2012-02","0.071112"
"127","2012-02","0.071435"
"33","2012-02","0.056973"
"20","2012-02","0.115369"
"10","2012-03","-0.042588"
"5","2012-03","-0.068655"
"15","2012-03","-0.068423"
"21","2012-03","-0.068870"
"31","2012-03","-0.068639"
"63","2012-03","-0.068639"
"37","2012-03","-0.068655"
"47","2012-03","-0.068423"
"53","2012-03","-0.068870"
"69","2012-03","-0.068655"
"79","2012-03","-0.068423"
"85","2012-03","-0.068870"
"95","2012-03","-0.068639"
"101","2012-03","-0.068655"
"111","2012-03","-0.068423"
"117","2012-03","-0.068870"
"127","2012-03","-0.068639"
"33","2012-03","-0.068418"
"20","2012-03","-0.070191"
"10","2012-04","0.062570"
"5","2012-04","0.060118"
"15","2012-04","0.060140"
"21","2012-04","0.059427"
"31","2012-04","0.059455"
"63","2012-04","0.059455"
"37","2012-04","0.060118"
"47","2012-04","0.060140"
"53","2012-04","0.059427"
"69","2012-04","0.060118"
"79","2012-04","0.060140"
"85","2012-04","0.059427"
"95","2012-04","0.059455"
"101","2012-04","0.060118"
"111","2012-04","0.060140"
"117","2012-04","0.059427"
"127","2012-04","0.059455"
"33","2012-04","0.059009"
"20","2012-04","0.060644"
"10","2012-05","-0.029619"
"5","2012-05","-0.001364"
"15","2012-05","-0.001617"
"21","2012-05","-0.000388"
"31","2012-05","-0.000646"
"63","2012-05","-0.000646"
"37","2012-05","-0.001364"
"47","2012-05","-0.001617"
"53","2012-05","-0.000388"
"69","2012-05","-0.001364"
"79","2012-05","-0.001617"
"85","2012-05","-0.000388"
"95","2012-05","-0.000646"
"101","2012-05","-0.001364"
"111","2012-05","-0.001617"
"117","2012-05","-0.000388"
"127","2012-05","-0.000646"
"33","2012-05","-0.008993"
"20","2012-05","0.024617"
"10","2012-06","-0.017875"
"5","2012-06","-0.050929"
"15","2012-06","-0.050639"
"21","2012-06","-0.050122"
"31","2012-06","-0.049844"
"63","2012-06","-0.049844"
"37","2012-06","-0.050929"
"47","2012-06","-0.050639"
"53","2012-06","-0.050122"
"69","2012-06","-0.050929"
"79","2012-06","-0.050639"
"85","2012-06","-0.050122"
"95","2012-06","-0.049844"
"101","2012-06","-0.050929"
"111","2012-06","-0.050639"
"117","2012-06","-0.050122"
"127","2012-06","-0.049844"
"33","2012-06","-0.048684"
"20","2012-06","-0.054157"
"10","2012-07","-0.068625"
"5","2012-07","-0.054215"
"15","2012-07","-0.054345"
"21","2012-07","-0.054858"
"31","2012-07","-0.054981"
"63","2012-07","-0.054981"
"37","2012-07","-0.054215"
"47","2012-07","-0.054345"
"53","2012-07","-0.054858"
"69","2012-07","-0.054215"
"79","2012-07","-0.054345"
"85","2012-07","-0.054858"
"95","2012-07","-0.054981"
"101","2012-07","-0.054215"
"111","2012-07","-0.054345"
"117","2012-07","-0.054858"
"127","2012-07","-0.054981"
"33","2012-07","-0.048689"
"20","2012-07","-0.071946"
"10","2012-08","0.037844"
"5","2012-08","-0.024797"
"15","2012-08","-0.024277"
"21","2012-08","-0.023256"
"31","2012-08","-0.022758"
"63","2012-08","-0.022758"
"37","2012-08","-0.024797"
"47","2012-08","-0.024277"
"53","2012-08","-0.023256"
"69","2012-08","-0.024797"
"79","2012-08","-0.024277"
"85","2012-08","-0.023256"
"95","2012-08","-0.022758"
"101","2012-08","-0.024797"
"111","2012-08","-0.024277"
"117","2012-08","-0.023256"
"127","2012-08","-0.022758"
"33","2012-08","-0.023897"
"20","2012-08","-0.021459"
"10","2012-09","0.012363"
"5","2012-09","0.025122"
"15","2012-09","0.025010"
"21","2012-09","0.024116"
"31","2012-09","0.024015"
"63","2012-09","0.024015"
"37","2012-09","0.025122"
"47","2012-09","0.025010"
"53","2012-09","0.024116"
"69","2012-09","0.025122"
"79","2012-09","0.025010"
"85","2012-09","0.024116"
"95","2012-09","0.024015"
"101","2012-09","0.025122"
"111","2012-09","0.025010"
"117","2012-09","0.024116"
"127","2012-09","0.024015"
"33","2012-09","0.024173"
"20","2012-09","0.023951"
"10","2012-10","0.017606"
"5","2012-10","-0.009484"
"15","2012-10","-0.009250"
"21","2012-10","-0.009345"
"31","2012-10","-0.009116"
"63","2012-10","-0.009116"
"37","2012-10","-0.009484"
"47","2012-10","-0.009250"
"53","2012-10","-0.009345"
"69","2012-10","-0.009484"
"79","2012-10","-0.009250"
"85","2012-10","-0.009345"
"95","2012-10","-0.009116"
"101","2012-10","-0.009484"
"111","2012-10","-0.009250"
"117","2012-10","-0.009345"
"127","2012-10","-0.009116"
"33","2012-10","-0.008950"
"20","2012-10","-0.010436"
"10","2012-11","0.002520"
"5","2012-11","-0.058448"
"15","2012-11","-0.057920"
"21","2012-11","-0.059716"
"31","2012-11","-0.059186"
"63","2012-11","-0.059186"
"37","2012-11","-0.058448"
"47","2012-11","-0.057920"
"53","2012-11","-0.059716"
"69","2012-11","-0.058448"
"79","2012-11","-0.057920"
"85","2012-11","-0.059716"
"95","2012-11","-0.059186"
"101","2012-11","-0.058448"
"111","2012-11","-0.057920"
"117","2012-11","-0.059716"
"127","2012-11","-0.059186"
"33","2012-11","-0.043038"
"20","2012-11","-0.105684"
"10","2012-12","0.151696"
"5","2012-12","0.150130"
"15","2012-12","0.150143"
"21","2012-12","0.150793"
"31","2012-12","0.150801"
"63","2012-12","0.150801"
"37","2012-12","0.150130"
"47","2012-12","0.150143"
"53","2012-12","0.150793"
"69","2012-12","0.150130"
"79","2012-12","0.150143"
"85","2012-12","0.150793"
"95","2012-12","0.150801"
"101","2012-12","0.150130"
"111","2012-12","0.150143"
"117","2012-12","0.150793"
"127","2012-12","0.150801"
"33","2012-12","0.145905"
"20","2012-12","0.165136"
"10","2013-01","0.188282"
"5","2013-01","0.050682"
"15","2013-01","0.051834"
"21","2013-01","0.051147"
"31","2013-01","0.052274"
"63","2013-01","0.052274"
"37","2013-01","0.050682"
"47","2013-01","0.051834"
"53","2013-01","0.051147"
"69","2013-01","0.050682"
"79","2013-01","0.051834"
"85","2013-01","0.051147"
"95","2013-01","0.052274"
"101","2013-01","0.050682"
"111","2013-01","0.051834"
"117","2013-01","0.051147"
"127","2013-01","0.052274"
"33","2013-01","0.046984"
"20","2013-01","0.063254"
"10","2013-02","-0.015891"
"5","2013-02","-0.001401"
"15","2013-02","-0.001539"
"21","2013-02","0.000474"
"31","2013-02","0.000321"
"63","2013-02","0.000321"
"37","2013-02","-0.001401"
"47","2013-02","-0.001539"
"53","2013-02","0.000474"
"69","2013-02","-0.001401"
"79","2013-02","-0.001539"
"85","2013-02","0.000474"
"95","2013-02","0.000321"
"101","2013-02","-0.001401"
"111","2013-02","-0.001539"
"117","2013-02","0.000474"
"127","2013-02","0.000321"
"33","2013-02","-0.009455"
"20","2013-02","0.028582"
"10","2013-03","-0.055689"
"5","2013-03","-0.051732"
"15","2013-03","-0.051769"
"21","2013-03","-0.050838"
"31","2013-03","-0.050883"
"63","2013-03","-0.050883"
"37","2013-03","-0.051732"
"47","2013-03","-0.051769"
"53","2013-03","-0.050838"
"69","2013-03","-0.051732"
"79","2013-03","-0.051769"
"85","2013-03","-0.050838"
"95","2013-03","-0.050883"
"101","2013-03","-0.051732"
"111","2013-03","-0.051769"
"117","2013-03","-0.050838"
"127","2013-03","-0.050883"
"33","2013-03","-0.053217"
"20","2013-03","-0.044433"
"10","2013-04","-0.003164"
"5","2013-04","-0.024854"
"15","2013-04","-0.024654"
"21","2013-04","-0.023962"
"31","2013-04","-0.023774"
"63","2013-04","-0.023774"
"37","2013-04","-0.024854"
"47","2013-04","-0.024654"
"53","2013-04","-0.023962"
"69","2013-04","-0.024854"
"79","2013-04","-0.024654"
"85","2013-04","-0.023962"
"95","2013-04","-0.023774"
"101","2013-04","-0.024854"
"111","2013-04","-0.024654"
"117","2013-04","-0.023962"
"127","2013-04","-0.023774"
"33","2013-04","-0.026682"
"20","2013-04","-0.016733"
"10","2013-05","0.060541"
"5","2013-05","0.073290"
"15","2013-05","0.073171"
"21","2013-05","0.076626"
"31","2013-05","0.076480"
"63","2013-05","0.076480"
"37","2013-05","0.073290"
"47","2013-05","0.073171"
"53","2013-05","0.076626"
"69","2013-05","0.073290"
"79","2013-05","0.073171"
"85","2013-05","0.076626"
"95","2013-05","0.076480"
"101","2013-05","0.073290"
"111","2013-05","0.073171"
"117","2013-05","0.076626"
"127","2013-05","0.076480"
"33","2013-05","0.056882"
"20","2013-05","0.128167"
"10","2013-06","-0.095372"
"5","2013-06","-0.135631"
"15","2013-06","-0.135267"
"21","2013-06","-0.133991"
"31","2013-06","-0.133652"
"63","2013-06","-0.133652"
"37","2013-06","-0.135631"
"47","2013-06","-0.135267"
"53","2013-06","-0.133991"
"69","2013-06","-0.135631"
"79","2013-06","-0.135267"
"85","2013-06","-0.133991"
"95","2013-06","-0.133652"
"101","2013-06","-0.135631"
"111","2013-06","-0.135267"
"117","2013-06","-0.133991"
"127","2013-06","-0.133652"
"33","2013-06","-0.127457"
"20","2013-06","-0.149727"
"10","2013-07","0.037134"
"5","2013-07","0.024508"
"15","2013-07","0.024628"
"21","2013-07","0.027614"
"31","2013-07","0.027701"
"63","2013-07","0.027701"
"37","2013-07","0.024508"
"47","2013-07","0.024628"
"53","2013-07","0.027614"
"69","2013-07","0.024508"
"79","2013-07","0.024628"
"85","2013-07","0.027614"
"95","2013-07","0.027701"
"101","2013-07","0.024508"
"111","2013-07","0.024628"
"117","2013-07","0.027614"
"127","2013-07","0.027701"
"33","2013-07","0.015512"
"20","2013-07","0.056644"
"10","2013-08","0.051749"
"5","2013-08","0.053077"
"15","2013-08","0.053065"
"21","2013-08","0.052855"
"31","2013-08","0.052846"
"63","2013-08","0.052846"
"37","2013-08","0.053077"
"47","2013-08","0.053065"
"53","2013-08","0.052855"
"69","2013-08","0.053077"
"79","2013-08","0.053065"
"85","2013-08","0.052855"
"95","2013-08","0.052846"
"101","2013-08","0.053077"
"111","2013-08","0.053065"
"117","2013-08","0.052855"
"127","2013-08","0.052846"
"33","2013-08","0.049577"
"20","2013-08","0.060733"
"10","2013-09","0.027291"
"5","2013-09","0.038730"
"15","2013-09","0.038608"
"21","2013-09","0.042069"
"31","2013-09","0.041924"
"63","2013-09","0.041924"
"37","2013-09","0.038730"
"47","2013-09","0.038608"
"53","2013-09","0.042069"
"69","2013-09","0.038730"
"79","2013-09","0.038608"
"85","2013-09","0.042069"
"95","2013-09","0.041924"
"101","2013-09","0.038730"
"111","2013-09","0.038608"
"117","2013-09","0.042069"
"127","2013-09","0.041924"
"33","2013-09","0.036248"
"20","2013-09","0.056190"
"10","2013-10","-0.004068"
"5","2013-10","-0.017304"
"15","2013-10","-0.017192"
"21","2013-10","-0.019582"
"31","2013-10","-0.019456"
"63","2013-10","-0.019456"
"37","2013-10","-0.017304"
"47","2013-10","-0.017192"
"53","2013-10","-0.019582"
"69","2013-10","-0.017304"
"79","2013-10","-0.017192"
"85","2013-10","-0.019582"
"95","2013-10","-0.019456"
"101","2013-10","-0.017304"
"111","2013-10","-0.017192"
"117","2013-10","-0.019582"
"127","2013-10","-0.019456"
"33","2013-10","-0.013597"
"20","2013-10","-0.033529"
"10","2013-11","0.048768"
"5","2013-11","0.040354"
"15","2013-11","0.040424"
"21","2013-11","0.043961"
"31","2013-11","0.043999"
"63","2013-11","0.043999"
"37","2013-11","0.040354"
"47","2013-11","0.040424"
"53","2013-11","0.043961"
"69","2013-11","0.040354"
"79","2013-11","0.040424"
"85","2013-11","0.043961"
"95","2013-11","0.043999"
"101","2013-11","0.040354"
"111","2013-11","0.040424"
"117","2013-11","0.043961"
"127","2013-11","0.043999"
"33","2013-11","0.036393"
"20","2013-11","0.061805"
"10","2013-12","-0.014552"
"5","2013-12","-0.041353"
"15","2013-12","-0.041130"
"21","2013-12","-0.041229"
"31","2013-12","-0.041016"
"63","2013-12","-0.041016"
"37","2013-12","-0.041353"
"47","2013-12","-0.041130"
"53","2013-12","-0.041229"
"69","2013-12","-0.041353"
"79","2013-12","-0.041130"
"85","2013-12","-0.041229"
"95","2013-12","-0.041016"
"101","2013-12","-0.041353"
"111","2013-12","-0.041130"
"117","2013-12","-0.041229"
"127","2013-12","-0.041016"
"33","2013-12","-0.046344"
"20","2013-12","-0.029587"
"10","2014-01","-0.024144"
"5","2014-01","-0.030862"
"15","2014-01","-0.030806"
"21","2014-01","-0.024017"
"31","2014-01","-0.024018"
"63","2014-01","-0.024018"
"37","2014-01","-0.030862"
"47","2014-01","-0.030806"
"53","2014-01","-0.024017"
"69","2014-01","-0.030862"
"79","2014-01","-0.030806"
"85","2014-01","-0.024017"
"95","2014-01","-0.024018"
"101","2014-01","-0.030862"
"111","2014-01","-0.030806"
"117","2014-01","-0.024017"
"127","2014-01","-0.024018"
"33","2014-01","-0.040818"
"20","2014-01","0.013272"
"10","2014-02","-0.043771"
"5","2014-02","0.013347"
"15","2014-02","0.012874"
"21","2014-02","0.012129"
"31","2014-02","0.011687"
"63","2014-02","0.011687"
"37","2014-02","0.013347"
"47","2014-02","0.012874"
"53","2014-02","0.012129"
"69","2014-02","0.013347"
"79","2014-02","0.012874"
"85","2014-02","0.012129"
"95","2014-02","0.011687"
"101","2014-02","0.013347"
"111","2014-02","0.012874"
"117","2014-02","0.012129"
"127","2014-02","0.011687"
"33","2014-02","0.012801"
"20","2014-02","0.010719"
"10","2014-03","-0.016977"
"5","2014-03","-0.016545"
"15","2014-03","-0.016548"
"21","2014-03","-0.019283"
"31","2014-03","-0.019266"
"63","2014-03","-0.019266"
"37","2014-03","-0.016545"
"47","2014-03","-0.016548"
"53","2014-03","-0.019283"
"69","2014-03","-0.016545"
"79","2014-03","-0.016548"
"85","2014-03","-0.019283"
"95","2014-03","-0.019266"
"101","2014-03","-0.016545"
"111","2014-03","-0.016548"
"117","2014-03","-0.019283"
"127","2014-03","-0.019266"
"33","2014-03","-0.008756"
"20","2014-03","-0.041347"
"10","2014-04","0.011179"
"5","2014-04","-0.005254"
"15","2014-04","-0.005125"
"21","2014-04","-0.005785"
"31","2014-04","-0.005657"
"63","2014-04","-0.005657"
"37","2014-04","-0.005254"
"47","2014-04","-0.005125"
"53","2014-04","-0.005785"
"69","2014-04","-0.005254"
"79","2014-04","-0.005125"
"85","2014-04","-0.005785"
"95","2014-04","-0.005657"
"101","2014-04","-0.005254"
"111","2014-04","-0.005125"
"117","2014-04","-0.005785"
"127","2014-04","-0.005657"
"33","2014-04","-0.003058"
"20","2014-04","-0.011790"
"10","2014-05","-0.022212"
"5","2014-05","0.012345"
"15","2014-05","0.012073"
"21","2014-05","0.013985"
"31","2014-05","0.013713"
"63","2014-05","0.013713"
"37","2014-05","0.012345"
"47","2014-05","0.012073"
"53","2014-05","0.013985"
"69","2014-05","0.012345"
"79","2014-05","0.012073"
"85","2014-05","0.013985"
"95","2014-05","0.013713"
"101","2014-05","0.012345"
"111","2014-05","0.012073"
"117","2014-05","0.013985"
"127","2014-05","0.013713"
"33","2014-05","0.008623"
"20","2014-05","0.025783"
"10","2014-06","0.055978"
"5","2014-06","0.022655"
"15","2014-06","0.022904"
"21","2014-06","0.025624"
"31","2014-06","0.025840"
"63","2014-06","0.025840"
"37","2014-06","0.022655"
"47","2014-06","0.022904"
"53","2014-06","0.025624"
"69","2014-06","0.022655"
"79","2014-06","0.022904"
"85","2014-06","0.025624"
"95","2014-06","0.025840"
"101","2014-06","0.022655"
"111","2014-06","0.022904"
"117","2014-06","0.025624"
"127","2014-06","0.025840"
"33","2014-06","0.019745"
"20","2014-06","0.038150"
"10","2014-07","0.103303"
"5","2014-07","0.088997"
"15","2014-07","0.089094"
"21","2014-07","0.083241"
"31","2014-07","0.083370"
"63","2014-07","0.083370"
"37","2014-07","0.088997"
"47","2014-07","0.089094"
"53","2014-07","0.083241"
"69","2014-07","0.088997"
"79","2014-07","0.089094"
"85","2014-07","0.083241"
"95","2014-07","0.083370"
"101","2014-07","0.088997"
"111","2014-07","0.089094"
"117","2014-07","0.083241"
"127","2014-07","0.083370"
"33","2014-07","0.089814"
"20","2014-07","0.069805"
"10","2014-08","0.048995"
"5","2014-08","0.014694"
"15","2014-08","0.014925"
"21","2014-08","0.017505"
"31","2014-08","0.017708"
"63","2014-08","0.017708"
"37","2014-08","0.014694"
"47","2014-08","0.014925"
"53","2014-08","0.017505"
"69","2014-08","0.014694"
"79","2014-08","0.014925"
"85","2014-08","0.017505"
"95","2014-08","0.017708"
"101","2014-08","0.014694"
"111","2014-08","0.014925"
"117","2014-08","0.017505"
"127","2014-08","0.017708"
"33","2014-08","0.003796"
"20","2014-08","0.045620"
"10","2014-09","0.056490"
"5","2014-09","0.077255"
"15","2014-09","0.077113"
"21","2014-09","0.079457"
"31","2014-09","0.079307"
"63","2014-09","0.079307"
"37","2014-09","0.077255"
"47","2014-09","0.077113"
"53","2014-09","0.079457"
"69","2014-09","0.077255"
"79","2014-09","0.077113"
"85","2014-09","0.079457"
"95","2014-09","0.079307"
"101","2014-09","0.077255"
"111","2014-09","0.077113"
"117","2014-09","0.079457"
"127","2014-09","0.079307"
"33","2014-09","0.066783"
"20","2014-09","0.104044"
"10","2014-10","-0.012955"
"5","2014-10","0.023564"
"15","2014-10","0.023314"
"21","2014-10","0.022202"
"31","2014-10","0.021975"
"63","2014-10","0.021975"
"37","2014-10","0.023564"
"47","2014-10","0.023314"
"53","2014-10","0.022202"
"69","2014-10","0.023564"
"79","2014-10","0.023314"
"85","2014-10","0.022202"
"95","2014-10","0.021975"
"101","2014-10","0.023564"
"111","2014-10","0.023314"
"117","2014-10","0.022202"
"127","2014-10","0.021975"
"33","2014-10","0.026438"
"20","2014-10","0.014280"
"10","2014-11","0.034967"
"5","2014-11","0.095701"
"15","2014-11","0.095299"
"21","2014-11","0.093627"
"31","2014-11","0.093259"
"63","2014-11","0.093259"
"37","2014-11","0.095701"
"47","2014-11","0.095299"
"53","2014-11","0.093627"
"69","2014-11","0.095701"
"79","2014-11","0.095299"
"85","2014-11","0.093627"
"95","2014-11","0.093259"
"101","2014-11","0.095701"
"111","2014-11","0.095299"
"117","2014-11","0.093627"
"127","2014-11","0.093259"
"33","2014-11","0.112881"
"20","2014-11","0.057281"
"10","2014-12","0.040783"
"5","2014-12","0.165543"
"15","2014-12","0.164797"
"21","2014-12","0.151618"
"31","2014-12","0.150989"
"63","2014-12","0.150989"
"37","2014-12","0.165543"
"47","2014-12","0.164797"
"53","2014-12","0.151618"
"69","2014-12","0.165543"
"79","2014-12","0.164797"
"85","2014-12","0.151618"
"95","2014-12","0.150989"
"101","2014-12","0.165543"
"111","2014-12","0.164797"
"117","2014-12","0.151618"
"127","2014-12","0.150989"
"33","2014-12","0.219892"
"20","2014-12","0.014634"
"10","2015-01","0.019885"
"5","2015-01","0.007830"
"15","2015-01","0.007896"
"21","2015-01","0.012622"
"31","2015-01","0.012660"
"63","2015-01","0.012660"
"37","2015-01","0.007830"
"47","2015-01","0.007896"
"53","2015-01","0.012622"
"69","2015-01","0.007830"
"79","2015-01","0.007896"
"85","2015-01","0.012622"
"95","2015-01","0.012660"
"101","2015-01","0.007830"
"111","2015-01","0.007896"
"117","2015-01","0.012622"
"127","2015-01","0.012660"
"33","2015-01","-0.008806"
"20","2015-01","0.065280"
"10","2015-02","0.028866"
"5","2015-02","0.040310"
"15","2015-02","0.040247"
"21","2015-02","0.045060"
"31","2015-02","0.044975"
"63","2015-02","0.044975"
"37","2015-02","0.040310"
"47","2015-02","0.040247"
"53","2015-02","0.045060"
"69","2015-02","0.040310"
"79","2015-02","0.040247"
"85","2015-02","0.045060"
"95","2015-02","0.044975"
"101","2015-02","0.040310"
"111","2015-02","0.040247"
"117","2015-02","0.045060"
"127","2015-02","0.044975"
"33","2015-02","0.029338"
"20","2015-02","0.080898"
"10","2015-03","0.047462"
"5","2015-03","0.148415"
"15","2015-03","0.147871"
"21","2015-03","0.153806"
"31","2015-03","0.153261"
"63","2015-03","0.153261"
"37","2015-03","0.148415"
"47","2015-03","0.147871"
"53","2015-03","0.153806"
"69","2015-03","0.148415"
"79","2015-03","0.147871"
"85","2015-03","0.153806"
"95","2015-03","0.153261"
"101","2015-03","0.148415"
"111","2015-03","0.147871"
"117","2015-03","0.153806"
"127","2015-03","0.153261"
"33","2015-03","0.128867"
"20","2015-03","0.208134"
"10","2015-04","0.286036"
"5","2015-04","0.178335"
"15","2015-04","0.178860"
"21","2015-04","0.179852"
"31","2015-04","0.180342"
"63","2015-04","0.180342"
"37","2015-04","0.178335"
"47","2015-04","0.178860"
"53","2015-04","0.179852"
"69","2015-04","0.178335"
"79","2015-04","0.178860"
"85","2015-04","0.179852"
"95","2015-04","0.180342"
"101","2015-04","0.178335"
"111","2015-04","0.178860"
"117","2015-04","0.179852"
"127","2015-04","0.180342"
"33","2015-04","0.188765"
"20","2015-04","0.161747"
"10","2015-05","0.164884"
"5","2015-05","0.067684"
"15","2015-05","0.068185"
"21","2015-05","0.084174"
"31","2015-05","0.084568"
"63","2015-05","0.084568"
"37","2015-05","0.067684"
"47","2015-05","0.068185"
"53","2015-05","0.084174"
"69","2015-05","0.067684"
"79","2015-05","0.068185"
"85","2015-05","0.084174"
"95","2015-05","0.084568"
"101","2015-05","0.067684"
"111","2015-05","0.068185"
"117","2015-05","0.084174"
"127","2015-05","0.084568"
"33","2015-05","0.017096"
"20","2015-05","0.224449"
"10","2015-06","-0.079835"
"5","2015-06","-0.068989"
"15","2015-06","-0.069050"
"21","2015-06","-0.077636"
"31","2015-06","-0.077648"
"63","2015-06","-0.077648"
"37","2015-06","-0.068989"
"47","2015-06","-0.069050"
"53","2015-06","-0.077636"
"69","2015-06","-0.068989"
"79","2015-06","-0.069050"
"85","2015-06","-0.077636"
"95","2015-06","-0.077648"
"101","2015-06","-0.068989"
"111","2015-06","-0.069050"
"117","2015-06","-0.077636"
"127","2015-06","-0.077648"
"33","2015-06","-0.056742"
"20","2015-06","-0.114333"
"5","2015-07","-0.148807"
"10","2015-07","-0.190073"
"15","2015-07","-0.149028"
"21","2015-07","-0.149048"
"31","2015-07","-0.149254"
"63","2015-07","-0.149254"
"37","2015-07","-0.148807"
"47","2015-07","-0.149028"
"53","2015-07","-0.149048"
"69","2015-07","-0.148807"
"79","2015-07","-0.149028"
"85","2015-07","-0.149048"
"95","2015-07","-0.149254"
"101","2015-07","-0.148807"
"111","2015-07","-0.149028"
"117","2015-07","-0.149048"
"127","2015-07","-0.149254"
"33","2015-07","-0.138557"
"20","2015-07","-0.169493"
"10","2015-08","-0.153236"
"5","2015-08","-0.135816"
"15","2015-08","-0.135904"
"21","2015-08","-0.141841"
"31","2015-08","-0.141895"
"63","2015-08","-0.141895"
"37","2015-08","-0.135816"
"47","2015-08","-0.135904"
"53","2015-08","-0.141841"
"69","2015-08","-0.135816"
"79","2015-08","-0.135904"
"85","2015-08","-0.141841"
"95","2015-08","-0.141895"
"101","2015-08","-0.135816"
"111","2015-08","-0.135904"
"117","2015-08","-0.141841"
"127","2015-08","-0.141895"
"33","2015-08","-0.126685"
"20","2015-08","-0.172749"
"10","2015-09","0.004949"
"5","2015-09","-0.057974"
"15","2015-09","-0.057635"
"21","2015-09","-0.052400"
"31","2015-09","-0.052109"
"63","2015-09","-0.052109"
"37","2015-09","-0.057974"
"47","2015-09","-0.057635"
"53","2015-09","-0.052400"
"69","2015-09","-0.057974"
"79","2015-09","-0.057635"
"85","2015-09","-0.052400"
"95","2015-09","-0.052109"
"101","2015-09","-0.057974"
"111","2015-09","-0.057635"
"117","2015-09","-0.052400"
"127","2015-09","-0.052109"
"33","2015-09","-0.049324"
"20","2015-09","-0.058668"
"10","2015-10","0.139108"
"5","2015-10","0.136246"
"15","2015-10","0.136263"
"21","2015-10","0.141874"
"31","2015-10","0.141859"
"63","2015-10","0.141859"
"37","2015-10","0.136246"
"47","2015-10","0.136263"
"53","2015-10","0.141874"
"69","2015-10","0.136246"
"79","2015-10","0.136263"
"85","2015-10","0.141874"
"95","2015-10","0.141859"
"101","2015-10","0.136246"
"111","2015-10","0.136263"
"117","2015-10","0.141874"
"127","2015-10","0.141859"
"33","2015-10","0.111455"
"20","2015-10","0.200999"
"10","2015-11","0.054254"
"5","2015-11","0.032817"
"15","2015-11","0.032939"
"21","2015-11","0.039728"
"31","2015-11","0.039805"
"63","2015-11","0.039805"
"37","2015-11","0.032817"
"47","2015-11","0.032939"
"53","2015-11","0.039728"
"69","2015-11","0.032817"
"79","2015-11","0.032939"
"85","2015-11","0.039728"
"95","2015-11","0.039805"
"101","2015-11","0.032817"
"111","2015-11","0.032939"
"117","2015-11","0.039728"
"127","2015-11","0.039805"
"33","2015-11","0.015571"
"20","2015-11","0.082178"
"10","2015-12","0.109243"
"5","2015-12","0.040161"
"15","2015-12","0.040535"
"21","2015-12","0.040027"
"31","2015-12","0.040374"
"63","2015-12","0.040374"
"37","2015-12","0.040161"
"47","2015-12","0.040535"
"53","2015-12","0.040027"
"69","2015-12","0.040161"
"79","2015-12","0.040535"
"85","2015-12","0.040027"
"95","2015-12","0.040374"
"101","2015-12","0.040161"
"111","2015-12","0.040535"
"117","2015-12","0.040027"
"127","2015-12","0.040374"
"33","2015-12","0.027477"
"20","2015-12","0.060814"
"10","2016-01","-0.171101"
"5","2016-01","-0.244266"
"15","2016-01","-0.243850"
"21","2016-01","-0.249112"
"31","2016-01","-0.248702"
"63","2016-01","-0.248702"
"37","2016-01","-0.244266"
"47","2016-01","-0.243850"
"53","2016-01","-0.249112"
"69","2016-01","-0.244266"
"79","2016-01","-0.243850"
"85","2016-01","-0.249112"
"95","2016-01","-0.248702"
"101","2016-01","-0.244266"
"111","2016-01","-0.243850"
"117","2016-01","-0.249112"
"127","2016-01","-0.248702"
"33","2016-01","-0.225651"
"20","2016-01","-0.287436"
"10","2016-02","-0.033099"
"5","2016-02","-0.018643"
"15","2016-02","-0.018728"
"21","2016-02","-0.021767"
"31","2016-02","-0.021829"
"63","2016-02","-0.021829"
"37","2016-02","-0.018643"
"47","2016-02","-0.018728"
"53","2016-02","-0.021767"
"69","2016-02","-0.018643"
"79","2016-02","-0.018728"
"85","2016-02","-0.021767"
"95","2016-02","-0.021829"
"101","2016-02","-0.018643"
"111","2016-02","-0.018728"
"117","2016-02","-0.021767"
"127","2016-02","-0.021829"
"33","2016-02","-0.016491"
"20","2016-02","-0.031214"
"10","2016-03","0.088535"
"5","2016-03","0.135208"
"15","2016-03","0.134935"
"21","2016-03","0.140929"
"31","2016-03","0.140643"
"63","2016-03","0.140643"
"37","2016-03","0.135208"
"47","2016-03","0.134935"
"53","2016-03","0.140929"
"69","2016-03","0.135208"
"79","2016-03","0.134935"
"85","2016-03","0.140929"
"95","2016-03","0.140643"
"101","2016-03","0.135208"
"111","2016-03","0.134935"
"117","2016-03","0.140929"
"127","2016-03","0.140643"
"33","2016-03","0.119371"
"20","2016-03","0.179555"
"10","2016-04","-0.017976"
"5","2016-04","-0.019585"
"15","2016-04","-0.019576"
"21","2016-04","-0.019963"
"31","2016-04","-0.019953"
"63","2016-04","-0.019953"
"37","2016-04","-0.019585"
"47","2016-04","-0.019576"
"53","2016-04","-0.019963"
"69","2016-04","-0.019585"
"79","2016-04","-0.019576"
"85","2016-04","-0.019963"
"95","2016-04","-0.019953"
"101","2016-04","-0.019585"
"111","2016-04","-0.019576"
"117","2016-04","-0.019963"
"127","2016-04","-0.019953"
"33","2016-04","-0.020223"
"20","2016-04","-0.019522"
"10","2016-05","-0.053663"
"5","2016-05","-0.005616"
"15","2016-05","-0.005888"
"21","2016-05","-0.003906"
"31","2016-05","-0.004168"
"63","2016-05","-0.004168"
"37","2016-05","-0.005616"
"47","2016-05","-0.005888"
"53","2016-05","-0.003906"
"69","2016-05","-0.005616"
"79","2016-05","-0.005888"
"85","2016-05","-0.003906"
"95","2016-05","-0.004168"
"101","2016-05","-0.005616"
"111","2016-05","-0.005888"
"117","2016-05","-0.003906"
"127","2016-05","-0.004168"
"33","2016-05","-0.004712"
"20","2016-05","-0.002515"
"10","2016-06","0.029133"
"5","2016-06","0.019780"
"15","2016-06","0.019831"
"21","2016-06","0.024374"
"31","2016-06","0.024398"
"63","2016-06","0.024398"
"37","2016-06","0.019780"
"47","2016-06","0.019831"
"53","2016-06","0.024374"
"69","2016-06","0.019780"
"79","2016-06","0.019831"
"85","2016-06","0.024374"
"95","2016-06","0.024398"
"101","2016-06","0.019780"
"111","2016-06","0.019831"
"117","2016-06","0.024374"
"127","2016-06","0.024398"
"33","2016-06","0.007297"
"20","2016-06","0.053512"
"10","2016-07","0.026939"
"5","2016-07","0.019671"
"15","2016-07","0.019710"
"21","2016-07","0.013303"
"31","2016-07","0.013371"
"63","2016-07","0.013371"
"37","2016-07","0.019671"
"47","2016-07","0.019710"
"53","2016-07","0.013303"
"69","2016-07","0.019671"
"79","2016-07","0.019710"
"85","2016-07","0.013303"
"95","2016-07","0.013371"
"101","2016-07","0.019671"
"111","2016-07","0.019710"
"117","2016-07","0.013303"
"127","2016-07","0.013371"
"33","2016-07","0.031556"
"20","2016-07","-0.015171"
"10","2016-08","0.027510"
"5","2016-08","0.041243"
"15","2016-08","0.041169"
"21","2016-08","0.041796"
"31","2016-08","0.041725"
"63","2016-08","0.041725"
"37","2016-08","0.041243"
"47","2016-08","0.041169"
"53","2016-08","0.041796"
"69","2016-08","0.041243"
"79","2016-08","0.041169"
"85","2016-08","0.041796"
"95","2016-08","0.041725"
"101","2016-08","0.041243"
"111","2016-08","0.041169"
"117","2016-08","0.041796"
"127","2016-08","0.041725"
"33","2016-08","0.037301"
"20","2016-08","0.049069"
"10","2016-09","0.007799"
"5","2016-09","-0.019411"
"15","2016-09","-0.019266"
"21","2016-09","-0.019653"
"31","2016-09","-0.019518"
"63","2016-09","-0.019518"
"37","2016-09","-0.019411"
"47","2016-09","-0.019266"
"53","2016-09","-0.019653"
"69","2016-09","-0.019411"
"79","2016-09","-0.019266"
"85","2016-09","-0.019653"
"95","2016-09","-0.019518"
"101","2016-09","-0.019411"
"111","2016-09","-0.019266"
"117","2016-09","-0.019653"
"127","2016-09","-0.019518"
"33","2016-09","-0.023226"
"20","2016-09","-0.014022"
"10","2016-10","-0.027819"
"5","2016-10","0.030237"
"15","2016-10","0.029915"
"21","2016-10","0.029780"
"31","2016-10","0.029485"
"63","2016-10","0.029485"
"37","2016-10","0.030237"
"47","2016-10","0.029915"
"53","2016-10","0.029780"
"69","2016-10","0.030237"
"79","2016-10","0.029915"
"85","2016-10","0.029780"
"95","2016-10","0.029485"
"101","2016-10","0.030237"
"111","2016-10","0.029915"
"117","2016-10","0.029780"
"127","2016-10","0.029485"
"33","2016-10","0.031813"
"20","2016-10","0.026578"
"10","2016-11","0.010176"
"5","2016-11","0.044554"
"15","2016-11","0.044380"
"21","2016-11","0.042920"
"31","2016-11","0.042767"
"63","2016-11","0.042767"
"37","2016-11","0.044554"
"47","2016-11","0.044380"
"53","2016-11","0.042920"
"69","2016-11","0.044554"
"79","2016-11","0.044380"
"85","2016-11","0.042920"
"95","2016-11","0.042767"
"101","2016-11","0.044554"
"111","2016-11","0.044380"
"117","2016-11","0.042920"
"127","2016-11","0.042767"
"33","2016-11","0.052450"
"20","2016-11","0.028034"
"10","2016-12","-0.024141"
"5","2016-12","-0.044623"
"15","2016-12","-0.044516"
"21","2016-12","-0.048280"
"31","2016-12","-0.048163"
"63","2016-12","-0.048163"
"37","2016-12","-0.044623"
"47","2016-12","-0.044516"
"53","2016-12","-0.048280"
"69","2016-12","-0.044623"
"79","2016-12","-0.044516"
"85","2016-12","-0.048280"
"95","2016-12","-0.048163"
"101","2016-12","-0.044623"
"111","2016-12","-0.044516"
"117","2016-12","-0.048280"
"127","2016-12","-0.048163"
"33","2016-12","-0.039726"
"20","2016-12","-0.061832"
"5","2017-01","0.014058"
"10","2017-01","-0.010948"
"15","2017-01","0.013925"
"21","2017-01","0.009602"
"31","2017-01","0.009501"
"63","2017-01","0.009501"
"37","2017-01","0.014058"
"47","2017-01","0.013925"
"53","2017-01","0.009602"
"69","2017-01","0.014058"
"79","2017-01","0.013925"
"85","2017-01","0.009602"
"95","2017-01","0.009501"
"101","2017-01","0.014058"
"111","2017-01","0.013925"
"117","2017-01","0.009602"
"127","2017-01","0.009501"
"33","2017-01","0.026849"
"20","2017-01","-0.018069"
"5","2017-02","0.026171"
"10","2017-02","0.029941"
"15","2017-02","0.026190"
"21","2017-02","0.026891"
"31","2017-02","0.026905"
"63","2017-02","0.026905"
"37","2017-02","0.026171"
"47","2017-02","0.026190"
"53","2017-02","0.026891"
"69","2017-02","0.026171"
"79","2017-02","0.026190"
"85","2017-02","0.026891"
"95","2017-02","0.026905"
"101","2017-02","0.026171"
"111","2017-02","0.026190"
"117","2017-02","0.026891"
"127","2017-02","0.026905"
"33","2017-02","0.020752"
"20","2017-02","0.037100"
"10","2017-03","-0.020995"
"5","2017-03","-0.004680"
"15","2017-03","-0.004761"
"21","2017-03","-0.005421"
"31","2017-03","-0.005494"
"63","2017-03","-0.005494"
"37","2017-03","-0.004680"
"47","2017-03","-0.004761"
"53","2017-03","-0.005421"
"69","2017-03","-0.004680"
"79","2017-03","-0.004761"
"85","2017-03","-0.005421"
"95","2017-03","-0.005494"
"101","2017-03","-0.004680"
"111","2017-03","-0.004761"
"117","2017-03","-0.005421"
"127","2017-03","-0.005494"
"33","2017-03","-0.005820"
"20","2017-03","-0.004764"
"10","2017-04","-0.012887"
"5","2017-04","-0.021649"
"15","2017-04","-0.021605"
"21","2017-04","-0.023776"
"31","2017-04","-0.023726"
"63","2017-04","-0.023726"
"37","2017-04","-0.021649"
"47","2017-04","-0.021605"
"53","2017-04","-0.023776"
"69","2017-04","-0.021649"
"79","2017-04","-0.021605"
"85","2017-04","-0.023776"
"95","2017-04","-0.023726"
"101","2017-04","-0.021649"
"111","2017-04","-0.021605"
"117","2017-04","-0.023776"
"127","2017-04","-0.023726"
"33","2017-04","-0.016241"
"20","2017-04","-0.036096"
"10","2017-05","-0.037299"
"5","2017-05","-0.015668"
"15","2017-05","-0.015776"
"21","2017-05","-0.018821"
"31","2017-05","-0.018907"
"63","2017-05","-0.018907"
"37","2017-05","-0.015668"
"47","2017-05","-0.015776"
"53","2017-05","-0.018821"
"69","2017-05","-0.015668"
"79","2017-05","-0.015776"
"85","2017-05","-0.018821"
"95","2017-05","-0.018907"
"101","2017-05","-0.015668"
"111","2017-05","-0.015776"
"117","2017-05","-0.018821"
"127","2017-05","-0.018907"
"33","2017-05","-0.000708"
"20","2017-05","-0.049677"
"10","2017-06","0.079370"
"5","2017-06","0.043017"
"15","2017-06","0.043194"
"21","2017-06","0.041941"
"31","2017-06","0.042111"
"63","2017-06","0.042111"
"37","2017-06","0.043017"
"47","2017-06","0.043194"
"53","2017-06","0.041941"
"69","2017-06","0.043017"
"79","2017-06","0.043194"
"85","2017-06","0.041941"
"95","2017-06","0.042111"
"101","2017-06","0.043017"
"111","2017-06","0.043194"
"117","2017-06","0.041941"
"127","2017-06","0.042111"
"33","2017-06","0.031434"
"20","2017-06","0.060617"
"10","2017-07","0.051158"
"5","2017-07","0.034149"
"15","2017-07","0.034230"
"21","2017-07","0.028680"
"31","2017-07","0.028780"
"63","2017-07","0.028780"
"37","2017-07","0.034149"
"47","2017-07","0.034230"
"53","2017-07","0.028680"
"69","2017-07","0.034149"
"79","2017-07","0.034230"
"85","2017-07","0.028680"
"95","2017-07","0.028780"
"101","2017-07","0.034149"
"111","2017-07","0.034230"
"117","2017-07","0.028680"
"127","2017-07","0.028780"
"33","2017-07","0.047601"
"20","2017-07","-0.002968"
"10","2017-08","0.003665"
"5","2017-08","0.024799"
"15","2017-08","0.024697"
"21","2017-08","0.027304"
"31","2017-08","0.027197"
"63","2017-08","0.027197"
"37","2017-08","0.024799"
"47","2017-08","0.024697"
"53","2017-08","0.027304"
"69","2017-08","0.024799"
"79","2017-08","0.024697"
"85","2017-08","0.027304"
"95","2017-08","0.027197"
"101","2017-08","0.024799"
"111","2017-08","0.024697"
"117","2017-08","0.027304"
"127","2017-08","0.027197"
"33","2017-08","0.025269"
"20","2017-08","0.030860"
"10","2017-09","0.045350"
"5","2017-09","0.006410"
"15","2017-09","0.006584"
"21","2017-09","0.007754"
"31","2017-09","0.007911"
"63","2017-09","0.007911"
"37","2017-09","0.006410"
"47","2017-09","0.006584"
"53","2017-09","0.007754"
"69","2017-09","0.006410"
"79","2017-09","0.006584"
"85","2017-09","0.007754"
"95","2017-09","0.007911"
"101","2017-09","0.006410"
"111","2017-09","0.006584"
"117","2017-09","0.007754"
"127","2017-09","0.007911"
"33","2017-09","-0.001195"
"20","2017-09","0.023379"
"10","2017-10","-0.009905"
"5","2017-10","0.016599"
"15","2017-10","0.016476"
"21","2017-10","0.014066"
"31","2017-10","0.013962"
"63","2017-10","0.013962"
"37","2017-10","0.016599"
"47","2017-10","0.016476"
"53","2017-10","0.014066"
"69","2017-10","0.016599"
"79","2017-10","0.016476"
"85","2017-10","0.014066"
"95","2017-10","0.013962"
"101","2017-10","0.016599"
"111","2017-10","0.016476"
"117","2017-10","0.014066"
"127","2017-10","0.013962"
"33","2017-10","0.016982"
"20","2017-10","0.009154"
"10","2017-11","-0.051200"
"5","2017-11","-0.022531"
"15","2017-11","-0.022659"
"21","2017-11","-0.025872"
"31","2017-11","-0.025978"
"63","2017-11","-0.025978"
"37","2017-11","-0.022531"
"47","2017-11","-0.022659"
"53","2017-11","-0.025872"
"69","2017-11","-0.022531"
"79","2017-11","-0.022659"
"85","2017-11","-0.025872"
"95","2017-11","-0.025978"
"101","2017-11","-0.022531"
"111","2017-11","-0.022659"
"117","2017-11","-0.025872"
"127","2017-11","-0.025978"
"33","2017-11","-0.013791"
"20","2017-11","-0.046274"
"10","2017-12","0.018631"
"5","2017-12","0.001760"
"15","2017-12","0.001831"
"21","2017-12","0.000891"
"31","2017-12","0.000961"
"63","2017-12","0.000961"
"37","2017-12","0.001760"
"47","2017-12","0.001831"
"53","2017-12","0.000891"
"69","2017-12","0.001760"
"79","2017-12","0.001831"
"85","2017-12","0.000891"
"95","2017-12","0.000961"
"101","2017-12","0.001760"
"111","2017-12","0.001831"
"117","2017-12","0.000891"
"127","2017-12","0.000961"
"33","2017-12","0.000211"
"20","2017-12","0.002076"
"10","2018-01","0.018578"
"5","2018-01","0.045015"
"15","2018-01","0.044905"
"21","2018-01","0.039331"
"31","2018-01","0.039250"
"63","2018-01","0.039250"
"37","2018-01","0.045015"
"47","2018-01","0.044905"
"53","2018-01","0.039331"
"69","2018-01","0.045015"
"79","2018-01","0.044905"
"85","2018-01","0.039331"
"95","2018-01","0.039250"
"101","2018-01","0.045015"
"111","2018-01","0.044905"
"117","2018-01","0.039331"
"127","2018-01","0.039250"
"33","2018-01","0.063495"
"20","2018-01","-0.002362"
"10","2018-02","-0.041708"
"5","2018-02","-0.059044"
"15","2018-02","-0.058976"
"21","2018-02","-0.056414"
"31","2018-02","-0.056360"
"63","2018-02","-0.056360"
"37","2018-02","-0.059044"
"47","2018-02","-0.058976"
"53","2018-02","-0.056414"
"69","2018-02","-0.059044"
"79","2018-02","-0.058976"
"85","2018-02","-0.056414"
"95","2018-02","-0.056360"
"101","2018-02","-0.059044"
"111","2018-02","-0.058976"
"117","2018-02","-0.056414"
"127","2018-02","-0.056360"
"33","2018-02","-0.064980"
"20","2018-02","-0.040514"
"10","2018-03","-0.006700"
"5","2018-03","-0.022535"
"15","2018-03","-0.022472"
"21","2018-03","-0.014681"
"31","2018-03","-0.014652"
"63","2018-03","-0.014652"
"37","2018-03","-0.022535"
"47","2018-03","-0.022472"
"53","2018-03","-0.014681"
"69","2018-03","-0.022535"
"79","2018-03","-0.022472"
"85","2018-03","-0.014681"
"95","2018-03","-0.014652"
"101","2018-03","-0.022535"
"111","2018-03","-0.022472"
"117","2018-03","-0.014681"
"127","2018-03","-0.014652"
"33","2018-03","-0.031085"
"20","2018-03","0.015263"
"10","2018-04","-0.044797"
"5","2018-04","-0.032802"
"15","2018-04","-0.032851"
"21","2018-04","-0.033120"
"31","2018-04","-0.033164"
"63","2018-04","-0.033164"
"37","2018-04","-0.032802"
"47","2018-04","-0.032851"
"53","2018-04","-0.033120"
"69","2018-04","-0.032802"
"79","2018-04","-0.032851"
"85","2018-04","-0.033120"
"95","2018-04","-0.033164"
"101","2018-04","-0.032802"
"111","2018-04","-0.032851"
"117","2018-04","-0.033120"
"127","2018-04","-0.033164"
"33","2018-04","-0.026190"
"20","2018-04","-0.045035"
"10","2018-05","-0.008361"
"5","2018-05","0.004330"
"15","2018-05","0.004280"
"21","2018-05","0.001472"
"31","2018-05","0.001436"
"63","2018-05","0.001436"
"37","2018-05","0.004330"
"47","2018-05","0.004280"
"53","2018-05","0.001472"
"69","2018-05","0.004330"
"79","2018-05","0.004280"
"85","2018-05","0.001472"
"95","2018-05","0.001436"
"101","2018-05","0.004330"
"111","2018-05","0.004280"
"117","2018-05","0.001472"
"127","2018-05","0.001436"
"33","2018-05","0.005144"
"20","2018-05","-0.004910"
"10","2018-06","-0.022455"
"5","2018-06","-0.077744"
"15","2018-06","-0.077531"
"21","2018-06","-0.078617"
"31","2018-06","-0.078416"
"63","2018-06","-0.078416"
"37","2018-06","-0.077744"
"47","2018-06","-0.077531"
"53","2018-06","-0.078617"
"69","2018-06","-0.077744"
"79","2018-06","-0.077531"
"85","2018-06","-0.078617"
"95","2018-06","-0.078416"
"101","2018-06","-0.077744"
"111","2018-06","-0.077531"
"117","2018-06","-0.078617"
"127","2018-06","-0.078416"
"33","2018-06","-0.068840"
"20","2018-06","-0.095696"
"10","2018-07","0.066586"
"5","2018-07","0.014614"
"15","2018-07","0.014831"
"21","2018-07","0.011580"
"31","2018-07","0.011793"
"63","2018-07","0.011793"
"37","2018-07","0.014614"
"47","2018-07","0.014831"
"53","2018-07","0.011580"
"69","2018-07","0.014614"
"79","2018-07","0.014831"
"85","2018-07","0.011580"
"95","2018-07","0.011793"
"101","2018-07","0.014614"
"111","2018-07","0.014831"
"117","2018-07","0.011580"
"127","2018-07","0.011793"
"33","2018-07","0.026696"
"20","2018-07","-0.015530"
"10","2018-08","-0.035313"
"5","2018-08","-0.054969"
"15","2018-08","-0.054887"
"21","2018-08","-0.056915"
"31","2018-08","-0.056832"
"63","2018-08","-0.056832"
"37","2018-08","-0.054969"
"47","2018-08","-0.054887"
"53","2018-08","-0.056915"
"69","2018-08","-0.054969"
"79","2018-08","-0.054887"
"85","2018-08","-0.056915"
"95","2018-08","-0.056832"
"101","2018-08","-0.054969"
"111","2018-08","-0.054887"
"117","2018-08","-0.056915"
"127","2018-08","-0.056832"
"33","2018-08","-0.045142"
"20","2018-08","-0.078691"
"10","2018-09","-0.002301"
"5","2018-09","0.028697"
"15","2018-09","0.028566"
"21","2018-09","0.025755"
"31","2018-09","0.025645"
"63","2018-09","0.025645"
"37","2018-09","0.028697"
"47","2018-09","0.028566"
"53","2018-09","0.025755"
"69","2018-09","0.028697"
"79","2018-09","0.028566"
"85","2018-09","0.025755"
"95","2018-09","0.025645"
"101","2018-09","0.028697"
"111","2018-09","0.028566"
"117","2018-09","0.025755"
"127","2018-09","0.025645"
"33","2018-09","0.042300"
"20","2018-09","-0.005656"
"10","2018-10","-0.078370"
"5","2018-10","-0.085848"
"15","2018-10","-0.085817"
"21","2018-10","-0.087409"
"31","2018-10","-0.087374"
"63","2018-10","-0.087374"
"37","2018-10","-0.085848"
"47","2018-10","-0.085817"
"53","2018-10","-0.087409"
"69","2018-10","-0.085848"
"79","2018-10","-0.085817"
"85","2018-10","-0.087409"
"95","2018-10","-0.087374"
"101","2018-10","-0.085848"
"111","2018-10","-0.085817"
"117","2018-10","-0.087409"
"127","2018-10","-0.087374"
"33","2018-10","-0.076219"
"20","2018-10","-0.109624"
"10","2018-11","0.006508"
"5","2018-11","0.004901"
"15","2018-11","0.004907"
"21","2018-11","0.007826"
"31","2018-11","0.007820"
"63","2018-11","0.007820"
"37","2018-11","0.004901"
"47","2018-11","0.004907"
"53","2018-11","0.007826"
"69","2018-11","0.004901"
"79","2018-11","0.004907"
"85","2018-11","0.007826"
"95","2018-11","0.007820"
"101","2018-11","0.004901"
"111","2018-11","0.004907"
"117","2018-11","0.007826"
"127","2018-11","0.007820"
"33","2018-11","-0.006903"
"20","2018-11","0.037374"
"10","2018-12","-0.028070"
"5","2018-12","-0.041944"
"15","2018-12","-0.041887"
"21","2018-12","-0.042590"
"31","2018-12","-0.042534"
"63","2018-12","-0.042534"
"37","2018-12","-0.041944"
"47","2018-12","-0.041887"
"53","2018-12","-0.042590"
"69","2018-12","-0.041944"
"79","2018-12","-0.041887"
"85","2018-12","-0.042590"
"95","2018-12","-0.042534"
"101","2018-12","-0.041944"
"111","2018-12","-0.041887"
"117","2018-12","-0.042590"
"127","2018-12","-0.042534"
"33","2018-12","-0.036137"
"20","2018-12","-0.054805"
"10","2019-01","0.011878"
"5","2019-01","0.036683"
"15","2019-01","0.036581"
"37","2019-01","0.036683"
"47","2019-01","0.036581"
"21","2019-01","0.032233"
"31","2019-01","0.032154"
"53","2019-01","0.032233"
"63","2019-01","0.032154"
"69","2019-01","0.036683"
"79","2019-01","0.036581"
"85","2019-01","0.032233"
"95","2019-01","0.032154"
"101","2019-01","0.036683"
"111","2019-01","0.036581"
"117","2019-01","0.032233"
"127","2019-01","0.032154"
"33","2019-01","0.041756"
"20","2019-01","0.013894"
"10","2019-02","0.120556"
"5","2019-02","0.148704"
"15","2019-02","0.148594"
"21","2019-02","0.155151"
"31","2019-02","0.155025"
"37","2019-02","0.148704"
"47","2019-02","0.148594"
"53","2019-02","0.155151"
"63","2019-02","0.155025"
"69","2019-02","0.148704"
"79","2019-02","0.148594"
"85","2019-02","0.155151"
"95","2019-02","0.155025"
"101","2019-02","0.148704"
"111","2019-02","0.148594"
"117","2019-02","0.155151"
"127","2019-02","0.155025"
"33","2019-02","0.127514"
"20","2019-02","0.209158"
"10","2019-03","0.037066"
"5","2019-03","0.061955"
"15","2019-03","0.061860"
"21","2019-03","0.064811"
"31","2019-03","0.064714"
"37","2019-03","0.061955"
"47","2019-03","0.061860"
"53","2019-03","0.064811"
"63","2019-03","0.064714"
"69","2019-03","0.061955"
"79","2019-03","0.061860"
"85","2019-03","0.064811"
"95","2019-03","0.064714"
"101","2019-03","0.061955"
"111","2019-03","0.061860"
"117","2019-03","0.064811"
"127","2019-03","0.064714"
"33","2019-03","0.045752"
"20","2019-03","0.099285"
"10","2019-04","-0.001319"
"5","2019-04","-0.005448"
"15","2019-04","-0.005432"
"21","2019-04","-0.008520"
"31","2019-04","-0.008495"
"37","2019-04","-0.005448"
"47","2019-04","-0.005432"
"53","2019-04","-0.008520"
"63","2019-04","-0.008495"
"69","2019-04","-0.005448"
"79","2019-04","-0.005432"
"85","2019-04","-0.008520"
"95","2019-04","-0.008495"
"101","2019-04","-0.005448"
"111","2019-04","-0.005432"
"117","2019-04","-0.008520"
"127","2019-04","-0.008495"
"33","2019-04","0.003174"
"20","2019-04","-0.028588"
"10","2019-05","-0.052473"
"5","2019-05","-0.060267"
"15","2019-05","-0.060239"
"21","2019-05","-0.060277"
"31","2019-05","-0.060250"
"37","2019-05","-0.060267"
"47","2019-05","-0.060239"
"53","2019-05","-0.060277"
"63","2019-05","-0.060250"
"69","2019-05","-0.060267"
"79","2019-05","-0.060239"
"85","2019-05","-0.060277"
"95","2019-05","-0.060250"
"101","2019-05","-0.060267"
"111","2019-05","-0.060239"
"117","2019-05","-0.060277"
"127","2019-05","-0.060250"
"33","2019-05","-0.056336"
"20","2019-05","-0.067293"
"10","2019-06","0.110219"
"5","2019-06","0.035268"
"15","2019-06","0.035527"
"21","2019-06","0.033787"
"31","2019-06","0.034032"
"37","2019-06","0.035268"
"47","2019-06","0.035527"
"53","2019-06","0.033787"
"63","2019-06","0.034032"
"69","2019-06","0.035268"
"79","2019-06","0.035527"
"85","2019-06","0.033787"
"95","2019-06","0.034032"
"101","2019-06","0.035268"
"111","2019-06","0.035527"
"117","2019-06","0.033787"
"127","2019-06","0.034032"
"33","2019-06","0.041111"
"20","2019-06","0.020662"
"10","2019-07","-0.001434"
"5","2019-07","-0.003496"
"15","2019-07","-0.003489"
"21","2019-07","-0.002425"
"31","2019-07","-0.002422"
"37","2019-07","-0.003496"
"47","2019-07","-0.003489"
"53","2019-07","-0.002425"
"63","2019-07","-0.002422"
"69","2019-07","-0.003496"
"79","2019-07","-0.003489"
"85","2019-07","-0.002425"
"95","2019-07","-0.002422"
"101","2019-07","-0.003496"
"111","2019-07","-0.003489"
"117","2019-07","-0.002425"
"127","2019-07","-0.002422"
"33","2019-07","-0.005299"
"20","2019-07","0.003551"
"10","2019-08","-0.043688"
"5","2019-08","-0.011727"
"15","2019-08","-0.011833"
"21","2019-08","-0.009727"
"31","2019-08","-0.009832"
"37","2019-08","-0.011904"
"47","2019-08","-0.012009"
"53","2019-08","-0.009894"
"63","2019-08","-0.009998"
"69","2019-08","-0.011727"
"79","2019-08","-0.011833"
"85","2019-08","-0.009727"
"95","2019-08","-0.009832"
"101","2019-08","-0.011904"
"111","2019-08","-0.012009"
"117","2019-08","-0.009894"
"127","2019-08","-0.009998"
"33","2019-08","-0.016061"
"20","2019-08","0.000989"
"10","2019-09","0.023491"
"5","2019-09","0.005400"
"15","2019-09","0.005458"
"21","2019-09","0.006836"
"31","2019-09","0.006886"
"37","2019-09","0.005156"
"47","2019-09","0.005215"
"53","2019-09","0.006609"
"63","2019-09","0.006660"
"69","2019-09","0.005400"
"79","2019-09","0.005458"
"85","2019-09","0.006836"
"95","2019-09","0.006886"
"101","2019-09","0.005156"
"111","2019-09","0.005215"
"117","2019-09","0.006609"
"127","2019-09","0.006660"
"33","2019-09","0.005229"
"20","2019-09","0.009007"
"10","2019-10","-0.040857"
"5","2019-10","0.011990"
"15","2019-10","0.011816"
"21","2019-10","0.012298"
"31","2019-10","0.012137"
"37","2019-10","0.011748"
"47","2019-10","0.011575"
"53","2019-10","0.012074"
"63","2019-10","0.011914"
"69","2019-10","0.011990"
"79","2019-10","0.011816"
"85","2019-10","0.012298"
"95","2019-10","0.012137"
"101","2019-10","0.011748"
"111","2019-10","0.011575"
"117","2019-10","0.012074"
"127","2019-10","0.011914"
"33","2019-10","0.010951"
"20","2019-10","0.014014"
"10","2019-11","-0.059354"
"5","2019-11","-0.015683"
"15","2019-11","-0.015818"
"21","2019-11","-0.015520"
"31","2019-11","-0.015645"
"37","2019-11","-0.015791"
"47","2019-11","-0.015926"
"53","2019-11","-0.015620"
"63","2019-11","-0.015744"
"69","2019-11","-0.015683"
"79","2019-11","-0.015818"
"85","2019-11","-0.015520"
"95","2019-11","-0.015645"
"101","2019-11","-0.015791"
"111","2019-11","-0.015926"
"117","2019-11","-0.015620"
"127","2019-11","-0.015744"
"33","2019-11","-0.017703"
"20","2019-11","-0.012040"
"10","2019-12","0.082671"
"5","2019-12","0.066669"
"15","2019-12","0.066715"
"21","2019-12","0.068468"
"31","2019-12","0.068507"
"37","2019-12","0.066819"
"47","2019-12","0.066866"
"53","2019-12","0.068603"
"63","2019-12","0.068641"
"69","2019-12","0.066669"
"79","2019-12","0.066715"
"85","2019-12","0.068468"
"95","2019-12","0.068507"
"101","2019-12","0.066819"
"111","2019-12","0.066866"
"117","2019-12","0.068603"
"127","2019-12","0.068641"
"33","2019-12","0.058779"
"20","2019-12","0.085400"
"10","2020-01","-0.015616"
"5","2020-01","-0.018869"
"15","2020-01","-0.018859"
"21","2020-01","-0.012214"
"31","2020-01","-0.012223"
"37","2020-01","-0.018232"
"47","2020-01","-0.018225"
"53","2020-01","-0.011648"
"63","2020-01","-0.011658"
"69","2020-01","-0.018869"
"79","2020-01","-0.018859"
"85","2020-01","-0.012214"
"95","2020-01","-0.012223"
"101","2020-01","-0.018232"
"111","2020-01","-0.018225"
"117","2020-01","-0.011648"
"127","2020-01","-0.011658"
"33","2020-01","-0.028176"
"20","2020-01","0.015800"
"10","2020-02","-0.063731"
"5","2020-02","-0.016963"
"15","2020-02","-0.017097"
"21","2020-02","-0.010253"
"31","2020-02","-0.010393"
"37","2020-02","-0.016954"
"47","2020-02","-0.017088"
"53","2020-02","-0.010269"
"63","2020-02","-0.010408"
"20","2020-02","0.023085"
"33","2020-02","-0.031362"
"69","2020-02","-0.016963"
"79","2020-02","-0.017097"
"85","2020-02","-0.010253"
"95","2020-02","-0.010393"
"101","2020-02","-0.016954"
"111","2020-02","-0.017088"
"117","2020-02","-0.010269"
"127","2020-02","-0.010408"
"10","2020-03","-0.086261"
"5","2020-03","-0.051913"
"15","2020-03","-0.052008"
"21","2020-03","-0.055627"
"31","2020-03","-0.055704"
"37","2020-03","-0.052439"
"47","2020-03","-0.052532"
"53","2020-03","-0.056087"
"63","2020-03","-0.056162"
"20","2020-03","-0.078310"
"33","2020-03","-0.041258"
"69","2020-03","-0.051913"
"79","2020-03","-0.052008"
"85","2020-03","-0.055627"
"95","2020-03","-0.055704"
"101","2020-03","-0.052439"
"111","2020-03","-0.052532"
"117","2020-03","-0.056087"
"127","2020-03","-0.056162"
"10","2020-04","0.009003"
"5","2020-04","0.044052"
"15","2020-04","0.043957"
"21","2020-04","0.046841"
"31","2020-04","0.046749"
"37","2020-04","0.044374"
"47","2020-04","0.044280"
"53","2020-04","0.047123"
"63","2020-04","0.047030"
"20","2020-04","0.058472"
"33","2020-04","0.039809"
"69","2020-04","0.044052"
"79","2020-04","0.043957"
"85","2020-04","0.046841"
"95","2020-04","0.046749"
"101","2020-04","0.044374"
"111","2020-04","0.044280"
"117","2020-04","0.047123"
"127","2020-04","0.047030"
"10","2020-05","0.038494"
"5","2020-05","0.001764"
"15","2020-05","0.001859"
"21","2020-05","0.002769"
"31","2020-05","0.002852"
"37","2020-05","0.002370"
"47","2020-05","0.002463"
"53","2020-05","0.003311"
"63","2020-05","0.003393"
"20","2020-05","0.009739"
"33","2020-05","-0.000912"
"69","2020-05","0.001764"
"79","2020-05","0.001859"
"85","2020-05","0.002769"
"95","2020-05","0.002852"
"101","2020-05","0.002370"
"111","2020-05","0.002463"
"117","2020-05","0.003311"
"127","2020-05","0.003393"
"10","2020-06","0.068030"
"5","2020-06","0.066627"
"15","2020-06","0.066631"
"21","2020-06","0.074782"
"31","2020-06","0.074767"
"37","2020-06","0.067149"
"47","2020-06","0.067151"
"53","2020-06","0.075210"
"63","2020-06","0.075194"
"20","2020-06","0.104430"
"33","2020-06","0.055793"
"127","2020-06","0.075194"
"117","2020-06","0.075210"
"111","2020-06","0.067151"
"101","2020-06","0.067149"
"95","2020-06","0.074767"
"85","2020-06","0.074782"
"79","2020-06","0.066631"
"69","2020-06","0.066627"
"10","2020-07","0.175262"
"5","2020-07","0.129930"
"15","2020-07","0.130041"
"21","2020-07","0.130853"
"31","2020-07","0.130950"
"37","2020-07","0.129535"
"47","2020-07","0.129646"
"53","2020-07","0.130495"
"63","2020-07","0.130592"
"20","2020-07","0.144878"
"33","2020-07","0.120433"
"69","2020-07","0.129930"
"79","2020-07","0.130041"
"85","2020-07","0.130853"
"95","2020-07","0.130950"
"101","2020-07","0.129535"
"111","2020-07","0.129646"
"117","2020-07","0.130495"
"127","2020-07","0.130592"
"10","2020-08","0.080691"
"5","2020-08","0.029146"
"15","2020-08","0.029266"
"21","2020-08","0.027213"
"31","2020-08","0.027324"
"37","2020-08","0.027400"
"47","2020-08","0.027523"
"53","2020-08","0.025680"
"63","2020-08","0.025793"
"20","2020-08","0.020570"
"33","2020-08","0.029335"
"69","2020-08","0.029107"
"79","2020-08","0.029228"
"85","2020-08","0.027179"
"95","2020-08","0.027290"
"101","2020-08","0.027362"
"111","2020-08","0.027485"
"117","2020-08","0.025648"
"127","2020-08","0.025761"
"10","2020-09","-0.022132"
"5","2020-09","-0.057021"
"15","2020-09","-0.056939"
"37","2020-09","-0.056957"
"47","2020-09","-0.056877"
"21","2020-09","-0.056104"
"31","2020-09","-0.056033"
"53","2020-09","-0.056057"
"63","2020-09","-0.055987"
"20","2020-09","-0.065261"
"33","2020-09","-0.049523"
"69","2020-09","-0.057030"
"79","2020-09","-0.056948"
"85","2020-09","-0.056112"
"95","2020-09","-0.056041"
"101","2020-09","-0.056966"
"111","2020-09","-0.056886"
"117","2020-09","-0.056065"
"127","2020-09","-0.055996"
"10","2020-10","-0.011484"
"5","2020-10","0.008108"
"15","2020-10","0.008061"
"37","2020-10","0.008199"
"47","2020-10","0.008153"
"21","2020-10","0.010719"
"31","2020-10","0.010672"
"53","2020-10","0.010767"
"63","2020-10","0.010721"
"20","2020-10","0.019438"
"33","2020-10","0.004709"
"69","2020-10","0.008135"
"79","2020-10","0.008088"
"85","2020-10","0.010742"
"95","2020-10","0.010694"
"101","2020-10","0.008226"
"111","2020-10","0.008179"
"117","2020-10","0.010790"
"127","2020-10","0.010743"
"10","2020-11","0.028382"
"5","2020-11","0.050103"
"15","2020-11","0.050053"
"37","2020-11","0.049535"
"47","2020-11","0.049487"
"21","2020-11","0.042037"
"31","2020-11","0.042009"
"53","2020-11","0.041638"
"63","2020-11","0.041611"
"20","2020-11","0.025847"
"33","2020-11","0.052851"
"69","2020-11","0.050077"
"79","2020-11","0.050027"
"85","2020-11","0.042017"
"95","2020-11","0.041989"
"101","2020-11","0.049510"
"111","2020-11","0.049462"
"117","2020-11","0.041619"
"127","2020-11","0.041592"
"10","2020-12","0.035231"
"5","2020-12","0.024477"
"15","2020-12","0.024501"
"37","2020-12","0.024940"
"47","2020-12","0.024962"
"21","2020-12","0.026501"
"31","2020-12","0.026518"
"53","2020-12","0.026886"
"63","2020-12","0.026901"
"20","2020-12","0.029726"
"33","2020-12","0.024930"
"69","2020-12","0.024490"
"79","2020-12","0.024513"
"85","2020-12","0.026511"
"95","2020-12","0.026528"
"101","2020-12","0.024953"
"111","2020-12","0.024975"
"117","2020-12","0.026896"
"127","2020-12","0.026912"
"10","2021-01","-0.007727"
"5","2021-01","-0.000876"
"15","2021-01","-0.000890"
"37","2021-01","-0.000732"
"47","2021-01","-0.000747"
"21","2021-01","-0.001180"
"31","2021-01","-0.001193"
"53","2021-01","-0.001048"
"63","2021-01","-0.001060"
"20","2021-01","-0.001335"
"33","2021-01","-0.000850"
"69","2021-01","-0.000810"
"79","2021-01","-0.000825"
"85","2021-01","-0.001122"
"95","2021-01","-0.001135"
"101","2021-01","-0.000668"
"111","2021-01","-0.000683"
"117","2021-01","-0.000991"
"127","2021-01","-0.001003"
"10","2021-02","0.011537"
"5","2021-02","0.008711"
"15","2021-02","0.008717"
"21","2021-02","0.003571"
"31","2021-02","0.003586"
"37","2021-02","0.007563"
"47","2021-02","0.007571"
"53","2021-02","0.002629"
"63","2021-02","0.002646"
"20","2021-02","-0.009155"
"33","2021-02","0.010740"
"69","2021-02","0.008665"
"79","2021-02","0.008671"
"85","2021-02","0.003532"
"95","2021-02","0.003547"
"101","2021-02","0.007518"
"111","2021-02","0.007526"
"117","2021-02","0.002592"
"127","2021-02","0.002608"
"10","2021-03","0.018226"
"5","2021-03","-0.021692"
"15","2021-03","-0.021609"
"21","2021-03","-0.024021"
"31","2021-03","-0.023942"
"37","2021-03","-0.022304"
"47","2021-03","-0.022221"
"53","2021-03","-0.024531"
"63","2021-03","-0.024453"
"20","2021-03","-0.034286"
"33","2021-03","-0.017969"
"69","2021-03","-0.021636"
"79","2021-03","-0.021553"
"85","2021-03","-0.023969"
"95","2021-03","-0.023890"
"101","2021-03","-0.022249"
"111","2021-03","-0.022166"
"117","2021-03","-0.024480"
"127","2021-03","-0.024402"
"10","2021-04","0.014761"
"5","2021-04","0.008140"
"15","2021-04","0.008155"
"21","2021-04","0.014819"
"31","2021-04","0.014819"
"37","2021-04","0.009402"
"47","2021-04","0.009413"
"53","2021-04","0.015843"
"63","2021-04","0.015841"
"20","2021-04","0.034403"
"33","2021-04","0.003538"
"69","2021-04","0.008165"
"79","2021-04","0.008180"
"85","2021-04","0.014837"
"95","2021-04","0.014837"
"101","2021-04","0.009425"
"111","2021-04","0.009437"
"117","2021-04","0.015860"
"127","2021-04","0.015858"
"10","2021-05","0.043436"
"5","2021-05","0.045792"
"15","2021-05","0.045787"
"21","2021-05","0.049428"
"31","2021-05","0.049416"
"37","2021-05","0.046831"
"47","2021-05","0.046824"
"53","2021-05","0.050289"
"63","2021-05","0.050276"
"20","2021-05","0.049331"
"33","2021-05","0.050946"
"69","2021-05","0.045764"
"79","2021-05","0.045759"
"85","2021-05","0.049401"
"95","2021-05","0.049389"
"101","2021-05","0.046803"
"111","2021-05","0.046796"
"117","2021-05","0.050262"
"127","2021-05","0.050249"
"10","2021-06","0.114059"
"5","2021-06","-0.003361"
"15","2021-06","-0.003118"
"21","2021-06","0.005041"
"31","2021-06","0.005240"
"37","2021-06","-0.001095"
"47","2021-06","-0.000862"
"53","2021-06","0.006892"
"63","2021-06","0.007085"
"20","2021-06","0.017283"
"33","2021-06","-0.000192"
"69","2021-06","-0.003232"
"79","2021-06","-0.002990"
"85","2021-06","0.005149"
"95","2021-06","0.005349"
"101","2021-06","-0.000970"
"111","2021-06","-0.000738"
"117","2021-06","0.006998"
"127","2021-06","0.007190"
"10","2021-07","0.024594"
"5","2021-07","-0.049456"
"15","2021-07","-0.049299"
"21","2021-07","-0.041115"
"31","2021-07","-0.040994"
"37","2021-07","-0.047640"
"47","2021-07","-0.047490"
"53","2021-07","-0.039708"
"63","2021-07","-0.039592"
"20","2021-07","-0.027144"
"33","2021-07","-0.048535"
"69","2021-07","-0.049346"
"79","2021-07","-0.049190"
"85","2021-07","-0.041026"
"95","2021-07","-0.040904"
"101","2021-07","-0.047534"
"111","2021-07","-0.047385"
"117","2021-07","-0.039622"
"127","2021-07","-0.039505"
"10","2021-08","0.032901"
"5","2021-08","0.051771"
"15","2021-08","0.051730"
"21","2021-08","0.040323"
"31","2021-08","0.040309"
"37","2021-08","0.048827"
"47","2021-08","0.048793"
"53","2021-08","0.038079"
"63","2021-08","0.038069"
"20","2021-08","0.025944"
"33","2021-08","0.046820"
"69","2021-08","0.051736"
"79","2021-08","0.051694"
"85","2021-08","0.040302"
"95","2021-08","0.040288"
"101","2021-08","0.048796"
"111","2021-08","0.048762"
"117","2021-08","0.038061"
"127","2021-08","0.038051"
"10","2021-09","0.012724"
"5","2021-09","0.005076"
"15","2021-09","0.005092"
"21","2021-09","0.002659"
"31","2021-09","0.002678"
"37","2021-09","0.002574"
"47","2021-09","0.002595"
"53","2021-09","0.000534"
"63","2021-09","0.000556"
"20","2021-09","-0.012606"
"33","2021-09","0.009811"
"69","2021-09","0.005541"
"79","2021-09","0.005556"
"85","2021-09","0.003067"
"95","2021-09","0.003085"
"101","2021-09","0.003027"
"111","2021-09","0.003048"
"117","2021-09","0.000933"
"127","2021-09","0.000955"
"10","2021-10","-0.016164"
"5","2021-10","-0.005715"
"15","2021-10","-0.005737"
"21","2021-10","-0.001999"
"31","2021-10","-0.002026"
"37","2021-10","-0.004945"
"47","2021-10","-0.004969"
"53","2021-10","-0.001423"
"63","2021-10","-0.001450"
"20","2021-10","0.004075"
"33","2021-10","-0.005234"
"69","2021-10","-0.005811"
"79","2021-10","-0.005834"
"85","2021-10","-0.002089"
"95","2021-10","-0.002116"
"101","2021-10","-0.005040"
"111","2021-10","-0.005064"
"117","2021-10","-0.001511"
"127","2021-10","-0.001538"
"10","2021-11","0.020720"
"5","2021-11","0.009759"
"15","2021-11","0.009782"
"21","2021-11","0.019195"
"31","2021-11","0.019198"
"37","2021-11","0.012575"
"47","2021-11","0.012592"
"53","2021-11","0.021387"
"63","2021-11","0.021385"
"20","2021-11","0.048874"
"33","2021-11","0.001963"
"69","2021-11","0.009837"
"79","2021-11","0.009860"
"85","2021-11","0.019250"
"95","2021-11","0.019253"
"101","2021-11","0.012646"
"111","2021-11","0.012662"
"117","2021-11","0.021437"
"127","2021-11","0.021436"
"5","2021-12","0.027943"
"10","2021-12","0.014674"
"15","2021-12","0.027915"
"37","2021-12","0.025382"
"47","2021-12","0.025360"
"21","2021-12","0.018847"
"31","2021-12","0.018839"
"53","2021-12","0.016913"
"63","2021-12","0.016910"
"20","2021-12","0.008834"
"33","2021-12","0.022874"
"69","2021-12","0.027877"
"79","2021-12","0.027849"
"85","2021-12","0.018803"
"95","2021-12","0.018795"
"101","2021-12","0.025322"
"111","2021-12","0.025300"
"117","2021-12","0.016874"
"127","2021-12","0.016870"
"10","2022-01","-0.019538"
"5","2022-01","-0.079995"
"15","2022-01","-0.079870"
"20","2022-01","-0.104087"
"21","2022-01","-0.085825"
"31","2022-01","-0.085707"
"33","2022-01","-0.075186"
"37","2022-01","-0.081927"
"47","2022-01","-0.081802"
"53","2022-01","-0.087332"
"63","2022-01","-0.087214"
"69","2022-01","-0.080058"
"79","2022-01","-0.079933"
"85","2022-01","-0.085872"
"95","2022-01","-0.085753"
"101","2022-01","-0.081985"
"111","2022-01","-0.081860"
"117","2022-01","-0.087375"
"127","2022-01","-0.087258"
"10","2022-02","-0.007292"
"5","2022-02","0.030234"
"15","2022-02","0.030151"
"20","2022-02","0.023735"
"21","2022-02","0.028134"
"31","2022-02","0.028066"
"33","2022-02","0.030923"
"37","2022-02","0.029958"
"47","2022-02","0.029879"
"53","2022-02","0.027953"
"63","2022-02","0.027887"
"69","2022-02","0.030038"
"79","2022-02","0.029957"
"85","2022-02","0.027966"
"95","2022-02","0.027899"
"101","2022-02","0.029769"
"111","2022-02","0.029691"
"117","2022-02","0.027790"
"127","2022-02","0.027726"
"10","2022-03","-0.026799"
"5","2022-03","-0.065859"
"15","2022-03","-0.065777"
"20","2022-03","-0.086892"
"21","2022-03","-0.067696"
"31","2022-03","-0.067622"
"33","2022-03","-0.056758"
"37","2022-03","-0.067600"
"47","2022-03","-0.067518"
"53","2022-03","-0.069168"
"63","2022-03","-0.069093"
"69","2022-03","-0.065940"
"79","2022-03","-0.065858"
"85","2022-03","-0.067763"
"95","2022-03","-0.067689"
"101","2022-03","-0.067674"
"111","2022-03","-0.067592"
"117","2022-03","-0.069230"
"127","2022-03","-0.069155"
