PERMNO,date,TICKER,RET,sprtrn
17144,2010/01/29,GIS,0.013981,-0.036974
17144,2010/02/26,GIS,0.009816,0.028514
17144,2010/03/31,GIS,-0.016942,0.058796
17144,2010/04/30,GIS,0.012149,0.014759
17144,2010/05/28,GIS,0.000984,-0.081976
17144,2010/06/30,GIS,-0.002667,-0.053882
17144,2010/07/30,GIS,-0.029279,0.068778
17144,2010/08/31,GIS,0.057310,-0.047449
17144,2010/09/30,GIS,0.010509,0.087551
17144,2010/10/29,GIS,0.035577,0.036856
17144,2010/11/30,GIS,-0.059372,-0.002290
17144,2010/12/31,GIS,0.007359,0.065300
17144,2011/01/31,GIS,-0.014892,0.022646
17144,2011/02/28,GIS,0.067855,0.031957
17144,2011/03/31,GIS,-0.015886,-0.001047
17144,2011/04/29,GIS,0.063201,0.028495
17144,2011/05/31,GIS,0.030845,-0.013501
17144,2011/06/30,GIS,-0.064119,-0.018258
17144,2011/07/29,GIS,0.011687,-0.021474
17144,2011/08/31,GIS,0.014993,-0.056791
17144,2011/09/30,GIS,0.015299,-0.071762
17144,2011/10/31,GIS,0.008963,0.107723
17144,2011/11/30,GIS,0.036854,-0.005059
17144,2011/12/30,GIS,0.011514,0.008533
17144,2012/01/31,GIS,-0.006805,0.043583
17144,2012/02/29,GIS,-0.038162,0.040589
17144,2012/03/30,GIS,0.029757,0.031332
17144,2012/04/30,GIS,-0.006464,-0.007497
17144,2012/05/31,GIS,-0.015685,-0.062651
17144,2012/06/29,GIS,0.006792,0.039555
17144,2012/07/31,GIS,0.012714,0.012598
17144,2012/08/31,GIS,0.016279,0.019763
17144,2012/09/28,GIS,0.013221,0.024236
17144,2012/10/31,GIS,0.014053,-0.019789
17144,2012/11/30,GIS,0.022705,0.002847
17144,2012/12/31,GIS,-0.013906,0.007068
17144,2013/01/31,GIS,0.045769,0.050428
17144,2013/02/28,GIS,0.102766,0.011061
17144,2013/03/28,GIS,0.066162,0.035988
17144,2013/04/30,GIS,0.029203,0.018086
17144,2013/05/31,GIS,-0.066243,0.020763
17144,2013/06/28,GIS,0.030799,-0.014999
17144,2013/07/31,GIS,0.079332,0.049462
17144,2013/08/30,GIS,-0.051538,-0.031298
17144,2013/09/30,GIS,-0.028386,0.029749
17144,2013/10/31,GIS,0.060100,0.044596
17144,2013/11/29,GIS,0.000198,0.028049
17144,2013/12/31,GIS,-0.010311,0.023563
17144,2014/01/31,GIS,-0.030254,-0.035583
17144,2014/02/28,GIS,0.041858,0.043117
17144,2014/03/31,GIS,0.035779,0.006932
17144,2014/04/30,GIS,0.031069,0.006201
17144,2014/05/30,GIS,0.036024,0.021030
17144,2014/06/30,GIS,-0.043510,0.019058
17144,2014/07/31,GIS,-0.037686,-0.015080
17144,2014/08/29,GIS,0.064407,0.037655
17144,2014/09/30,GIS,-0.054889,-0.015514
17144,2014/10/31,GIS,0.038057,0.023201
17144,2014/11/28,GIS,0.015204,0.024534
17144,2014/12/31,GIS,0.010995,-0.004189
17144,2015/01/30,GIS,-0.008251,-0.031041
17144,2015/02/27,GIS,0.024962,0.054893
17144,2015/03/31,GIS,0.052240,-0.017396
17144,2015/04/30,GIS,-0.014488,0.008521
17144,2015/05/29,GIS,0.014637,0.010491
17144,2015/06/30,GIS,-0.007658,-0.021012
17144,2015/07/31,GIS,0.052584,0.019742
17144,2015/08/31,GIS,-0.024910,-0.062581
17144,2015/09/30,GIS,-0.011099,-0.026443
17144,2015/10/30,GIS,0.043114,0.082983
17144,2015/11/30,GIS,-0.006023,0.000505
17144,2015/12/31,GIS,-0.001731,-0.017530
17144,2016/01/29,GIS,-0.012314,-0.050735
17144,2016/02/29,GIS,0.041409,-0.004128
17144,2016/03/31,GIS,0.076466,0.065991
17144,2016/04/29,GIS,-0.024467,0.002699
17144,2016/05/31,GIS,0.023476,0.015329
17144,2016/06/30,GIS,0.136031,0.000906
17144,2016/07/29,GIS,0.014722,0.035610
17144,2016/08/31,GIS,-0.014884,-0.001219
17144,2016/09/30,GIS,-0.097995,-0.001234
17144,2016/10/31,GIS,-0.022229,-0.019426
17144,2016/11/30,GIS,-0.016780,0.034174
17144,2016/12/30,GIS,0.013620,0.018201
17144,2017/01/31,GIS,0.019265,0.017884
17144,2017/02/28,GIS,-0.033771,0.037198
17144,2017/03/31,GIS,-0.022528,-0.000389
17144,2017/04/28,GIS,-0.017285,0.009091
17144,2017/05/31,GIS,-0.013389,0.011576
17144,2017/06/30,GIS,-0.023616,0.004814
17144,2017/07/31,GIS,0.013538,0.019349
17144,2017/08/31,GIS,-0.043119,0.000546
17144,2017/09/29,GIS,-0.028164,0.019303
17144,2017/10/31,GIS,0.012558,0.022188
17144,2017/11/30,GIS,0.089368,0.028083
17144,2017/12/29,GIS,0.048267,0.009832
17144,2018/01/31,GIS,-0.005229,0.056179
17144,2018/02/28,GIS,-0.135750,-0.038947
17144,2018/03/29,GIS,-0.108605,-0.026885
17144,2018/04/30,GIS,-0.018420,0.002719
17144,2018/05/31,GIS,-0.033150,0.021608
17144,2018/06/29,GIS,0.046583,0.004842
17144,2018/07/31,GIS,0.051740,0.036022
17144,2018/08/31,GIS,-0.001086,0.030263
17144,2018/09/28,GIS,-0.067159,0.004294
17144,2018/10/31,GIS,0.031920,-0.069403
17144,2018/11/30,GIS,-0.034018,0.017859
17144,2018/12/31,GIS,-0.079650,-0.091777
17144,2019/01/31,GIS,0.153826,0.078684
17144,2019/02/28,GIS,0.060531,0.029729
17144,2019/03/29,GIS,0.098027,0.017924
17144,2019/04/30,GIS,0.004058,0.039313
17144,2019/05/31,GIS,-0.039441,-0.065778
17144,2019/06/28,GIS,0.062298,0.068930
17144,2019/07/31,GIS,0.020564,0.013128
17144,2019/08/30,GIS,0.012992,-0.018092
17144,2019/09/30,GIS,0.024535,0.017181
17144,2019/10/31,GIS,-0.068396,0.020432
17144,2019/11/29,GIS,0.048368,0.034047
17144,2019/12/31,GIS,0.004501,0.028590
17144,2020/01/31,GIS,-0.015870,-0.001628
17144,2020/02/28,GIS,-0.061662,-0.084110
17144,2020/03/31,GIS,0.076939,-0.125119
17144,2020/04/30,GIS,0.144211,0.126844
17144,2020/05/29,GIS,0.052596,0.045282
17144,2020/06/30,GIS,-0.022049,0.018388
17144,2020/07/31,GIS,0.034225,0.055101
17144,2020/08/31,GIS,0.010748,0.070065
17144,2020/09/30,GIS,-0.035496,-0.039228
17144,2020/10/30,GIS,-0.033236,-0.027666
17144,2020/11/30,GIS,0.028755,0.107546
17144,2020/12/31,GIS,-0.033213,0.037121
84403,2010/01/29,WGOV,-0.013194,-0.036974
84403,2010/02/26,WGOV,0.134487,0.028514
84403,2010/03/31,WGOV,0.110802,0.058796
84403,2010/04/30,WGOV,0.002189,0.014759
84403,2010/05/28,WGOV,-0.102652,-0.081976
84403,2010/06/30,WGOV,-0.110453,-0.053882
84403,2010/07/30,WGOV,0.184489,0.068778
84403,2010/08/31,WGOV,-0.134259,-0.047449
84403,2010/09/30,WGOV,0.241194,0.087551
84403,2010/10/29,WGOV,-0.033313,0.036856
84403,2010/11/30,WGOV,0.077537,-0.002290
84403,2010/12/31,WGOV,0.114210,0.065300
84403,2011/01/31,WWD,-0.102103,0.022646
84403,2011/02/28,WWD,-0.022683,0.031957
84403,2011/03/31,WWD,0.050775,-0.001047
84403,2011/04/29,WWD,0.072049,0.028495
84403,2011/05/31,WWD,-0.047503,-0.013501
84403,2011/06/30,WWD,-0.010221,-0.018258
84403,2011/07/29,WWD,-0.010327,-0.021474
84403,2011/08/31,WWD,-0.058261,-0.056791
84403,2011/09/30,WWD,-0.154843,-0.071762
84403,2011/10/31,WWD,0.236496,0.107723
84403,2011/11/30,WWD,0.251771,-0.005059
84403,2011/12/30,WWD,-0.033302,0.008533
84403,2012/01/31,WWD,0.025654,0.043583
84403,2012/02/29,WWD,0.044545,0.040589
84403,2012/03/30,WWD,-0.021476,0.031332
84403,2012/04/30,WWD,-0.028952,-0.007497
84403,2012/05/31,WWD,-0.091368,-0.062651
84403,2012/06/29,WWD,0.045876,0.039555
84403,2012/07/31,WWD,-0.148834,0.012598
84403,2012/08/31,WWD,0.042895,0.019763
84403,2012/09/28,WWD,-0.027197,0.024236
84403,2012/10/31,WWD,-0.014126,-0.019789
84403,2012/11/30,WWD,0.094030,0.002847
84403,2012/12/31,WWD,0.042658,0.007068
84403,2013/01/31,WWD,0.007343,0.050428
84403,2013/02/28,WWD,-0.023431,0.011061
84403,2013/03/28,WWD,0.062249,0.035988
84403,2013/04/30,WWD,-0.094819,0.018086
84403,2013/05/31,WWD,0.090025,0.020763
84403,2013/06/28,WWD,0.021711,-0.014999
84403,2013/07/31,WWD,0.023000,0.049462
84403,2013/08/30,WWD,-0.055718,-0.031298
84403,2013/09/30,WWD,0.058869,0.029749
84403,2013/10/31,WWD,-0.018124,0.044596
84403,2013/11/29,WWD,0.072088,0.028049
84403,2013/12/31,WWD,0.063170,0.023563
84403,2014/01/31,WWD,-0.060513,-0.035583
84403,2014/02/28,WWD,0.019137,0.043117
84403,2014/03/31,WWD,-0.047259,0.006932
84403,2014/04/30,WWD,0.079461,0.006201
84403,2014/05/30,WWD,-0.001115,0.021030
84403,2014/06/30,WWD,0.122595,0.019058
84403,2014/07/31,WWD,-0.004384,-0.015080
84403,2014/08/29,WWD,0.047038,0.037655
84403,2014/09/30,WWD,-0.088263,-0.015514
84403,2014/10/31,WWD,0.075388,0.023201
84403,2014/11/28,WWD,0.010740,0.024534
84403,2014/12/31,WWD,-0.047407,-0.004189
84403,2015/01/30,WWD,-0.093845,-0.031041
84403,2015/02/27,WWD,0.090563,0.054893
84403,2015/03/31,WWD,0.050669,-0.017396
84403,2015/04/30,WWD,-0.077632,0.008521
84403,2015/05/29,WWD,0.084803,0.010491
84403,2015/06/30,WWD,0.079505,-0.021012
84403,2015/07/31,WWD,-0.102382,0.019742
84403,2015/08/31,WWD,-0.074149,-0.062581
84403,2015/09/30,WWD,-0.107456,-0.026443
84403,2015/10/30,WWD,0.117936,0.082983
84403,2015/11/30,WWD,0.110549,0.000505
84403,2015/12/31,WWD,-0.015269,-0.017530
84403,2016/01/29,WWD,-0.069875,-0.050735
84403,2016/02/29,WWD,0.018835,-0.004128
84403,2016/03/31,WWD,0.107987,0.065991
84403,2016/04/29,WWD,0.042099,0.002699
84403,2016/05/31,WWD,0.052389,0.015329
84403,2016/06/30,WWD,0.012294,0.000906
84403,2016/07/29,WWD,0.015614,0.035610
84403,2016/08/31,WWD,0.073283,-0.001219
84403,2016/09/30,WWD,-0.003827,-0.001234
84403,2016/10/31,WWD,-0.056018,-0.019426
84403,2016/11/30,WWD,0.150220,0.034174
84403,2016/12/30,WWD,0.019489,0.018201
84403,2017/01/31,WWD,0.008544,0.017884
84403,2017/02/28,WWD,0.013426,0.037198
84403,2017/03/31,WWD,-0.035912,-0.000389
84403,2017/04/28,WWD,-0.003681,0.009091
84403,2017/05/31,WWD,0.008497,0.011576
84403,2017/06/30,WWD,-0.007927,0.004814
84403,2017/07/31,WWD,0.034922,0.019349
84403,2017/08/31,WWD,0.005648,0.000546
84403,2017/09/29,WWD,0.105398,0.019303
84403,2017/10/31,WWD,-0.003608,0.022188
84403,2017/11/30,WWD,0.001875,0.028083
84403,2017/12/29,WWD,-0.010472,0.009832
84403,2018/01/31,WWD,0.012804,0.056179
84403,2018/02/28,WWD,-0.084462,-0.038947
84403,2018/03/29,WWD,0.011718,-0.026885
84403,2018/04/30,WWD,0.003907,0.002719
84403,2018/05/31,WWD,0.055220,0.021608
84403,2018/06/29,WWD,0.014386,0.004842
84403,2018/07/31,WWD,0.082618,0.036022
84403,2018/08/31,WWD,-0.030135,0.030263
84403,2018/09/28,WWD,0.003724,0.004294
84403,2018/10/31,WWD,-0.089290,-0.069403
84403,2018/11/30,WWD,0.138274,0.017859
84403,2018/12/31,WWD,-0.112213,-0.091777
84403,2019/01/31,WWD,0.222910,0.078684
84403,2019/02/28,WWD,0.062218,0.029729
84403,2019/03/29,WWD,-0.015051,0.017924
84403,2019/04/30,WWD,0.147645,0.039313
84403,2019/05/31,WWD,0.001676,-0.065778
84403,2019/06/28,WWD,0.038928,0.068930
84403,2019/07/31,WWD,-0.009898,0.013128
84403,2019/08/30,WWD,-0.035947,-0.018092
84403,2019/09/30,WWD,-0.000185,0.017181
84403,2019/10/31,WWD,-0.010850,0.020432
84403,2019/11/29,WWD,0.096498,0.034047
84403,2019/12/31,WWD,0.014128,0.028590
84403,2020/01/31,WWD,-0.017984,-0.001628
84403,2020/02/28,WWD,-0.110309,-0.084110
84403,2020/03/31,WWD,-0.424031,-0.125119
84403,2020/04/30,WWD,0.018843,0.126844
84403,2020/05/29,WWD,0.133772,0.045282
84403,2020/06/30,WWD,0.130796,0.018388
84403,2020/07/31,WWD,-0.033656,0.055101
84403,2020/08/31,WWD,0.144532,0.070065
84403,2020/09/30,WWD,-0.064535,-0.039228
84403,2020/10/30,WWD,-0.007610,-0.027666
84403,2020/11/30,WWD,0.406804,0.107546
84403,2020/12/31,WWD,0.086739,0.037121
89393,2010/01/29,NFLX,0.129969,-0.036974
89393,2010/02/26,NFLX,0.061044,0.028514
89393,2010/03/31,NFLX,0.116427,0.058796
89393,2010/04/30,NFLX,0.341199,0.014759
89393,2010/05/28,NFLX,0.123862,-0.081976
89393,2010/06/30,NFLX,-0.022492,-0.053882
89393,2010/07/30,NFLX,-0.056144,0.068778
89393,2010/08/31,NFLX,0.223988,-0.047449
89393,2010/09/30,NFLX,0.291906,0.087551
89393,2010/10/29,NFLX,0.070363,0.036856
89393,2010/11/30,NFLX,0.186265,-0.002290
89393,2010/12/31,NFLX,-0.146673,0.065300
89393,2011/01/31,NFLX,0.218441,0.022646
89393,2011/02/28,NFLX,-0.034613,0.031957
89393,2011/03/31,NFLX,0.150530,-0.001047
89393,2011/04/29,NFLX,-0.021490,0.028495
89393,2011/05/31,NFLX,0.163880,-0.013501
89393,2011/06/30,NFLX,-0.029948,-0.018258
89393,2011/07/29,NFLX,0.012562,-0.021474
89393,2011/08/31,NFLX,-0.116471,-0.056791
89393,2011/09/30,NFLX,-0.518021,-0.071762
89393,2011/10/31,NFLX,-0.275360,0.107723
89393,2011/11/30,NFLX,-0.213816,-0.005059
89393,2011/12/30,NFLX,0.073764,0.008533
89393,2012/01/31,NFLX,0.734738,0.043583
89393,2012/02/29,NFLX,-0.078785,0.040589
89393,2012/03/30,NFLX,0.038923,0.031332
89393,2012/04/30,NFLX,-0.303373,-0.007497
89393,2012/05/31,NFLX,-0.208385,-0.062651
89393,2012/06/29,NFLX,0.079524,0.039555
89393,2012/07/31,NFLX,-0.169891,0.012598
89393,2012/08/31,NFLX,0.050484,0.019763
89393,2012/09/28,NFLX,-0.088413,0.024236
89393,2012/10/31,NFLX,0.455536,-0.019789
89393,2012/11/30,NFLX,0.031179,0.002847
89393,2012/12/31,NFLX,0.133154,0.007068
89393,2013/01/31,NFLX,0.784642,0.050428
89393,2013/02/28,NFLX,0.138223,0.011061
89393,2013/03/28,NFLX,0.006380,0.035988
89393,2013/04/30,NFLX,0.141536,0.018086
89393,2013/05/31,NFLX,0.047114,0.020763
89393,2013/06/28,NFLX,-0.067006,-0.014999
89393,2013/07/31,NFLX,0.158198,0.049462
89393,2013/08/30,NFLX,0.161262,-0.031298
89393,2013/09/30,NFLX,0.089113,0.029749
89393,2013/10/31,NFLX,0.042916,0.044596
89393,2013/11/29,NFLX,0.134334,0.028049
89393,2013/12/31,NFLX,0.006479,0.023563
89393,2014/01/31,NFLX,0.111796,-0.035583
89393,2014/02/28,NFLX,0.088682,0.043117
89393,2014/03/31,NFLX,-0.210040,0.006932
89393,2014/04/30,NFLX,-0.085192,0.006201
89393,2014/05/30,NFLX,0.297447,0.021030
89393,2014/06/30,NFLX,0.054496,0.019058
89393,2014/07/31,NFLX,-0.040581,-0.015080
89393,2014/08/29,NFLX,0.129921,0.037655
89393,2014/09/30,NFLX,-0.055397,-0.015514
89393,2014/10/31,NFLX,-0.129461,0.023201
89393,2014/11/28,NFLX,-0.117575,0.024534
89393,2014/12/31,NFLX,-0.014369,-0.004189
89393,2015/01/30,NFLX,0.293288,-0.031041
89393,2015/02/27,NFLX,0.074943,0.054893
89393,2015/03/31,NFLX,-0.122592,-0.017396
89393,2015/04/30,NFLX,0.335525,0.008521
89393,2015/05/29,NFLX,0.121402,0.010491
89393,2015/06/30,NFLX,0.052687,-0.021012
89393,2015/07/31,NFLX,0.218026,0.019742
89393,2015/08/31,NFLX,0.006299,-0.062581
89393,2015/09/30,NFLX,-0.102321,-0.026443
89393,2015/10/30,NFLX,0.049584,0.082983
89393,2015/11/30,NFLX,0.137941,0.000505
89393,2015/12/31,NFLX,-0.072570,-0.017530
89393,2016/01/29,NFLX,-0.197062,-0.050735
89393,2016/02/29,NFLX,0.017095,-0.004128
89393,2016/03/31,NFLX,0.094422,0.065991
89393,2016/04/29,NFLX,-0.119339,0.002699
89393,2016/05/31,NFLX,0.139287,0.015329
89393,2016/06/30,NFLX,-0.108121,0.000906
89393,2016/07/29,NFLX,-0.002514,0.035610
89393,2016/08/31,NFLX,0.067945,-0.001219
89393,2016/09/30,NFLX,0.011288,-0.001234
89393,2016/10/31,NFLX,0.267073,-0.019426
89393,2016/11/30,NFLX,-0.063026,0.034174
89393,2016/12/30,NFLX,0.058120,0.018201
89393,2017/01/31,NFLX,0.136591,0.017884
89393,2017/02/28,NFLX,0.010092,0.037198
89393,2017/03/31,NFLX,0.039963,-0.000389
89393,2017/04/28,NFLX,0.029700,0.009091
89393,2017/05/31,NFLX,0.071419,0.011576
89393,2017/06/30,NFLX,-0.083768,0.004814
89393,2017/07/31,NFLX,0.215849,0.019349
89393,2017/08/31,NFLX,-0.038258,0.000546
89393,2017/09/29,NFLX,0.038006,0.019303
89393,2017/10/31,NFLX,0.083154,0.022188
89393,2017/11/30,NFLX,-0.045054,0.028083
89393,2017/12/29,NFLX,0.023350,0.009832
89393,2018/01/31,NFLX,0.408106,0.056179
89393,2018/02/28,NFLX,0.077987,-0.038947
89393,2018/03/29,NFLX,0.013625,-0.026885
89393,2018/04/30,NFLX,0.057931,0.002719
89393,2018/05/31,NFLX,0.125264,0.021608
89393,2018/06/29,NFLX,0.113282,0.004842
89393,2018/07/31,NFLX,-0.137905,0.036022
89393,2018/08/31,NFLX,0.089584,0.030263
89393,2018/09/28,NFLX,0.017542,0.004294
89393,2018/10/31,NFLX,-0.193382,-0.069403
89393,2018/11/30,NFLX,-0.051859,0.017859
89393,2018/12/31,NFLX,-0.064551,-0.091777
89393,2019/01/31,NFLX,0.268400,0.078684
89393,2019/02/28,NFLX,0.054786,0.029729
89393,2019/03/29,NFLX,-0.004300,0.017924
89393,2019/04/30,NFLX,0.039208,0.039313
89393,2019/05/31,NFLX,-0.073568,-0.065778
89393,2019/06/28,NFLX,0.070030,0.068930
89393,2019/07/31,NFLX,-0.120685,0.013128
89393,2019/08/30,NFLX,-0.090529,-0.018092
89393,2019/09/30,NFLX,-0.088953,0.017181
89393,2019/10/31,NFLX,0.073948,0.020432
89393,2019/11/29,NFLX,0.094812,0.034047
89393,2019/12/31,NFLX,0.028316,0.028590
89393,2020/01/31,NFLX,0.066508,-0.001628
89393,2020/02/28,NFLX,0.069373,-0.084110
89393,2020/03/31,NFLX,0.017532,-0.125119
89393,2020/04/30,NFLX,0.118109,0.126844
89393,2020/05/29,NFLX,-0.000286,0.045282
89393,2020/06/30,NFLX,0.084126,0.018388
89393,2020/07/31,NFLX,0.074367,0.055101
89393,2020/08/31,NFLX,0.083211,0.070065
89393,2020/09/30,NFLX,-0.055763,-0.039228
89393,2020/10/30,NFLX,-0.048577,-0.027666
89393,2020/11/30,NFLX,0.031446,0.107546
89393,2020/12/31,NFLX,0.101956,0.037121
90248,2010/01/29,DPZ,0.348449,-0.036974
90248,2010/02/26,DPZ,0.105310,0.028514
90248,2010/03/31,DPZ,0.092074,0.058796
90248,2010/04/30,DPZ,0.129765,0.014759
90248,2010/05/28,DPZ,-0.156392,-0.081976
90248,2010/06/30,DPZ,-0.130769,-0.053882
90248,2010/07/30,DPZ,0.131858,0.068778
90248,2010/08/31,DPZ,0.002346,-0.047449
90248,2010/09/30,DPZ,0.031201,0.087551
90248,2010/10/29,DPZ,0.122542,0.036856
90248,2010/11/30,DPZ,-0.004717,-0.002290
90248,2010/12/31,DPZ,0.079892,0.065300
90248,2011/01/31,DPZ,0.028213,0.022646
90248,2011/02/28,DPZ,0.028659,0.031957
90248,2011/03/31,DPZ,0.092472,-0.001047
90248,2011/04/29,DPZ,0.007596,0.028495
90248,2011/05/31,DPZ,0.341949,-0.013501
90248,2011/06/30,DPZ,0.012841,-0.018258
90248,2011/07/29,DPZ,0.064580,-0.021474
90248,2011/08/31,DPZ,0.032006,-0.056791
90248,2011/09/30,DPZ,-0.017310,-0.071762
90248,2011/10/31,DPZ,0.175413,0.107723
90248,2011/11/30,DPZ,0.028411,-0.005059
90248,2011/12/30,DPZ,0.030662,0.008533
90248,2012/01/31,DPZ,-0.038292,0.043583
90248,2012/02/29,DPZ,0.177948,0.040589
90248,2012/03/30,DPZ,0.021841,0.031332
90248,2012/04/30,DPZ,0.041598,-0.007497
90248,2012/05/31,DPZ,-0.187781,-0.062651
90248,2012/06/29,DPZ,0.006513,0.039555
90248,2012/07/31,DPZ,0.104497,0.012598
90248,2012/08/31,DPZ,0.038078,0.019763
90248,2012/09/28,DPZ,0.063770,0.024236
90248,2012/10/31,DPZ,0.077454,-0.019789
90248,2012/11/30,DPZ,0.024126,0.002847
90248,2012/12/31,DPZ,0.046875,0.007068
90248,2013/01/31,DPZ,0.069346,0.050428
90248,2013/02/28,DPZ,0.022547,0.011061
90248,2013/03/28,DPZ,0.084418,0.035988
90248,2013/04/30,DPZ,0.073095,0.018086
90248,2013/05/31,DPZ,0.073732,0.020763
90248,2013/06/28,DPZ,-0.015522,-0.014999
90248,2013/07/31,DPZ,0.076182,0.049462
90248,2013/08/30,DPZ,-0.018217,-0.031298
90248,2013/09/30,DPZ,0.109212,0.029749
90248,2013/10/31,DPZ,-0.013098,0.044596
90248,2013/11/29,DPZ,0.030868,0.028049
90248,2013/12/31,DPZ,0.010415,0.023563
90248,2014/01/31,DPZ,0.013783,-0.035583
90248,2014/02/28,DPZ,0.119671,0.043117
90248,2014/03/31,DPZ,-0.023273,0.006932
90248,2014/04/30,DPZ,-0.033650,0.006201
90248,2014/05/30,DPZ,-0.025948,0.021030
90248,2014/06/30,DPZ,0.012284,0.019058
90248,2014/07/31,DPZ,-0.014913,-0.015080
90248,2014/08/29,DPZ,0.047917,0.037655
90248,2014/09/30,DPZ,0.023327,-0.015514
90248,2014/10/31,DPZ,0.153716,0.023201
90248,2014/11/28,DPZ,0.056988,0.024534
90248,2014/12/31,DPZ,0.006074,-0.004189
90248,2015/01/30,DPZ,0.051821,-0.031041
90248,2015/02/27,DPZ,0.025038,0.054893
90248,2015/03/31,DPZ,-0.006599,-0.017396
90248,2015/04/30,DPZ,0.072601,0.008521
90248,2015/05/29,DPZ,0.007510,0.010491
90248,2015/06/30,DPZ,0.046475,-0.021012
90248,2015/07/31,DPZ,0.003880,0.019742
90248,2015/08/31,DPZ,-0.069396,-0.062581
90248,2015/09/30,DPZ,0.021522,-0.026443
90248,2015/10/30,DPZ,-0.011491,0.082983
90248,2015/11/30,DPZ,0.007500,0.000505
90248,2015/12/31,DPZ,0.038057,-0.017530
90248,2016/01/29,DPZ,0.024090,-0.050735
90248,2016/02/29,DPZ,0.167735,-0.004128
90248,2016/03/31,DPZ,-0.006013,0.065991
90248,2016/04/29,DPZ,-0.083270,0.002699
90248,2016/05/31,DPZ,0.000000,0.015329
90248,2016/06/30,DPZ,0.090007,0.000906
90248,2016/07/29,DPZ,0.121175,0.035610
90248,2016/08/31,DPZ,0.015411,-0.001219
90248,2016/09/30,DPZ,0.017784,-0.001234
90248,2016/10/31,DPZ,0.114521,-0.019426
90248,2016/11/30,DPZ,-0.007091,0.034174
90248,2016/12/30,DPZ,-0.050107,0.018201
90248,2017/01/31,DPZ,0.096081,0.017884
90248,2017/02/28,DPZ,0.087487,0.037198
90248,2017/03/31,DPZ,-0.026606,-0.000389
90248,2017/04/28,DPZ,-0.015789,0.009091
90248,2017/05/31,DPZ,0.167209,0.011576
90248,2017/06/30,DPZ,0.001275,0.004814
90248,2017/07/31,DPZ,-0.118328,0.019349
90248,2017/08/31,DPZ,-0.022735,0.000546
90248,2017/09/29,DPZ,0.091902,0.019303
90248,2017/10/31,DPZ,-0.078318,0.022188
90248,2017/11/30,DPZ,0.017268,0.028083
90248,2017/12/29,DPZ,0.017512,0.009832
90248,2018/01/31,DPZ,0.147597,0.056179
90248,2018/02/28,DPZ,0.025640,-0.038947
90248,2018/03/29,DPZ,0.052606,-0.026885
90248,2018/04/30,DPZ,0.034980,0.002719
90248,2018/05/31,DPZ,0.040334,0.021608
90248,2018/06/29,DPZ,0.124225,0.004842
90248,2018/07/31,DPZ,-0.069143,0.036022
90248,2018/08/31,DPZ,0.136679,0.030263
90248,2018/09/28,DPZ,-0.010752,0.004294
90248,2018/10/31,DPZ,-0.088229,-0.069403
90248,2018/11/30,DPZ,0.031735,0.017859
90248,2018/12/31,DPZ,-0.103779,-0.091777
90248,2019/01/31,DPZ,0.144119,0.078684
90248,2019/02/28,DPZ,-0.115568,0.029729
90248,2019/03/29,DPZ,0.031123,0.017924
90248,2019/04/30,DPZ,0.048353,0.039313
90248,2019/05/31,DPZ,0.032966,-0.065778
90248,2019/06/28,DPZ,-0.002039,0.068930
90248,2019/07/31,DPZ,-0.121281,0.013128
90248,2019/08/30,DPZ,-0.072343,-0.018092
90248,2019/09/30,DPZ,0.081114,0.017181
90248,2019/10/31,DPZ,0.110511,0.020432
90248,2019/11/29,DPZ,0.083499,0.034047
90248,2019/12/31,DPZ,0.000442,0.028590
90248,2020/01/31,DPZ,-0.040949,-0.001628
90248,2020/02/28,DPZ,0.204827,-0.084110
90248,2020/03/31,DPZ,-0.043039,-0.125119
90248,2020/04/30,DPZ,0.116827,0.126844
90248,2020/05/29,DPZ,0.066063,0.045282
90248,2020/06/30,DPZ,-0.040483,0.018388
90248,2020/07/31,DPZ,0.046476,0.055101
90248,2020/08/31,DPZ,0.057810,0.070065
90248,2020/09/30,DPZ,0.041813,-0.039228
90248,2020/10/30,DPZ,-0.110421,-0.027666
90248,2020/11/30,DPZ,0.037667,0.107546
90248,2020/12/31,DPZ,-0.021219,0.037121
91611,2010/01/29,FSLR,-0.163220,-0.036974
91611,2010/02/26,FSLR,-0.066637,0.028514
91611,2010/03/31,FSLR,0.159811,0.058796
91611,2010/04/30,FSLR,0.173909,0.014759
91611,2010/05/28,FSLR,-0.219614,-0.081976
91611,2010/06/30,FSLR,0.013083,-0.053882
91611,2010/07/30,FSLR,0.102082,0.068778
91611,2010/08/31,FSLR,0.019131,-0.047449
91611,2010/09/30,FSLR,0.152523,0.087551
91611,2010/10/29,FSLR,-0.065626,0.036856
91611,2010/11/30,FSLR,-0.107714,-0.002290
91611,2010/12/31,FSLR,0.059341,0.065300
91611,2011/01/31,FSLR,0.187798,0.022646
91611,2011/02/28,FSLR,-0.046513,0.031957
91611,2011/03/31,FSLR,0.091254,-0.001047
91611,2011/04/29,FSLR,-0.132243,0.028495
91611,2011/05/31,FSLR,-0.109766,-0.013501
91611,2011/06/30,FSLR,0.064547,-0.018258
91611,2011/07/29,FSLR,-0.106147,-0.021474
91611,2011/08/31,FSLR,-0.154360,-0.056791
91611,2011/09/30,FSLR,-0.367774,-0.071762
91611,2011/10/31,FSLR,-0.212625,0.107723
91611,2011/11/30,FSLR,-0.038377,-0.005059
91611,2011/12/30,FSLR,-0.294609,0.008533
91611,2012/01/31,FSLR,0.252370,0.043583
91611,2012/02/29,FSLR,-0.236045,0.040589
91611,2012/03/30,FSLR,-0.224458,0.031332
91611,2012/04/30,FSLR,-0.265469,-0.007497
91611,2012/05/31,FSLR,-0.317391,-0.062651
91611,2012/06/29,FSLR,0.199045,0.039555
91611,2012/07/31,FSLR,0.031872,0.012598
91611,2012/08/31,FSLR,0.286358,0.019763
91611,2012/09/28,FSLR,0.107804,0.024236
91611,2012/10/31,FSLR,0.097313,-0.019789
91611,2012/11/30,FSLR,0.110700,0.002847
91611,2012/12/31,FSLR,0.143223,0.007068
91611,2013/01/31,FSLR,-0.086714,0.050428
91611,2013/02/28,FSLR,-0.083038,0.011061
91611,2013/03/28,FSLR,0.043344,0.035988
91611,2013/04/30,FSLR,0.727003,0.018086
91611,2013/05/31,FSLR,0.168235,0.020763
91611,2013/06/28,FSLR,-0.176181,-0.014999
91611,2013/07/31,FSLR,0.098416,0.049462
91611,2013/08/30,FSLR,-0.253962,-0.031298
91611,2013/09/30,FSLR,0.095044,0.029749
91611,2013/10/31,FSLR,0.251082,0.044596
91611,2013/11/29,FSLR,0.189123,0.028049
91611,2013/12/31,FSLR,-0.086593,0.023563
91611,2014/01/31,FSLR,-0.074304,-0.035583
91611,2014/02/28,FSLR,0.128312,0.043117
91611,2014/03/31,FSLR,0.222884,0.006932
91611,2014/04/30,FSLR,-0.032956,0.006201
91611,2014/05/30,FSLR,-0.084605,0.021030
91611,2014/06/30,FSLR,0.150210,0.019058
91611,2014/07/31,FSLR,-0.111877,-0.015080
91611,2014/08/29,FSLR,0.104104,0.037655
91611,2014/09/30,FSLR,-0.055540,-0.015514
91611,2014/10/31,FSLR,-0.104999,0.023201
91611,2014/11/28,FSLR,-0.171477,0.024534
91611,2014/12/31,FSLR,-0.086168,-0.004189
91611,2015/01/30,FSLR,-0.051015,-0.031041
91611,2015/02/27,FSLR,0.411744,0.054893
91611,2015/03/31,FSLR,0.000753,-0.017396
91611,2015/04/30,FSLR,-0.002007,0.008521
91611,2015/05/29,FSLR,-0.166918,0.010491
91611,2015/06/30,FSLR,-0.054919,-0.021012
91611,2015/07/31,FSLR,-0.057046,0.019742
91611,2015/08/31,FSLR,0.079910,-0.062581
91611,2015/09/30,FSLR,-0.106396,-0.026443
91611,2015/10/30,FSLR,0.334971,0.082983
91611,2015/11/30,FSLR,-0.009813,0.000505
91611,2015/12/31,FSLR,0.167758,-0.017530
91611,2016/01/29,FSLR,0.040461,-0.050735
91611,2016/02/29,FSLR,0.046752,-0.004128
91611,2016/03/31,FSLR,-0.047308,0.065991
91611,2016/04/29,FSLR,-0.184460,0.002699
91611,2016/05/31,FSLR,-0.110852,0.015329
91611,2016/06/30,FSLR,-0.023565,0.000906
91611,2016/07/29,FSLR,-0.037129,0.035610
91611,2016/08/31,FSLR,-0.189803,-0.001219
91611,2016/09/30,FSLR,0.044157,-0.001234
91611,2016/10/31,FSLR,0.025323,-0.019426
91611,2016/11/30,FSLR,-0.251173,0.034174
91611,2016/12/30,FSLR,0.058377,0.018201
91611,2017/01/31,FSLR,-0.028046,0.017884
91611,2017/02/28,FSLR,0.160308,0.037198
91611,2017/03/31,FSLR,-0.251174,-0.000389
91611,2017/04/28,FSLR,0.090406,0.009091
91611,2017/05/31,FSLR,0.303215,0.011576
91611,2017/06/30,FSLR,0.035575,0.004814
91611,2017/07/31,FSLR,0.236459,0.019349
91611,2017/08/31,FSLR,-0.047658,0.000546
91611,2017/09/29,FSLR,-0.022998,0.019303
91611,2017/10/31,FSLR,0.194856,0.022188
91611,2017/11/30,FSLR,0.132798,0.028083
91611,2017/12/29,FSLR,0.087279,0.009832
91611,2018/01/31,FSLR,-0.005184,0.056179
91611,2018/02/28,FSLR,-0.064314,-0.038947
91611,2018/03/29,FSLR,0.129356,-0.026885
91611,2018/04/30,FSLR,-0.000986,0.002719
91611,2018/05/31,FSLR,-0.046538,0.021608
91611,2018/06/29,FSLR,-0.221121,0.004842
91611,2018/07/31,FSLR,-0.005887,0.036022
91611,2018/08/31,FSLR,-0.005158,0.030263
91611,2018/09/28,FSLR,-0.070277,0.004294
91611,2018/10/31,FSLR,-0.136720,-0.069403
91611,2018/11/30,FSLR,0.063397,0.017859
91611,2018/12/31,FSLR,-0.044882,-0.091777
91611,2019/01/31,FSLR,0.191615,0.078684
91611,2019/02/28,FSLR,0.038743,0.029729
91611,2019/03/29,FSLR,0.005519,0.017924
91611,2019/04/30,FSLR,0.164459,0.039313
91611,2019/05/31,FSLR,-0.056720,-0.065778
91611,2019/06/28,FSLR,0.131633,0.068930
91611,2019/07/31,FSLR,-0.018118,0.013128
91611,2019/08/30,FSLR,-0.037525,-0.018092
91611,2019/09/30,FSLR,-0.065410,0.017181
91611,2019/10/31,FSLR,-0.107223,0.020432
91611,2019/11/29,FSLR,0.066615,0.034047
91611,2019/12/31,FSLR,0.013034,0.028590
91611,2020/01/31,FSLR,-0.114010,-0.001628
91611,2020/02/28,FSLR,-0.076846,-0.084110
91611,2020/03/31,FSLR,-0.212148,-0.125119
91611,2020/04/30,FSLR,0.220466,0.126844
91611,2020/05/29,FSLR,0.059305,0.045282
91611,2020/06/30,FSLR,0.061776,0.018388
91611,2020/07/31,FSLR,0.203030,0.055101
91611,2020/08/31,FSLR,0.286146,0.070065
91611,2020/09/30,FSLR,-0.135657,-0.039228
91611,2020/10/30,FSLR,0.314879,-0.027666
91611,2020/11/30,FSLR,0.073353,0.107546
91611,2020/12/31,FSLR,0.058761,0.037121
