fullname,OnlineTime_YMD,Bankrupt_WDZJ,Province,City,Collapse,Benign,Fraud,RegCapital,Background,Capitaldeposit,Obtaininvest,Joinasso,Autobid,Transright,Riskdeposit,Thirdguarantee
123便利贷,20140519,20170413.0,上海,上海,1,0.0,0.0,500.0,民营系,0,0.0,1.0,0,0,0.0,0.0
17聚财,20151231,20170201.0,上海,上海,1,0.0,0.0,500.0,民营系,0,0.0,0.0,0,0,0.0,0.0
360易贷,20150504,20161201.0,辽宁,沈阳,1,0.0,0.0,500.0,民营系,0,0.0,0.0,1,1,0.0,0.0
365储蓄家,20180310,20180615.0,浙江,杭州,1,0.0,0.0,500.0,民营系,0,0.0,0.0,0,0,0.0,0.0
51丰收宝,20180320,20180724.0,广东,深圳,1,0.0,1.0,5.0,民营系,0,0.0,0.0,0,0,0.0,0.0
51如易贷,20140416,,山东,临沂,0,,,100.0,民营系,0,0.0,0.0,0,1,0.0,0.0
58爱贷,20160310,,云南,丽江,0,,,300.0,民营系,0,0.0,0.0,1,0,0.0,0.0
668信贷网,20140709,20150509.0,湖南,益阳,1,0.0,0.0,10.0,民营系,0,0.0,0.0,0,0,0.0,0.0
718金融,20160202,20180601.0,北京,北京,1,1.0,0.0,1000.0,民营系,1,0.0,0.0,0,0,0.0,0.0
789金融,20150713,20160920.0,重庆,重庆,1,0.0,0.0,500.0,民营系,0,0.0,0.0,0,0,0.0,0.0
7号管家,20170101,20180809.0,浙江,宁波,1,1.0,0.0,100.0,民营系,0,0.0,0.0,0,0,0.0,0.0
80资本,20141224,20171117.0,陕西,西安,1,0.0,0.0,300.0,民营系,0,0.0,0.0,0,0,0.0,0.0
87汇财,20140807,20170531.0,四川,成都,1,1.0,0.0,100.0,民营系,0,0.0,0.0,0,0,0.0,0.0
88贷,20150312,20160408.0,重庆,重庆,1,0.0,0.0,200.0,民营系,0,0.0,0.0,1,1,0.0,0.0
94bank,20131112,,上海,上海,0,,,120.0,民营系,0,0.0,0.0,0,0,0.0,0.0
C金所,20150401,,广东,深圳,0,,,50.0,国企背景,0,0.0,0.0,0,1,0.0,0.0
D1金融,20140731,20141016.0,上海,上海,1,0.0,1.0,1100.0,民营系,0,0.0,0.0,0,0,0.0,0.0
E贝贷,20141201,20160310.0,广东,深圳,1,0.0,0.0,500.0,民营系,0,0.0,0.0,0,0,0.0,0.0
SH.COM,20140603,,广东,深圳,0,,,1000.0,民营系,0,1.0,0.0,0,1,0.0,1.0
e融易贷,20130613,20140413.0,云南,昆明,1,0.0,0.0,10.0,民营系,0,0.0,0.0,0,0,0.0,0.0
i财富,20150228,20180621.0,广东,深圳,1,0.0,1.0,300.0,民营系,0,0.0,0.0,0,0,0.0,0.0
i零花钱,20140305,,广东,深圳,0,,,500.0,民营系,1,0.0,0.0,0,0,0.0,0.0
i投资家,20150101,20150901.0,上海,上海,1,0.0,0.0,500.0,民营系,0,0.0,0.0,0,0,0.0,0.0
mM贷,20150108,,上海,上海,0,,,500.0,民营系,0,0.0,0.0,0,0,0.0,0.0
阿朋贷,20140125,,北京,北京,0,,,500.0,民营系,1,0.0,0.0,1,1,0.0,0.0
爱本地,20150601,,广东,深圳,0,,,605.117,民营系,1,,,0,0,,
爱分钱,20160518,20170523.0,四川,成都,1,0.0,0.0,500.0,民营系,0,0.0,0.0,0,1,0.0,0.0
爱换钱,20151012,20180718.0,北京,北京,1,0.0,0.0,734.553,民营系,0,0.0,0.0,0,0,0.0,0.0
爱康投资,20140902,20160601.0,浙江,杭州,1,0.0,0.0,500.0,民营系,0,0.0,0.0,1,0,0.0,0.0
爱钱进,20140506,,北京,北京,0,,,5000.0,风投系,1,0.0,1.0,1,0,1.0,0.0
爱投易贷,20160818,20171206.0,安徽,合肥,1,0.0,0.0,200.0,民营系,0,0.0,0.0,0,0,0.0,0.0
安捷财富,20140701,20180901.0,上海,上海,1,0.0,1.0,2000.0,民营系,1,0.0,0.0,0,0,0.0,0.0
安全贷,20110519,20170703.0,四川,成都,1,0.0,0.0,500.0,民营系,0,0.0,0.0,0,0,0.0,0.0
安盛创投,20141103,,山西,太原,0,,,50.8,民营系,0,0.0,0.0,0,0,0.0,0.0
安心de利,20140731,,北京,北京,0,,,171.2,风投系,0,1.0,0.0,1,1,0.0,0.0
安逸宝,20150618,20160715.0,广东,深圳,1,0.0,0.0,500.0,民营系,0,0.0,0.0,0,0,0.0,0.0
安琪贷,20140214,20150624.0,天津,天津,1,0.0,1.0,50.0,民营系,0,0.0,0.0,0,0,0.0,0.0
奥科创投,20150701,20160118.0,山东,青岛,1,1.0,0.0,10.0,民营系,0,0.0,0.0,1,0,0.0,0.0
奥蒙金融,20160913,20161113.0,广东,深圳,1,0.0,0.0,200.0,民营系,0,0.0,0.0,0,0,0.0,0.0
八通金福,20170515,20171220.0,上海,上海,1,1.0,0.0,1000.0,民营系,1,0.0,0.0,1,0,0.0,0.0
柏融投资,20150528,,浙江,杭州,0,,,100.0,国企背景,0,0.0,1.0,1,0,0.0,1.0
百发客,20160406,,福建,福州,0,,,100.0,民营系,0,0.0,0.0,0,0,0.0,0.0
百合贷,20140815,20181116.0,北京,北京,1,1.0,0.0,615.4,民营系,1,0.0,0.0,1,1,0.0,0.0
百金贷,20141226,20190603.0,北京,北京,1,1.0,0.0,1158.0,风投系,1,1.0,0.0,0,1,0.0,0.0
百年银子市,20151021,,山东,淄博,0,,,100.0,民营系,0,0.0,0.0,0,0,0.0,0.0
百投邦,20150201,20160811.0,浙江,杭州,1,0.0,0.0,500.0,民营系,0,0.0,0.0,0,0,0.0,0.0
百信财富,20131206,20141118.0,广东,深圳,1,0.0,0.0,100.0,民营系,0,0.0,0.0,0,0,0.0,0.0
佰市行,20140808,20160108.0,湖南,长沙,1,0.0,0.0,500.0,民营系,0,0.0,0.0,0,0,0.0,0.0
板板金服,20171115,20180813.0,浙江,杭州,1,0.0,0.0,757.5,国企背景,0,0.0,0.0,0,0,0.0,0.0
邦邦理财,20180513,20180814.0,浙江,杭州,1,0.0,1.0,500.0,国企背景,0,0.0,0.0,0,0,0.0,0.0
邦你贷,20141216,20160527.0,江苏,南京,1,0.0,0.0,5.0,民营系,0,0.0,0.0,0,0,0.0,0.0
邦融汇,20150211,,北京,北京,0,,,2000.0,民营系,0,0.0,0.0,0,0,0.0,0.0
邦众财富,20141229,20151029.0,福建,福州,1,0.0,0.0,528.0,民营系,0,0.0,0.0,0,0,0.0,0.0
帮帮财,20150331,20180224.0,上海,上海,1,0.0,0.0,300.0,民营系,0,0.0,0.0,0,0,0.0,0.0
帮友贷,20131104,20180103.0,北京,北京,1,0.0,0.0,1000.0,民营系,0,0.0,0.0,1,1,0.0,0.0
保必贷,20090916,20180115.0,上海,上海,1,0.0,0.0,595.0,民营系,1,,,0,0,,
保理贷,20150601,20161101.0,浙江,宁波,1,0.0,0.0,1000.0,民营系,0,0.0,0.0,0,0,0.0,0.0
宝筹网,20130807,20150922.0,重庆,重庆,1,0.0,1.0,20.0,民营系,0,0.0,0.0,0,0,0.0,0.0
宝丰创投,20130823,20131104.0,广东,深圳,1,0.0,0.0,100.0,民营系,0,0.0,0.0,0,0,0.0,0.0
宝丰盛,20141211,20160617.0,山东,泰安,1,0.0,1.0,100.0,民营系,0,0.0,0.0,1,0,0.0,0.0
宝峰创富,20160816,20160912.0,山东,潍坊,1,0.0,0.0,500.0,民营系,0,0.0,0.0,0,0,0.0,0.0
宝盖头,20140829,20160225.0,上海,上海,1,0.0,0.0,500.0,民营系,0,0.0,0.0,0,0,0.0,0.0
宝通创投,20150430,20151117.0,山东,青岛,1,0.0,0.0,50.0,民营系,0,0.0,0.0,0,0,0.0,0.0
宝玉金融,20141112,20161015.0,广东,深圳,1,0.0,1.0,505.452,民营系,1,,,0,0,,
抱团贷,20150112,20160707.0,河南,郑州,1,0.0,0.0,110.0,民营系,0,0.0,0.0,1,1,0.0,0.0
暴雪金融,20140805,20180717.0,上海,上海,1,0.0,0.0,1000.0,民营系,0,0.0,0.0,0,0,0.0,0.0
北部湾财富,20140801,20141122.0,广西,南宁,1,0.0,0.0,100.0,民营系,1,0.0,0.0,0,0,0.0,0.0
北方金融,20131208,,天津,天津,0,,,500.0,民营系,1,0.0,0.0,0,1,0.0,0.0
北方金融网,20160101,20181119.0,辽宁,大连,1,0.0,0.0,600.0,民营系,1,0.0,0.0,0,0,0.0,1.0
贝安金服,20170331,20180110.0,北京,北京,1,0.0,0.0,1000.0,民营系,0,0.0,0.0,0,0,0.0,0.0
贝格富,20150601,20160622.0,江苏,苏州,1,0.0,0.0,500.0,民营系,0,0.0,0.0,1,0,0.0,0.0
贝通网,20150402,,青海,西宁,0,,,300.0,国企背景,0,0.0,0.0,1,1,0.0,0.0
倍多金,20150315,,广东,东莞,0,,,500.0,民营系,1,0.0,1.0,0,0,0.0,0.0
倍赢金融,20140929,,重庆,重庆,0,,,100.0,民营系,0,0.0,0.0,0,0,0.0,0.0
奔宝贷,20140915,,河北,石家庄,0,,,200.0,民营系,1,0.0,0.0,0,1,0.0,0.0
滨学贷,20150601,20150817.0,山东,滨州,1,0.0,0.0,100.0,民营系,0,0.0,0.0,0,0,0.0,0.0
菠菜理财,20170928,,上海,上海,0,,,500.0,国企背景,0,0.0,0.0,0,0,0.0,0.0
博华创投,20141015,20141201.0,山东,潍坊,1,0.0,1.0,120.0,民营系,0,0.0,0.0,0,0,0.0,0.0
博银财富,20170324,20180110.0,浙江,杭州,1,0.0,0.0,500.0,民营系,0,0.0,0.0,0,0,0.0,0.0
步华投资,20150501,20150718.0,安徽,合肥,1,0.0,0.0,50.0,民营系,0,0.0,0.0,0,0,0.0,0.0
财蜂发财树,20151015,20180802.0,广东,深圳,1,0.0,1.0,1000.0,风投系,1,0.0,0.0,0,0,0.0,0.0
财富500,20141126,20180424.0,北京,北京,1,0.0,0.0,100.0,民营系,0,0.0,0.0,0,0,0.0,0.0
财富宝,20140228,20151201.0,上海,上海,1,0.0,0.0,300.0,民营系,0,0.0,0.0,0,0,0.0,0.0
财富联成,20140917,20150618.0,山东,青岛,1,0.0,0.0,300.0,民营系,0,0.0,0.0,0,0,0.0,0.0
财富猫,20150520,20170523.0,上海,上海,1,0.0,0.0,100.0,民营系,0,0.0,0.0,0,0,0.0,0.0
财富女王邦,20151001,20160818.0,上海,上海,1,0.0,0.0,100.0,民营系,0,0.0,0.0,0,0,0.0,0.0
财富天下,20131202,20141211.0,广东,深圳,1,0.0,0.0,1000.0,民营系,0,0.0,0.0,0,0,0.0,0.0
财富在沃,20151113,20160325.0,北京,北京,1,0.0,0.0,99.9,民营系,0,0.0,0.0,0,0,0.0,0.0
财加,20130522,20180118.0,北京,北京,1,1.0,0.0,3000.0,上市公司,0,0.0,1.0,1,0,0.0,0.0
财金所,20141118,20160310.0,广东,深圳,1,0.0,0.0,100.0,民营系,0,0.0,0.0,0,0,0.0,0.0
财金投资,20160701,20160921.0,云南,昆明,1,0.0,1.0,100.0,民营系,0,0.0,0.0,0,0,0.0,0.0
财迷中国,20140416,20141014.0,重庆,重庆,1,1.0,0.0,100.0,民营系,0,0.0,0.0,0,0,0.0,0.0
财小喵,20140919,,广东,深圳,0,,,680.0,民营系,1,0.0,0.0,0,0,0.0,0.0
财爷爷,20150330,20160310.0,广东,深圳,1,0.0,1.0,1000.0,民营系,0,0.0,0.0,0,0,1.0,1.0
彩麒麟,20150408,,北京,北京,0,,,500.0,国企背景,1,0.0,0.0,0,0,0.0,0.0
菜苗金融,20141229,20160413.0,上海,上海,1,0.0,0.0,2000.0,民营系,0,0.0,1.0,1,0,0.0,1.0
菜牛钱袋,20151105,20180206.0,浙江,宁波,1,1.0,0.0,1000.0,民营系,0,0.0,0.0,0,0,0.0,0.0
仓仓贷,20160121,20160329.0,四川,绵阳,1,0.0,0.0,560.0,民营系,0,0.0,0.0,0,0,0.0,0.0
仓鼠金融,20150321,20161201.0,广东,深圳,1,0.0,0.0,100.0,民营系,0,0.0,0.0,0,0,0.0,0.0
昌和财富,20170427,20171025.0,浙江,台州,1,0.0,0.0,600.0,民营系,0,0.0,0.0,0,0,0.0,0.0
常盈财富,20150805,20151207.0,江苏,苏州,1,0.0,0.0,80.0,民营系,0,0.0,0.0,0,0,0.0,0.0
长财宝,20170915,20180313.0,上海,上海,1,0.0,0.0,1000.0,民营系,0,0.0,0.0,0,0,0.0,0.0
长盈金融,20150410,20180814.0,湖北,武汉,1,0.0,0.0,100.0,民营系,0,0.0,0.0,1,0,0.0,1.0
超人贷,20140220,20180917.0,浙江,宁波,1,0.0,0.0,100.0,民营系,1,0.0,0.0,1,1,0.0,0.0
车贷宝,20151201,20190128.0,广东,东莞,1,0.0,0.0,100.0,民营系,1,0.0,1.0,1,0,0.0,0.0
车房贷,20140401,20170906.0,辽宁,沈阳,1,0.0,0.0,700.0,民营系,0,0.0,0.0,0,1,0.0,0.0
车富88,20150115,20181031.0,广东,深圳,1,0.0,0.0,650.0,民营系,1,0.0,0.0,1,1,0.0,0.0
车聚宝,20150708,,上海,上海,0,,,100.0,民营系,0,0.0,0.0,1,0,0.0,0.0
车赚,20160323,,河南,新乡,0,,,200.0,民营系,1,0.0,0.0,1,1,0.0,0.0
臣中投资,20160601,20160930.0,广西,南宁,1,0.0,0.0,600.0,民营系,0,0.0,0.0,0,0,0.0,0.0
橙旗贷,20141028,20180110.0,上海,上海,1,0.0,0.0,543.5,民营系,0,0.0,0.0,0,1,0.0,0.0
成金所,20170113,20170516.0,四川,成都,1,0.0,0.0,100.0,民营系,0,0.0,0.0,0,0,0.0,0.0
成融贷,20141016,20160229.0,天津,天津,1,0.0,1.0,1000.0,民营系,0,0.0,0.0,0,0,0.0,0.0
诚天财富,20151015,20171024.0,山东,潍坊,1,0.0,0.0,500.0,民营系,0,0.0,0.0,1,0,0.0,0.0
诚信友贷,20140604,20160516.0,重庆,重庆,1,0.0,0.0,30.0,民营系,0,0.0,0.0,0,0,0.0,0.0
楚易贷,20150918,20171226.0,湖北,武汉,1,0.0,0.0,500.0,民营系,0,0.0,0.0,1,0,0.0,0.0
创富部落,20150105,20190620.0,广东,深圳,1,1.0,0.0,437.0,民营系,1,0.0,0.0,1,0,0.0,0.0
创宏利,20170823,20180629.0,福建,厦门,1,0.0,0.0,300.0,民营系,0,0.0,0.0,0,0,0.0,0.0
创盛财富,20150120,20150515.0,浙江,宁波,1,0.0,0.0,100.0,民营系,0,0.0,0.0,0,0,0.0,0.0
聪贷,20141001,20160930.0,福建,厦门,1,0.0,0.0,10.0,民营系,0,0.0,0.0,1,1,0.0,0.0
大爱金融,20151113,20171205.0,福建,泉州,1,0.0,0.0,1200.0,民营系,0,0.0,1.0,1,0,0.0,0.0
大博鑫财富,20150415,20160424.0,湖北,武汉,1,0.0,0.0,500.0,民营系,0,0.0,0.0,0,0,0.0,0.0
大丰收金融,20141117,20180108.0,广东,深圳,1,0.0,0.0,500.0,民营系,0,0.0,1.0,1,0,0.0,1.0
大集金服,20161116,,海南,海口,0,,,10000.0,上市公司,0,0.0,0.0,0,0,0.0,0.0
大佳创投,20141030,20150309.0,广东,深圳,1,0.0,1.0,1000.0,民营系,0,0.0,0.0,0,0,0.0,0.0
大麦理财,20141012,,广东,深圳,0,,,300.0,国企背景,1,1.0,1.0,0,0,0.0,0.0
大拇哥财富,20150210,,北京,北京,0,,,500.0,国企背景,1,0.0,0.0,0,1,0.0,1.0
大盈家,20161030,,新疆,乌鲁木齐,0,,,100.0,民营系,0,0.0,0.0,0,0,0.0,0.0
代代发,20160205,,北京,北京,0,,,510.0,民营系,0,0.0,0.0,0,0,0.0,0.0
贷宝宝,20150101,20150310.0,北京,北京,1,0.0,1.0,100.0,民营系,0,0.0,0.0,0,0,0.0,0.0
贷贷富,20140924,20160130.0,河南,郑州,1,0.0,0.0,310.0,民营系,0,0.0,0.0,0,0,0.0,0.0
贷你盈,20150125,20180928.0,北京,北京,1,0.0,1.0,500.0,民营系,0,0.0,0.0,1,1,1.0,0.0
贷未来,20140709,20171229.0,浙江,杭州,1,0.0,0.0,111.1,民营系,0,0.0,0.0,0,0,0.0,0.0
贷运来,20130901,20160831.0,江苏,无锡,1,0.0,0.0,100.0,民营系,0,0.0,0.0,0,0,0.0,0.0
袋鼠贷,20141208,20190219.0,广东,深圳,1,1.0,0.0,300.0,民营系,0,0.0,0.0,1,0,0.0,0.0
当当金融,20150112,20180112.0,浙江,宁波,1,0.0,0.0,100.0,民营系,0,0.0,0.0,1,0,0.0,0.0
道口贷,20141219,,北京,北京,0,,,1183.5,国企背景,1,1.0,1.0,0,0,0.0,0.0
德纯财富,20160321,20160711.0,山东,青岛,1,0.0,0.0,150.0,民营系,0,0.0,0.0,0,0,0.0,0.0
德合在线,20170519,20171009.0,江苏,镇江,1,0.0,0.0,500.0,民营系,0,0.0,0.0,0,0,0.0,0.0
德鸿普惠,20150403,,北京,北京,0,,,500.0,民营系,1,0.0,0.0,0,1,0.0,0.0
德利贷,20141103,20150721.0,广东,深圳,1,0.0,0.0,500.0,民营系,0,0.0,0.0,1,0,0.0,0.0
德晟金服,20150923,20190331.0,广东,深圳,1,1.0,0.0,500.0,风投系,1,1.0,1.0,0,0,0.0,0.0
滴滴理财,20160128,20170421.0,上海,上海,1,1.0,0.0,1000.0,民营系,0,0.0,0.0,0,0,0.0,0.0
帝业投资,20150813,20160119.0,山西,忻州,1,0.0,1.0,2000.0,民营系,0,0.0,0.0,0,0,0.0,0.0
点车成金,20150206,20170615.0,上海,上海,1,1.0,0.0,956.62,民营系,1,,,0,0,,
点滴借贷,20160523,20160805.0,北京,北京,1,0.0,0.0,5000.0,民营系,0,0.0,0.0,0,0,0.0,0.0
点滴投资,20150105,20150701.0,浙江,杭州,1,0.0,0.0,100.0,民营系,0,0.0,0.0,0,0,0.0,0.0
点点聚宝,20140918,20160626.0,云南,昆明,1,0.0,0.0,100.0,民营系,0,0.0,0.0,0,0,0.0,0.0
点理财,20160711,20170915.0,上海,上海,1,0.0,0.0,1000.0,上市公司,0,0.0,0.0,0,0,0.0,0.0
点心贷,20141121,20170523.0,北京,北京,1,0.0,0.0,55.6,民营系,0,0.0,0.0,0,0,0.0,0.0
鼎财富,20171115,20180813.0,上海,上海,1,0.0,1.0,500.0,民营系,0,0.0,0.0,0,0,0.0,0.0
鼎合资本,20150102,,江苏,苏州,0,,,1200.0,民营系,0,0.0,0.0,0,0,0.0,0.0
鼎有财,20150924,,浙江,杭州,0,,,655.8,上市公司,1,0.0,0.0,0,1,0.0,0.0
鼎源资产,20140926,20150715.0,浙江,杭州,1,0.0,0.0,500.0,民营系,0,0.0,0.0,0,1,0.0,0.0
鼎鑫贷,20130601,20160530.0,浙江,嘉兴,1,0.0,0.0,50.0,民营系,0,0.0,0.0,0,0,0.0,0.0
东创贷,20170801,20180417.0,浙江,宁波,1,0.0,0.0,500.0,民营系,0,0.0,0.0,0,0,0.0,0.0
东方创投,20130619,20131008.0,广东,深圳,1,0.0,0.0,100.0,民营系,0,0.0,0.0,0,0,0.0,0.0
兜着赚,20150315,20151201.0,上海,上海,1,0.0,0.0,500.0,民营系,0,0.0,0.0,0,0,0.0,0.0
豆包金服,20160502,,北京,北京,0,,,684.352,民营系,1,,,0,0,,
都能贷,20121001,20140606.0,湖南,长沙,1,0.0,0.0,50.0,民营系,0,0.0,0.0,0,0,0.0,0.0
堆财网,20150408,20160818.0,浙江,杭州,1,1.0,0.0,100.0,民营系,0,0.0,0.0,1,1,0.0,0.0
多彩多乐,20150101,20150113.0,重庆,重庆,1,0.0,0.0,10.0,民营系,0,0.0,0.0,0,0,0.0,0.0
多多宝,20150519,20160913.0,广东,深圳,1,0.0,1.0,100.0,民营系,0,0.0,0.0,1,0,0.0,0.0
多多智富,20140313,20160222.0,广东,深圳,1,1.0,0.0,100.0,民营系,0,0.0,0.0,1,0,0.0,0.0
多乐融,20160504,,北京,北京,0,,,100.0,民营系,1,0.0,0.0,0,0,0.0,0.0
恩之汇,20170824,20180121.0,广西,南宁,1,0.0,1.0,800.0,民营系,0,0.0,0.0,1,0,0.0,0.0
尔达信投,20150416,20150804.0,山东,临沂,1,0.0,1.0,100.0,民营系,0,0.0,0.0,0,0,0.0,0.0
饭盒金服,20150316,20151130.0,福建,厦门,1,0.0,1.0,500.0,民营系,0,0.0,0.0,1,0,0.0,0.0
房贷通,20140724,20160401.0,广东,深圳,1,0.0,1.0,200.0,民营系,0,0.0,0.0,0,0,0.0,0.0
房融所,20150715,20180718.0,上海,上海,1,0.0,0.0,300.0,民营系,0,0.0,0.0,1,0,0.0,0.0
房司令,20150302,20150803.0,江苏,南京,1,0.0,0.0,20.0,民营系,0,0.0,0.0,1,0,0.0,0.0
房众金融,20160126,20181112.0,广东,广州,1,1.0,0.0,100.0,民营系,0,0.0,0.0,0,0,0.0,0.0
放心金融,20150408,20170817.0,北京,北京,1,1.0,0.0,100.0,民营系,0,0.0,1.0,0,1,0.0,0.0
飞特金融,20150124,20180502.0,天津,天津,1,1.0,0.0,100.0,民营系,0,0.0,0.0,1,1,0.0,0.0
飞腾财富,20150912,20160714.0,山东,淄博,1,0.0,0.0,500.0,民营系,0,0.0,0.0,0,0,0.0,0.0
飞翼聚财,20150801,20160727.0,贵州,遵义,1,0.0,0.0,800.0,民营系,0,0.0,0.0,1,1,0.0,0.0
飞鱼贷,20140916,20160728.0,湖北,武汉,1,0.0,1.0,100.0,民营系,0,0.0,0.0,0,0,0.0,0.0
分分贷,20110101,20120601.0,上海,上海,1,1.0,0.0,600.0,民营系,0,0.0,0.0,1,1,0.0,0.0
分秒金融,20161212,,北京,北京,0,,,5000.0,民营系,0,0.0,0.0,0,0,0.0,0.0
丰谦创投,20150725,20150803.0,云南,昆明,1,0.0,1.0,200.0,民营系,0,0.0,0.0,0,0,0.0,0.0
丰收贷理财,20150129,20170201.0,福建,福州,1,0.0,0.0,100.0,民营系,0,0.0,0.0,1,1,0.0,0.0
丰益贷,20150622,20160531.0,广东,深圳,1,0.0,0.0,500.0,民营系,0,0.0,0.0,0,0,0.0,1.0
丰睿贷,20140901,20161018.0,湖北,武汉,1,0.0,0.0,500.0,民营系,0,0.0,0.0,0,0,0.0,0.0
峰诺贷,20141209,20150425.0,山东,菏泽,1,0.0,0.0,100.0,民营系,0,0.0,0.0,0,0,0.0,0.0
凤城易贷,20141020,20141026.0,江苏,泰州,1,0.0,0.0,100.0,民营系,0,0.0,0.0,0,0,0.0,0.0
复祺在线,20150316,20160831.0,广东,深圳,1,0.0,0.0,300.0,民营系,0,0.0,0.0,0,0,0.0,0.0
富爸爸金融,20160718,20170126.0,北京,北京,1,0.0,0.0,500.0,民营系,0,0.0,0.0,0,0,0.0,0.0
富本速贷,20150906,20160526.0,广西,南宁,1,0.0,0.0,100.0,民营系,0,0.0,0.0,0,0,0.0,0.0
富创在线,20150424,,河北,石家庄,0,,,200.0,国企背景,1,0.0,0.0,0,1,0.0,1.0
富弘易贷,20150414,20150518.0,山东,东营,1,0.0,1.0,120.0,民营系,0,0.0,0.0,0,0,0.0,0.0
富金利,20150831,20181015.0,广东,深圳,1,1.0,0.0,1170.0,民营系,1,0.0,0.0,0,1,0.0,0.0
富通财富,20150416,20160614.0,山东,青岛,1,0.0,0.0,300.0,民营系,0,0.0,0.0,1,0,0.0,0.0
富一贷,20140714,20170829.0,湖北,武汉,1,0.0,0.0,10.0,民营系,0,0.0,0.0,0,0,0.0,0.0
富壹贷,20140616,20150714.0,广东,深圳,1,0.0,0.0,1000.0,民营系,0,0.0,0.0,0,0,0.0,0.0
改革牛,20161021,20190516.0,广东,深圳,1,1.0,0.0,310.0,民营系,1,0.0,0.0,1,0,0.0,0.0
港润信贷,20150330,20160429.0,江苏,苏州,1,0.0,0.0,280.0,民营系,0,0.0,0.0,1,0,0.0,0.0
港兴投资,20151218,20151231.0,湖北,武汉,1,0.0,1.0,200.0,民营系,0,0.0,0.0,0,0,0.0,0.0
公明贷,20141208,20180403.0,上海,上海,1,1.0,0.0,500.0,民营系,0,1.0,0.0,0,1,0.0,0.0
公众理财,20161207,,浙江,宁波,0,,,100.0,国企背景,0,0.0,0.0,0,0,0.0,0.0
公主理财,20160429,20160712.0,吉林,长春,1,0.0,0.0,100.0,民营系,0,0.0,0.0,0,0,0.0,0.0
共赢金融,20151001,20190523.0,云南,昆明,1,1.0,0.0,500.0,国企背景,0,0.0,0.0,0,0,0.0,0.0
够力金融,20150331,,广西,柳州,0,,,500.0,民营系,1,0.0,0.0,1,0,0.0,0.0
鼓浪金服,20151012,20180202.0,福建,厦门,1,0.0,0.0,1600.0,民营系,0,0.0,0.0,0,0,0.0,0.0
固金所,20150506,20190510.0,上海,上海,1,1.0,0.0,500.0,国企背景,1,0.0,1.0,0,1,0.0,0.0
冠腾贷,20150521,,河北,石家庄,0,,,100.0,民营系,0,0.0,0.0,0,0,0.0,0.0
管金贷,20140715,20180109.0,江苏,宿迁,1,0.0,0.0,100.0,民营系,0,0.0,0.0,0,1,0.0,0.0
光华永贷,20141012,20150507.0,重庆,重庆,1,0.0,0.0,100.0,民营系,0,0.0,0.0,0,0,0.0,0.0
广安宏润,20140714,20160218.0,山东,青岛,1,1.0,0.0,150.0,民营系,0,0.0,0.0,0,0,0.0,0.0
广电财富,20151220,,陕西,西安,0,,,100.0,上市公司,1,0.0,0.0,0,0,0.0,0.0
广汇融,20160109,20170414.0,江苏,宿迁,1,0.0,1.0,380.0,民营系,0,0.0,0.0,0,0,0.0,0.0
广融财富,20180418,,江苏,淮安,0,,,1000.0,民营系,0,0.0,0.0,0,0,0.0,0.0
广义贷,20150407,20160207.0,广东,深圳,1,0.0,0.0,50.0,民营系,0,0.0,0.0,1,0,0.0,0.0
贵禄财富,20150818,20151026.0,上海,上海,1,0.0,1.0,2000.0,民营系,0,0.0,0.0,0,0,0.0,0.0
贵人贷,20151021,20181112.0,浙江,杭州,1,0.0,0.0,500.8,民营系,0,0.0,0.0,1,0,0.0,0.0
国宝投资,20141016,20151011.0,山东,枣庄,1,0.0,0.0,1000.0,民营系,0,0.0,0.0,0,0,0.0,0.0
国鼎投融,20130820,20151127.0,浙江,杭州,1,0.0,1.0,50.0,民营系,0,0.0,0.0,0,0,0.0,0.0
国金宝,20140918,20180730.0,上海,上海,1,0.0,1.0,1300.0,国企背景,0,0.0,0.0,0,0,0.0,0.0
国曼投资,20160226,20160306.0,河北,石家庄,1,0.0,0.0,500.0,民营系,0,0.0,0.0,0,0,0.0,0.0
国瑞财富,20150328,20150703.0,山东,泰安,1,0.0,0.0,50.0,民营系,0,0.0,0.0,0,0,0.0,0.0
国瑞金融,20150711,20160810.0,贵州,贵阳,1,0.0,0.0,100.0,民营系,0,0.0,0.0,0,0,0.0,0.0
国盛财富,20150101,20160913.0,广东,深圳,1,0.0,0.0,500.0,民营系,0,0.0,0.0,1,0,0.0,0.0
果轩财富,20170812,20170925.0,上海,上海,1,1.0,0.0,500.0,民营系,0,0.0,0.0,0,0,0.0,0.0
哈哈贷,20110721,20180402.0,新疆,乌鲁木齐,1,0.0,0.0,1000.0,民营系,0,0.0,0.0,0,0,0.0,0.0
海岸鑫贷,20150201,20170927.0,山东,青岛,1,0.0,0.0,100.0,民营系,0,0.0,0.0,0,0,0.0,0.0
海融易,20140601,,山东,青岛,0,,,500.0,风投系,0,0.0,1.0,1,0,0.0,0.0
海豚金服,20150520,,福建,厦门,0,,,100.0,民营系,1,0.0,0.0,0,0,0.0,0.0
海豚在线,20160329,20160608.0,广东,深圳,1,0.0,1.0,10.0,民营系,0,0.0,0.0,0,0,0.0,0.0
航金所,20160701,20170531.0,湖南,长沙,1,0.0,0.0,500.0,国企背景,0,0.0,0.0,0,1,0.0,0.0
好车贷,20140101,20180728.0,安徽,合肥,1,0.0,1.0,568.0,民营系,1,0.0,0.0,1,0,0.0,0.0
好借好贷,20140726,20160104.0,江苏,无锡,1,0.0,0.0,132.5,民营系,0,0.0,0.0,1,0,0.0,0.0
好乐易贷,20140101,20150928.0,河北,石家庄,1,0.0,1.0,36.0,民营系,0,0.0,0.0,0,0,0.0,0.0
好利贷,20131113,20160505.0,江苏,泰州,1,0.0,0.0,100.0,民营系,0,0.0,0.0,0,0,0.0,0.0
好利信,20150110,20160826.0,江苏,南京,1,0.0,0.0,500.0,民营系,0,0.0,0.0,1,1,0.0,0.0
好投资,20150201,20170427.0,北京,北京,1,0.0,0.0,100.0,民营系,0,0.0,0.0,0,0,0.0,0.0
好想贷,20130117,20131112.0,浙江,湖州,1,0.0,0.0,10.8,民营系,0,0.0,0.0,0,1,0.0,0.0
好运来金融,20160129,20171110.0,福建,龙岩,1,0.0,0.0,500.0,民营系,0,0.0,0.0,0,0,0.0,0.0
荷银商务,20150409,20171017.0,山东,枣庄,1,1.0,0.0,500.0,民营系,0,0.0,0.0,0,0,0.0,0.0
和万贷,20160312,,浙江,嘉兴,0,,,1000.0,民营系,1,0.0,0.0,1,1,0.0,0.0
合安易贷,20140416,,北京,北京,0,,,600.0,民营系,1,0.0,1.0,0,0,0.0,0.0
合汇贷,20150321,,山东,济南,0,,,116.0,民营系,1,0.0,0.0,0,0,0.0,0.0
合家金融,20141031,20180805.0,浙江,杭州,1,0.0,0.0,500.0,民营系,1,0.0,0.0,0,0,0.0,0.0
河南亿人,20170913,,河南,郑州,0,,,310.0,民营系,0,0.0,0.0,0,0,0.0,0.0
黑金所,20170414,20170516.0,浙江,杭州,1,0.0,0.0,500.0,民营系,0,0.0,0.0,0,0,0.0,0.0
黑米财富,20160626,20160728.0,黑龙江,哈尔滨,1,0.0,0.0,50.0,民营系,0,0.0,0.0,0,0,0.0,0.0
亨多财富,20140408,20180117.0,广东,佛山,1,0.0,0.0,100.0,民营系,0,0.0,0.0,1,0,0.0,0.0
恒昇财富,20150917,,山东,德州,0,,,800.0,民营系,0,0.0,0.0,0,0,0.0,0.0
恒贷网,20161111,20170213.0,北京,北京,1,0.0,1.0,500.0,国企背景,0,0.0,0.0,1,0,0.0,0.0
恒丰财富,20150421,20160615.0,陕西,渭南,1,0.0,0.0,334.817,民营系,1,,,0,0,,
恒宏投资,20151101,20151124.0,广西,南宁,1,0.0,1.0,100.0,民营系,0,0.0,0.0,0,0,0.0,0.0
恒利网,20140806,,山东,临沂,0,,,200.0,国企背景,0,0.0,0.0,0,1,0.0,0.0
恒瑞财富网,20141124,20180801.0,广东,广州,1,1.0,0.0,1000.0,民营系,1,0.0,0.0,1,0,0.0,0.0
恒银普惠,20151001,,广东,深圳,0,,,200.0,民营系,1,0.0,0.0,0,0,0.0,0.0
虹维财富,20151205,,辽宁,盘锦,0,,,572.0,民营系,1,,,0,0,,
鸿海资本,20150508,20150622.0,海南,海口,1,0.0,0.0,338.0,民营系,0,0.0,0.0,0,0,0.0,0.0
鸿商贷,20150508,20150724.0,山东,青岛,1,0.0,1.0,50.0,民营系,0,0.0,0.0,0,0,0.0,0.0
鸿顺金融,20140803,20150803.0,河南,郑州,1,0.0,1.0,1000.0,民营系,0,0.0,0.0,0,0,0.0,0.0
鸿泰源投资,20151222,20160109.0,广东,深圳,1,0.0,0.0,700.0,民营系,0,0.0,0.0,0,0,0.0,0.0
鸿学金信,20140920,,四川,成都,0,,,50.0,民营系,1,0.0,0.0,1,1,0.0,0.0
鸿运当投,20151216,20160315.0,山东,滨州,1,1.0,0.0,300.0,民营系,1,0.0,0.0,0,0,0.0,0.0
宏德创投,20141029,20141029.0,北京,北京,1,0.0,1.0,100.0,民营系,0,0.0,0.0,0,1,0.0,0.0
宏高财富,20150601,20180209.0,江苏,常州,1,0.0,0.0,300.0,民营系,0,0.0,0.0,0,0,0.0,0.0
宏润共创,20171108,20180223.0,浙江,温州,1,0.0,0.0,510.0,民营系,0,0.0,0.0,0,0,0.0,0.0
弘富贷,20140428,20140929.0,北京,北京,1,0.0,0.0,300.0,民营系,0,0.0,0.0,0,0,0.0,0.0
弘文贷,20150615,20150616.0,山东,滨州,1,0.0,0.0,100.0,民营系,0,0.0,0.0,0,0,0.0,0.0
红顶财富,20150606,20160128.0,山东,聊城,1,0.0,1.0,150.0,民营系,0,0.0,0.0,1,0,0.0,0.0
红海贷,20150202,20171120.0,北京,北京,1,1.0,0.0,500.0,民营系,0,0.0,0.0,1,1,0.0,0.0
红狐理财,20150619,,湖北,武汉,0,,,50.0,民营系,1,0.0,0.0,1,0,0.0,0.0
红金宝,20150324,,广东,深圳,0,,,100.0,民营系,1,0.0,1.0,1,1,0.0,0.0
虎融宝,20160808,,江苏,南京,0,,,500.0,民营系,0,0.0,0.0,0,0,0.0,0.0
互存金融,20160101,,浙江,杭州,0,,,500.0,民营系,0,0.0,0.0,1,0,0.0,0.0
互利网,20120701,,上海,上海,0,,,310.091,民营系,1,,,0,0,,
互融城,20150601,20150901.0,广东,东莞,1,0.0,1.0,120.0,民营系,0,0.0,0.0,1,0,0.0,0.0
互投金融,20150826,20161201.0,湖北,武汉,1,0.0,0.0,100.0,民营系,0,0.0,0.0,1,1,0.0,0.0
互益贷,20140825,20150623.0,江苏,南京,1,0.0,0.0,50.0,民营系,0,0.0,0.0,0,0,0.0,0.0
沪丰金服,20170823,20180626.0,上海,上海,1,0.0,0.0,300.0,民营系,0,0.0,0.0,0,0,0.0,0.0
沪联贷,20140401,20141130.0,上海,上海,1,0.0,0.0,100.0,民营系,0,0.0,0.0,0,0,0.0,0.0
沪联在线,20140422,20151218.0,上海,上海,1,0.0,1.0,100.0,民营系,0,0.0,0.0,0,0,0.0,0.0
沪乾贷,20140515,20150211.0,上海,上海,1,0.0,0.0,1000.0,民营系,0,0.0,0.0,0,0,0.0,0.0
花生贷,20150608,20160418.0,河南,郑州,1,0.0,0.0,500.0,民营系,0,0.0,0.0,0,0,0.0,0.0
华策在线,20150331,,陕西,西安,0,,,334.817,民营系,1,,,0,0,,
华东理财,20131216,20160601.0,上海,上海,1,0.0,0.0,100.0,民营系,0,0.0,0.0,0,0,0.0,0.0
华扶金贷,20170726,20170925.0,浙江,台州,1,0.0,0.0,500.0,民营系,0,0.0,0.0,0,0,0.0,0.0
华幕投资,20150709,20150819.0,北京,北京,1,0.0,1.0,500.0,民营系,0,0.0,0.0,0,0,0.0,0.0
华纳汇盈,20140830,20140830.0,北京,北京,1,0.0,1.0,500.0,民营系,0,0.0,0.0,0,0,0.0,0.0
华人投,20140901,20160904.0,广东,深圳,1,0.0,1.0,100.0,民营系,0,0.0,0.0,0,0,0.0,0.0
华夏银泰,20150525,20160301.0,北京,北京,1,0.0,1.0,500.0,民营系,0,0.0,0.0,1,0,0.0,0.0
华信贷,20150119,20150123.0,广东,东莞,1,0.0,1.0,100.0,民营系,0,0.0,0.0,0,0,0.0,0.0
华银金融,20141121,20170908.0,广东,深圳,1,1.0,0.0,1000.0,民营系,1,0.0,0.0,0,0,0.0,0.0
黄河金融,20140429,20190904.0,浙江,杭州,1,1.0,0.0,600.0,上市公司,1,0.0,1.0,1,1,0.0,0.0
黄金街,20150213,20150501.0,广东,深圳,1,0.0,0.0,500.0,民营系,0,0.0,0.0,0,0,0.0,0.0
辉金投,20140924,,重庆,重庆,0,,,500.0,民营系,1,0.0,0.0,0,1,0.0,0.0
徽金所,20141030,20160321.0,安徽,合肥,1,0.0,1.0,500.0,国企背景,0,0.0,0.0,1,0,0.0,0.0
徽通金融,20141022,20150604.0,上海,上海,1,0.0,1.0,100.0,民营系,0,0.0,0.0,0,0,0.0,0.0
徽州贷,20130205,20130619.0,安徽,合肥,1,0.0,0.0,50.0,民营系,0,0.0,0.0,0,0,0.0,0.0
慧财网,20140714,20150714.0,四川,成都,1,0.0,0.0,100.0,民营系,0,0.0,0.0,1,1,0.0,0.0
惠财,20160725,,浙江,杭州,0,,,1000.0,民营系,1,0.0,0.0,0,0,0.0,0.0
惠金创投,20150306,20150415.0,江西,南昌,1,0.0,1.0,500.0,民营系,0,0.0,0.0,0,0,0.0,0.0
惠金金服,20160317,20170301.0,浙江,杭州,1,0.0,0.0,300.0,民营系,0,0.0,0.0,0,0,0.0,0.0
惠利银通,20141016,20150107.0,山东,潍坊,1,0.0,0.0,100.0,民营系,0,0.0,0.0,0,0,0.0,0.0
惠民金融,20141217,20161126.0,上海,上海,1,1.0,0.0,100.0,民营系,0,0.0,0.0,0,0,0.0,0.0
惠融投资,20140401,20170301.0,重庆,重庆,1,0.0,0.0,200.0,国企背景,0,0.0,0.0,0,0,0.0,0.0
惠通贷,20140618,20150330.0,云南,昆明,1,0.0,0.0,100.0,民营系,0,0.0,0.0,0,0,0.0,0.0
惠宜投资,20140816,20151209.0,北京,北京,1,0.0,0.0,200.0,民营系,0,0.0,1.0,0,0,0.0,1.0
惠亿信投,20150520,20160531.0,河北,邢台,1,0.0,0.0,158.0,民营系,0,0.0,0.0,0,0,0.0,0.0
惠泽通,20140701,20150822.0,广东,深圳,1,0.0,0.0,200.0,民营系,0,0.0,0.0,0,0,0.0,0.0
惠鑫富,20160601,20180628.0,江苏,南京,1,0.0,0.0,100.0,民营系,0,0.0,0.0,0,0,0.0,0.0
会富金服,20150623,20190115.0,江苏,南京,1,1.0,0.0,100.0,民营系,0,0.0,0.0,0,1,0.0,0.0
汇博金服,20170620,20180627.0,浙江,宁波,1,0.0,1.0,500.0,民营系,0,0.0,0.0,0,0,0.0,0.0
汇创金融,20160506,,江西,南昌,0,,,500.0,民营系,0,0.0,0.0,0,0,0.0,1.0
汇贷天下,20140326,,甘肃,兰州,0,,,100.0,民营系,0,0.0,0.0,1,0,0.0,0.0
汇丰恒创投,20150423,20150501.0,陕西,西安,1,0.0,1.0,200.0,民营系,0,0.0,0.0,0,0,0.0,0.0
汇富贷,20131121,20160511.0,上海,上海,1,0.0,1.0,100.0,民营系,0,0.0,0.0,0,0,0.0,0.0
汇金所,20141209,20160525.0,上海,上海,1,0.0,0.0,200.0,民营系,0,0.0,0.0,0,0,0.0,0.0
汇聚贷,20131001,20141020.0,广西,南宁,1,0.0,1.0,30.0,民营系,0,0.0,0.0,0,0,0.0,0.0
汇客通宝,20160329,20171011.0,福建,厦门,1,0.0,0.0,100.0,民营系,0,0.0,0.0,0,0,0.0,0.0
汇乐贷,20160310,20160808.0,广东,深圳,1,0.0,1.0,26.6,民营系,0,0.0,0.0,0,0,0.0,0.0
汇陵金融,20150505,20160119.0,江苏,南京,1,0.0,0.0,100.0,民营系,0,0.0,0.0,1,0,0.0,0.0
汇通贷,20150101,20160516.0,福建,龙岩,1,1.0,0.0,100.0,民营系,0,0.0,0.0,1,0,0.0,0.0
汇旺宝,20150824,20160824.0,广东,深圳,1,0.0,1.0,380.0,民营系,0,0.0,0.0,0,0,0.0,0.0
汇银投资,20130901,20131105.0,浙江,湖州,1,0.0,0.0,51.8,民营系,0,0.0,0.0,0,0,0.0,0.0
汇中网,20151015,,北京,北京,0,,,500.0,民营系,1,0.0,0.0,1,0,0.0,0.0
汇众贷,20141208,20160201.0,四川,泸州,1,0.0,0.0,100.0,民营系,0,0.0,0.0,1,0,0.0,0.0
火钱理财,20161216,20180714.0,浙江,杭州,1,0.0,1.0,300.0,民营系,0,0.0,0.0,0,0,0.0,0.0
火球,20140301,20180709.0,北京,北京,1,0.0,1.0,297.9,风投系,1,1.0,1.0,1,1,0.0,0.0
火球理财,20140301,,北京,北京,0,,,752.759,民营系,1,,,0,0,,
火融网,20130416,20160101.0,上海,上海,1,0.0,0.0,5.0,民营系,0,0.0,0.0,0,0,0.0,0.0
基鼎贷,20140814,20141223.0,山东,淄博,1,0.0,0.0,100.0,民营系,0,0.0,0.0,0,0,0.0,0.0
吉汇金融,20160801,20170504.0,安徽,合肥,1,0.0,1.0,500.0,民营系,0,0.0,0.0,0,0,0.0,0.0
集财,20150701,,浙江,杭州,0,,,1000.0,民营系,0,0.0,0.0,0,0,0.0,0.0
集利财富,20130828,,广东,广州,0,,,1000.0,民营系,1,0.0,1.0,0,0,0.0,0.0
冀网贷,20150618,20150701.0,河北,沧州,1,0.0,0.0,60.0,民营系,0,0.0,0.0,0,0,0.0,0.0
家家聚财,20140518,20170201.0,山东,济南,1,0.0,0.0,300.0,民营系,0,0.0,0.0,1,1,0.0,0.0
家园贷（湘）,20141215,20170301.0,湖南,长沙,1,0.0,0.0,100.0,民营系,0,0.0,0.0,0,0,0.0,0.0
江淮财富,20130301,20160224.0,安徽,合肥,1,0.0,1.0,500.0,民营系,0,0.0,0.0,0,0,0.0,0.0
江淮在线,20130301,20150301.0,安徽,铜陵,1,0.0,1.0,60.0,民营系,0,0.0,0.0,0,0,0.0,0.0
江南创投,20131216,20140909.0,江苏,常州,1,0.0,0.0,120.0,民营系,0,0.0,0.0,0,0,0.0,0.0
节节贷,20140701,20180612.0,广西,南宁,1,1.0,0.0,1000.0,民营系,1,0.0,0.0,1,1,0.0,0.0
桔子易贷,20141125,20161027.0,河北,衡水,1,0.0,0.0,100.0,民营系,0,0.0,0.0,0,0,0.0,0.0
捷创贷,20140924,20180727.0,浙江,杭州,1,0.0,0.0,100.0,民营系,0,0.0,0.0,1,0,0.0,0.0
捷贷网（鲁）,20150301,20160403.0,山东,济南,1,0.0,0.0,51.0,民营系,0,0.0,0.0,0,0,0.0,0.0
借贷云盘,20150608,20160430.0,山东,济南,1,0.0,0.0,200.0,民营系,0,0.0,0.0,1,0,0.0,0.0
介投行,20150817,20160527.0,上海,上海,1,0.0,0.0,500.0,民营系,0,0.0,0.0,1,1,1.0,0.0
金e贷,20130708,,广东,广州,0,,,2790.05,民营系,1,,,0,0,,
金鞍理财,20150713,20161201.0,山东,青岛,1,0.0,0.0,100.0,民营系,0,0.0,0.0,0,0,0.0,0.0
金安国有金融,20150408,20170601.0,贵州,黔东南,1,0.0,0.0,300.0,国企背景,0,0.0,0.0,0,1,0.0,0.0
金贝财富,20141225,20150609.0,山东,青岛,1,0.0,1.0,120.0,民营系,0,0.0,0.0,0,0,0.0,0.0
金倍乐,20141024,20180319.0,广东,深圳,1,0.0,0.0,1000.0,民营系,0,0.0,0.0,1,0,0.0,0.0
金策通,20131220,20160509.0,北京,北京,1,0.0,0.0,100.0,民营系,0,0.0,0.0,0,0,0.0,0.0
金畅想,20141220,20150207.0,河北,沧州,1,0.0,1.0,100.0,民营系,0,0.0,0.0,0,0,0.0,0.0
金车贷,20140924,,浙江,杭州,0,,,371.874,民营系,1,,,0,0,,
金储宝,20150402,20180806.0,浙江,杭州,1,0.0,1.0,500.0,国企背景,0,1.0,0.0,0,0,0.0,0.0
金蝶金链,20150827,20160430.0,广东,深圳,1,1.0,0.0,500.0,民营系,0,0.0,0.0,0,0,0.0,0.0
金鼎和财富,20141201,20160630.0,广东,深圳,1,0.0,0.0,5.0,民营系,0,0.0,0.0,0,0,0.0,0.0
金都e贷,20140509,20160929.0,广东,深圳,1,1.0,0.0,100.0,民营系,0,0.0,0.0,0,0,0.0,0.0
金发所,20140325,20170308.0,广西,南宁,1,0.0,0.0,600.0,民营系,0,0.0,0.0,0,0,0.0,1.0
金赋财富,20151116,20151203.0,山东,潍坊,1,0.0,1.0,300.0,民营系,0,0.0,0.0,1,0,0.0,0.0
金豪利,20130924,20141223.0,广东,深圳,1,0.0,0.0,200.0,民营系,0,0.0,0.0,1,0,0.0,0.0
金汇丰,20141224,20150723.0,广东,佛山,1,0.0,1.0,300.0,民营系,0,0.0,0.0,0,0,0.0,0.0
金汇瑞通,20150515,20160831.0,河北,石家庄,1,0.0,0.0,998.0,民营系,0,0.0,0.0,0,0,0.0,0.0
金汇微金,20150914,20180516.0,天津,天津,1,0.0,0.0,300.0,民营系,0,0.0,0.0,1,0,0.0,0.0
金坤投资,20151019,20160111.0,湖北,武汉,1,0.0,1.0,500.0,民营系,0,0.0,0.0,0,0,0.0,0.0
金鲤金服,20151201,20180125.0,北京,北京,1,0.0,0.0,1000.0,民营系,1,0.0,0.0,1,0,0.0,1.0
金利网,20171201,,辽宁,大连,0,,,1680.0,民营系,1,0.0,0.0,0,0,0.0,0.0
金满仓,20150606,20151021.0,广东,深圳,1,0.0,1.0,50.0,民营系,0,0.0,0.0,0,0,0.0,0.0
金品创投,20150505,20170208.0,湖南,长沙,1,0.0,0.0,500.0,民营系,0,0.0,0.0,1,0,0.0,0.0
金钱窝,20140915,20160617.0,北京,北京,1,0.0,0.0,100.0,民营系,0,0.0,0.0,0,0,0.0,0.0
金融家在线,20160727,20161127.0,广东,深圳,1,0.0,0.0,100.0,民营系,0,0.0,0.0,0,0,0.0,0.0
金融街,20140616,20160401.0,黑龙江,哈尔滨,1,0.0,0.0,200.0,民营系,0,0.0,0.0,0,0,0.0,0.0
金融界盈利宝,20130814,,北京,北京,0,,,687.684,民营系,1,,,0,0,,
金融桥,20160929,20170301.0,湖南,长沙,1,0.0,1.0,100.0,民营系,0,0.0,0.0,0,0,0.0,0.0
金融圈,20141028,20180709.0,广东,深圳,1,0.0,1.0,2000.0,民营系,0,1.0,1.0,0,1,0.0,0.0
金融湾,20131011,,北京,北京,0,,,164.9,上市公司,0,1.0,0.0,0,1,0.0,0.0
金融眼,20150723,,湖北,武汉,0,,,100.0,民营系,0,0.0,0.0,0,0,0.0,0.0
金瑞盈,20150415,20160110.0,广东,深圳,1,0.0,1.0,200.0,民营系,0,0.0,0.0,0,0,0.0,0.0
金旺投资,20160616,20160623.0,陕西,西安,1,0.0,1.0,500.0,民营系,0,0.0,0.0,0,0,0.0,0.0
金线财富,20150706,20150914.0,山东,潍坊,1,0.0,0.0,300.0,民营系,0,0.0,0.0,0,0,0.0,0.0
金行财富,20150815,20160616.0,山东,泰安,1,0.0,0.0,200.0,民营系,0,0.0,0.0,0,0,0.0,0.0
金意创投,20140925,20160504.0,重庆,重庆,1,0.0,0.0,300.0,民营系,0,0.0,0.0,0,0,0.0,0.0
金银猫,20131118,20180718.0,上海,上海,1,0.0,1.0,300.0,国企背景,1,0.0,1.0,0,0,0.0,0.0
金盈财富,20160328,20160330.0,四川,成都,1,0.0,1.0,300.0,民营系,0,0.0,0.0,0,0,1.0,0.0
金玉普惠,20151012,20160708.0,北京,北京,1,0.0,0.0,1000.0,民营系,0,0.0,0.0,1,1,0.0,0.0
金猪猪,20150424,20150604.0,重庆,重庆,1,0.0,0.0,100.0,民营系,0,0.0,0.0,0,0,0.0,0.0
金砖联合,20140919,,江西,南昌,0,,,900.0,民营系,0,0.0,0.0,1,1,0.0,0.0
金坳财富,20170728,20180724.0,上海,上海,1,0.0,1.0,500.0,国企背景,0,0.0,0.0,0,0,0.0,0.0
金衢桥,20170401,20180401.0,辽宁,沈阳,1,0.0,0.0,100.0,民营系,0,0.0,0.0,0,0,0.0,0.0
金蟾宝,20141208,20161027.0,上海,上海,1,0.0,0.0,1000.0,民营系,0,0.0,0.0,0,0,0.0,0.0
金鑫创投,20140801,20150602.0,浙江,杭州,1,0.0,0.0,200.0,民营系,0,0.0,0.0,0,0,0.0,0.0
今金贷,20150516,20181115.0,甘肃,兰州,1,0.0,1.0,1000.0,民营系,0,0.0,0.0,0,0,0.0,0.0
今日捷财,20140828,,上海,上海,0,,,660.0,民营系,1,1.0,1.0,1,0,0.0,0.0
锦慧通,20150827,20150831.0,四川,成都,1,0.0,1.0,500.0,民营系,0,0.0,0.0,0,0,0.0,0.0
锦融运通,20130808,20140820.0,浙江,杭州,1,0.0,0.0,200.0,民营系,0,0.0,0.0,0,0,0.0,0.0
锦瑞财富,20170117,20180111.0,浙江,宁波,1,0.0,0.0,300.0,民营系,0,0.0,0.0,0,0,0.0,0.0
进弘创利,20140915,20151222.0,上海,上海,1,0.0,0.0,200.0,民营系,0,0.0,0.0,0,0,0.0,0.0
进化互联,20150813,20160613.0,四川,成都,1,0.0,0.0,500.0,民营系,0,0.0,0.0,1,0,0.0,0.0
兢业贷,20141110,20160615.0,上海,上海,1,0.0,0.0,845.853,民营系,1,,,0,0,,
晶玉贷,20140928,20140928.0,湖南,怀化,1,0.0,1.0,200.0,民营系,0,0.0,0.0,0,0,0.0,0.0
京城贷,20140304,20151117.0,北京,北京,1,1.0,0.0,10.0,民营系,0,0.0,0.0,0,1,0.0,0.0
京圆柚理财,20151201,20180928.0,浙江,杭州,1,0.0,1.0,500.0,民营系,1,0.0,0.0,0,0,0.0,0.0
精融汇,20150528,,广东,深圳,0,,,500.0,民营系,1,0.0,0.0,1,1,0.0,0.0
景金贷,20150709,20160509.0,陕西,延安,1,0.0,0.0,500.0,民营系,0,0.0,0.0,0,0,0.0,0.0
景云金融,20150727,,上海,上海,0,,,1000.0,民营系,1,0.0,0.0,1,0,0.0,1.0
玖鼎财富,20160430,20160705.0,浙江,衢州,1,0.0,0.0,500.0,民营系,0,0.0,0.0,0,0,0.0,0.0
玖那里金融在线,20150528,20160628.0,上海,上海,1,0.0,0.0,500.0,民营系,0,0.0,0.0,0,1,0.0,0.0
久朋投资,20160711,20160802.0,黑龙江,哈尔滨,1,0.0,1.0,1100.0,民营系,0,0.0,0.0,0,0,0.0,0.0
九斗鱼,20140601,20180723.0,北京,北京,1,0.0,1.0,600.0,民营系,0,0.0,1.0,1,0,0.0,0.0
九福口袋,20160528,20161201.0,湖北,武汉,1,0.0,0.0,500.0,民营系,0,0.0,0.0,0,0,0.0,0.0
九问贷,20140604,20150525.0,四川,成都,1,0.0,1.0,100.0,民营系,0,0.0,0.0,0,0,0.0,0.0
聚宝通,20141116,20141205.0,广东,深圳,1,0.0,1.0,1000.0,民营系,0,0.0,0.0,0,0,0.0,0.0
聚财富,20141016,20170921.0,上海,上海,1,0.0,0.0,200.0,民营系,0,0.0,0.0,0,0,0.0,0.0
聚车贷,20160418,20160831.0,浙江,宁波,1,1.0,0.0,333.0,民营系,0,0.0,0.0,0,0,0.0,0.0
聚德贷,20150514,20160811.0,山东,淄博,1,0.0,0.0,100.0,民营系,0,0.0,0.0,0,0,0.0,0.0
聚福银汇,20150513,20160412.0,浙江,宁波,1,0.0,1.0,500.0,民营系,0,0.0,0.0,0,0,0.0,0.0
聚合信贷,20150717,20160507.0,河北,石家庄,1,0.0,0.0,500.0,民营系,0,0.0,0.0,0,0,0.0,0.0
聚力金服网,20151016,20181010.0,北京,北京,1,0.0,0.0,1000.0,民营系,0,0.0,0.0,1,1,0.0,0.0
聚千金融,20150909,20180116.0,浙江,杭州,1,0.0,0.0,200.0,民营系,0,0.0,0.0,1,0,0.0,0.0
聚钱袋,20130528,20150201.0,江苏,苏州,1,0.0,0.0,140.0,民营系,0,0.0,0.0,0,0,0.0,0.0
聚融汇,20140915,20151215.0,广东,深圳,1,0.0,1.0,505.452,民营系,1,,,0,0,,
聚融在线,20130518,20180718.0,福建,厦门,1,0.0,0.0,1000.0,民营系,0,0.0,0.0,0,1,0.0,0.0
聚散贷,20131125,20150207.0,福建,厦门,1,0.0,1.0,50.0,民营系,0,0.0,0.0,0,0,0.0,0.0
聚翔金融,20171110,20180417.0,浙江,宁波,1,0.0,0.0,500.0,民营系,0,0.0,0.0,0,0,0.0,0.0
聚友创投,20180325,20180620.0,江苏,苏州,1,0.0,0.0,100.0,民营系,0,0.0,0.0,0,0,0.0,0.0
巨潮金融,20171113,20180716.0,浙江,杭州,1,0.0,1.0,500.0,国企背景,0,0.0,0.0,0,0,0.0,0.0
巨牛财富,20150616,20160201.0,山东,济南,1,0.0,0.0,100.0,民营系,0,0.0,0.0,0,0,0.0,0.0
巨人理财,20160606,20180717.0,上海,上海,1,0.0,1.0,1666.6,民营系,0,0.0,0.0,0,1,0.0,0.0
巨石财富,20140923,20180423.0,湖北,武汉,1,0.0,0.0,100.0,民营系,0,0.0,0.0,0,1,0.0,0.0
巨希财富,20141120,20160811.0,山东,青岛,1,0.0,0.0,150.0,民营系,0,0.0,0.0,0,0,0.0,0.0
均金贷,20141127,20161122.0,上海,上海,1,0.0,0.0,2000.0,民营系,0,0.0,0.0,0,0,0.0,0.0
君昌投资,20151001,20151101.0,吉林,吉林,1,0.0,1.0,100.0,民营系,0,0.0,0.0,0,0,0.0,0.0
君茂财富,20131226,20141203.0,浙江,杭州,1,0.0,1.0,500.0,民营系,0,0.0,0.0,0,0,0.0,0.0
君易贷,20140909,,山东,临沂,0,,,50.0,民营系,0,0.0,0.0,0,0,0.0,0.0
俊博财富,20150710,20151101.0,山西,太原,1,0.0,0.0,500.0,民营系,0,0.0,0.0,0,1,0.0,0.0
骏宝威,20150520,20150609.0,河北,石家庄,1,0.0,1.0,100.0,民营系,0,0.0,0.0,0,0,0.0,0.0
开财宝,20141030,20160714.0,北京,北京,1,0.0,1.0,200.0,民营系,0,1.0,0.0,0,0,0.0,0.0
科讯网,20131201,20140610.0,广东,深圳,1,0.0,1.0,500.0,民营系,0,0.0,0.0,0,0,0.0,0.0
科银信贷,20140401,20180419.0,江苏,泰州,1,0.0,0.0,500.0,民营系,0,0.0,0.0,1,0,0.0,0.0
可乐贷,20141028,20170601.0,贵州,贵阳,1,0.0,0.0,200.0,民营系,0,0.0,0.0,1,0,1.0,0.0
可溯金融,20140917,20181031.0,浙江,杭州,1,0.0,0.0,500.0,国企背景,1,1.0,0.0,1,1,0.0,0.0
可投可贷（鲁）,20140801,20150319.0,山东,济南,1,0.0,0.0,100.0,民营系,0,0.0,0.0,1,1,1.0,1.0
快车在线,20160516,20160614.0,重庆,重庆,1,0.0,0.0,2000.0,民营系,0,0.0,0.0,0,0,0.0,0.0
坤鼎金融,20150827,20160627.0,广东,深圳,1,0.0,1.0,500.0,民营系,0,0.0,0.0,1,0,0.0,0.0
坤润财富,20150209,20170401.0,广东,佛山,1,0.0,0.0,200.0,民营系,0,0.0,0.0,1,1,0.0,0.0
坤一金融,20150506,20150813.0,安徽,合肥,1,1.0,0.0,600.0,民营系,0,0.0,0.0,1,0,0.0,0.0
昆山贷款网,20140601,20160531.0,江苏,苏州,1,0.0,0.0,10.0,民营系,0,0.0,0.0,0,0,0.0,0.0
来财街,20141008,20170210.0,上海,上海,1,0.0,1.0,1000.0,风投系,0,1.0,1.0,0,0,0.0,0.0
来鑫财富,20141124,20161124.0,浙江,宁波,1,0.0,0.0,100.0,民营系,0,0.0,0.0,1,0,0.0,0.0
蓝海创投,20150615,20160927.0,山东,济宁,1,0.0,0.0,300.0,民营系,0,0.0,0.0,0,0,0.0,0.0
蓝金所,20150909,20170201.0,广东,深圳,1,0.0,0.0,500.0,国企背景,0,1.0,0.0,1,1,0.0,0.0
懒丁贷,20170606,,天津,天津,0,,,100.0,民营系,1,0.0,0.0,0,0,0.0,0.0
懒猫1688,20151001,20160318.0,浙江,杭州,1,0.0,0.0,200.0,民营系,0,0.0,0.0,0,0,0.0,0.0
老树财富,20141020,20150515.0,上海,上海,1,0.0,1.0,500.0,民营系,0,0.0,0.0,0,0,0.0,0.0
乐贷网（鲁）,20141101,20141118.0,山东,济南,1,0.0,0.0,198.0,民营系,0,0.0,0.0,0,0,0.0,0.0
乐金所,20150428,20181210.0,安徽,合肥,1,0.0,0.0,500.0,民营系,1,0.0,1.0,0,1,0.0,0.0
乐居财富,20141105,20180713.0,湖北,武汉,1,0.0,1.0,500.0,民营系,1,0.0,0.0,0,0,0.0,0.0
乐融巴巴,20110328,20161201.0,新疆,乌鲁木齐,1,0.0,0.0,100.0,民营系,0,0.0,0.0,0,0,0.0,0.0
乐融在线,20150323,20170829.0,广东,深圳,1,0.0,0.0,100.0,民营系,0,0.0,0.0,0,0,0.0,0.0
乐升易贷,20150421,,安徽,宣城,0,,,500.0,民营系,0,0.0,0.0,1,1,0.0,0.0
乐享宝,20151224,,福建,厦门,0,,,500.0,国企背景,1,0.0,0.0,0,1,0.0,0.0
乐优车,20161008,,山东,青岛,0,,,500.0,民营系,0,0.0,0.0,0,0,0.0,0.0
雷萨财富,20150609,20160812.0,山东,潍坊,1,0.0,0.0,600.0,民营系,0,0.0,0.0,1,0,0.0,0.0
黎明创投,20150715,20160927.0,山东,淄博,1,0.0,0.0,280.0,民营系,0,0.0,0.0,0,0,0.0,0.0
理财保姆,20160401,20180110.0,上海,上海,1,0.0,1.0,1000.0,民营系,0,0.0,0.0,0,0,0.0,0.0
理想贷,20130401,,浙江,杭州,0,,,100.0,民营系,0,0.0,0.0,0,0,0.0,0.0
利德丰财富,20150301,20150512.0,山东,青岛,1,0.0,1.0,600.0,民营系,0,0.0,0.0,0,0,0.0,0.0
利多财富,20140620,20160101.0,河北,衡水,1,0.0,0.0,50.0,民营系,0,0.0,0.0,0,0,0.0,0.0
利丰财富,20160308,20170509.0,浙江,台州,1,0.0,0.0,280.0,民营系,0,0.0,0.0,0,0,0.0,0.0
利好贷,20140108,,福建,厦门,0,,,300.0,民营系,0,0.0,0.0,1,1,0.0,0.0
利巨人,20141016,,四川,成都,0,,,100.0,民营系,0,0.0,0.0,0,0,0.0,0.0
立帮财富,20090409,20160112.0,上海,上海,1,0.0,0.0,500.0,民营系,0,0.0,0.0,0,0,0.0,0.0
立鼎资本,20141023,20141023.0,广东,珠海,1,0.0,1.0,2000.0,民营系,0,0.0,0.0,0,0,0.0,0.0
立农在线,20150808,20160709.0,浙江,宁波,1,0.0,0.0,800.0,民营系,0,0.0,0.0,1,1,0.0,0.0
联豪创投,20140217,,江西,赣州,0,,,120.0,民营系,0,0.0,1.0,1,1,0.0,0.0
联连理财,20151218,,上海,上海,0,,,956.62,民营系,1,,,0,0,,
联投银帮,20151110,20190308.0,四川,成都,1,0.0,0.0,500.0,民营系,1,0.0,0.0,1,1,0.0,0.0
联鑫贷,20150528,,内蒙古,包头,0,,,500.0,民营系,0,0.0,0.0,1,1,0.0,0.0
连连贷,20130509,20150414.0,广东,深圳,1,0.0,0.0,100.0,民营系,0,0.0,0.0,1,0,0.0,0.0
连盈贷,20150426,20170531.0,北京,北京,1,0.0,0.0,1000.0,民营系,0,0.0,0.0,0,0,0.0,0.0
连资贷,20140922,,浙江,杭州,0,,,107.5,风投系,1,1.0,0.0,1,0,1.0,0.0
粮食贷,20150214,20160303.0,黑龙江,大庆,1,0.0,0.0,1000.0,民营系,0,0.0,0.0,0,0,0.0,0.0
林登财富,20150617,20160711.0,浙江,宁波,1,0.0,1.0,500.0,民营系,0,0.0,0.0,0,0,0.0,0.0
零壹金服,20150105,20171107.0,上海,上海,1,0.0,0.0,500.0,民营系,0,0.0,0.0,0,0,0.0,0.0
凌锐财富,20150903,20160703.0,山西,太原,1,0.0,0.0,500.0,民营系,0,0.0,0.0,1,1,1.0,0.0
龙宝斋,20131016,20170301.0,北京,北京,1,1.0,0.0,100.0,民营系,0,0.0,0.0,0,0,0.0,0.0
龙金中心,20151010,,上海,上海,0,,,956.62,民营系,1,,,0,0,,
龙猫贷,20150805,20170401.0,江西,南昌,1,0.0,0.0,500.0,民营系,0,0.0,0.0,0,0,0.0,0.0
龙源金融,20140915,20141229.0,山东,枣庄,1,0.0,0.0,201.8,民营系,0,0.0,0.0,0,0,0.0,0.0
隆祥金融,20160920,20170301.0,河南,商丘,1,0.0,0.0,1000.0,民营系,0,0.0,0.0,0,0,0.0,0.0
陇e贷,20150420,,甘肃,兰州,0,,,300.0,国企背景,1,0.0,0.0,0,1,1.0,1.0
鲁商贷,20130117,20150119.0,山东,济南,1,0.0,0.0,120.1,民营系,0,0.0,0.0,1,1,0.0,0.0
鲁小姐理财,20171103,20180809.0,浙江,杭州,1,0.0,1.0,500.0,国企背景,0,0.0,0.0,0,0,0.0,0.0
鲁信宜贷,20150109,20160310.0,山东,青岛,1,0.0,0.0,100.0,民营系,0,0.0,0.0,1,0,0.0,0.0
鲁源金融,20150507,20150611.0,山东,泰安,1,0.0,1.0,100.0,民营系,0,0.0,0.0,0,0,0.0,0.0
律信智投,20150618,,陕西,西安,0,,,100.0,民营系,0,0.0,0.0,0,0,0.0,0.0
绿化贷,20150428,20180813.0,广东,深圳,1,0.0,1.0,500.0,国企背景,1,0.0,1.0,0,1,0.0,0.0
绿之篮投资,20150619,20160702.0,安徽,合肥,1,0.0,0.0,260.0,民营系,0,0.0,0.0,0,0,0.0,0.0
蚂蚁宜票,20151212,,北京,北京,0,,,500.0,民营系,1,0.0,0.0,0,0,0.0,0.0
麦钱,20150325,,广东,深圳,0,,,605.117,民营系,1,,,0,0,,
满满贷,20130108,20170111.0,湖南,长沙,1,0.0,0.0,500.0,民营系,0,0.0,0.0,1,0,0.0,0.0
满满金服,20160923,20170301.0,浙江,杭州,1,1.0,0.0,100.0,民营系,0,0.0,0.0,0,0,0.0,0.0
梅菜肉丸,20151119,20180516.0,北京,北京,1,0.0,0.0,100.0,民营系,0,0.0,0.0,0,0,0.0,0.0
美E贷,20140808,20150110.0,山东,淄博,1,0.0,0.0,100.0,民营系,0,0.0,0.0,0,0,0.0,0.0
美利金融,20150921,20160720.0,北京,北京,1,1.0,0.0,2017.0,民营系,0,0.0,0.0,1,0,0.0,0.0
萌橙理财,20170912,20190531.0,浙江,杭州,1,1.0,0.0,200.0,民营系,0,0.0,0.0,0,0,0.0,0.0
米贷网,20131001,20180123.0,福建,厦门,1,0.0,0.0,100.0,民营系,0,0.0,0.0,0,0,0.0,0.0
米牛网,20140908,20170101.0,浙江,杭州,1,1.0,0.0,13.7,风投系,0,0.0,0.0,1,0,0.0,0.0
米族金融,20160704,,上海,上海,0,,,500.0,民营系,1,0.0,1.0,1,0,0.0,0.0
妙华生意贷,20141028,20150702.0,上海,上海,1,0.0,1.0,100.0,民营系,0,0.0,0.0,0,0,0.0,0.0
民强财富,20150718,20151023.0,山东,聊城,1,1.0,0.0,300.0,民营系,0,0.0,0.0,0,0,0.0,0.0
民投金服,20150108,,广东,深圳,0,,,1500.0,国企背景,1,0.0,1.0,0,1,0.0,0.0
闽昌贷,20130111,20141106.0,福建,厦门,1,0.0,1.0,50.0,民营系,0,0.0,0.0,0,0,0.0,0.0
闽商贷,20150101,20150804.0,福建,莆田,1,0.0,1.0,100.0,民营系,0,0.0,0.0,0,0,0.0,0.0
明贷网,20140920,20151229.0,浙江,杭州,1,0.0,0.0,200.0,民营系,0,0.0,0.0,1,0,0.0,0.0
明德创投,20141230,20150728.0,广东,韶关,1,0.0,1.0,200.0,民营系,0,0.0,0.0,0,0,0.0,0.0
明利财富,20150501,20160420.0,山东,青岛,1,0.0,0.0,300.0,民营系,0,0.0,0.0,0,0,0.0,0.0
明熙财富,20150826,20160812.0,山东,淄博,1,0.0,0.0,100.0,民营系,0,0.0,0.0,0,0,0.0,0.0
明智金融,20160504,20170401.0,广东,深圳,1,0.0,0.0,1000.0,民营系,0,0.0,0.0,1,1,0.0,0.0
明珠创投,20160412,20160627.0,北京,北京,1,0.0,1.0,90.0,民营系,0,0.0,0.0,0,0,0.0,0.0
铭宏创投,20170705,20180111.0,浙江,绍兴,1,0.0,0.0,500.0,民营系,0,0.0,0.0,0,0,0.0,0.0
铭胜投资,20131104,20150204.0,广东,广州,1,0.0,0.0,100.1,民营系,0,0.0,0.0,0,0,0.0,0.0
名宏创投,20141212,20150117.0,山东,聊城,1,0.0,0.0,90.0,民营系,1,0.0,0.0,0,0,0.0,0.0
名龙资本,20150408,20150706.0,广东,广州,1,0.0,1.0,100.0,民营系,0,0.0,0.0,0,0,0.0,0.0
魔袋金融,20140904,,上海,上海,0,,,845.853,民营系,1,,,0,0,,
墨竹轩电子,20150711,20160219.0,山东,潍坊,1,0.0,1.0,100.0,民营系,1,0.0,0.0,0,0,0.0,0.0
牧渔金服,20170104,,上海,上海,0,,,500.0,民营系,0,0.0,0.0,0,0,0.0,0.0
穆金所,20160420,20180701.0,上海,上海,1,0.0,0.0,500.0,民营系,1,0.0,0.0,0,0,0.0,0.0
你好贷,20150409,,福建,厦门,0,,,500.0,民营系,0,0.0,1.0,1,0,0.0,0.0
你投我融,20151215,20170201.0,广东,东莞,1,0.0,0.0,100.0,民营系,0,0.0,0.0,0,0,0.0,0.0
宁商e贷,20140718,20180117.0,宁夏,中卫,1,0.0,0.0,500.0,民营系,0,0.0,0.0,1,1,1.0,1.0
宁夏贷,20160310,,宁夏,银川,0,,,300.0,民营系,0,0.0,0.0,0,1,0.0,0.0
牛犇犇,20150318,,浙江,杭州,0,,,369.2,民营系,0,0.0,0.0,0,0,0.0,0.0
牛车在线,20151001,20151204.0,上海,上海,1,0.0,0.0,500.0,民营系,0,0.0,0.0,0,0,0.0,0.0
牛鼎网,20150707,20161201.0,云南,昆明,1,0.0,0.0,500.0,民营系,0,0.0,0.0,1,0,0.0,0.0
牛人街,20170705,20181130.0,浙江,杭州,1,1.0,0.0,500.0,民营系,0,0.0,0.0,1,1,0.0,0.0
牛娃互联网金融,20150501,20190418.0,上海,上海,1,1.0,0.0,500.0,民营系,1,0.0,0.0,1,1,0.0,0.0
农科城网贷,20141001,20141021.0,北京,北京,1,0.0,1.0,700.0,民营系,0,0.0,0.0,0,0,0.0,0.0
农钱庄,20141012,,黑龙江,大庆,0,,,200.0,民营系,1,0.0,1.0,1,1,0.0,0.0
诺贷投资,20130903,20150320.0,四川,成都,1,0.0,0.0,60.0,民营系,0,0.0,0.0,0,0,0.0,0.0
诺期贷,20150806,20180302.0,江苏,苏州,1,0.0,0.0,60.0,民营系,0,0.0,0.0,0,0,0.0,0.0
诺云汇,20150211,,北京,北京,0,,,1000.0,民营系,1,0.0,0.0,0,0,0.0,0.0
欧亿投资,20150325,20150325.0,云南,昆明,1,0.0,1.0,100.0,民营系,0,0.0,0.0,0,0,0.0,0.0
苹果财富,20150201,20160505.0,重庆,重庆,1,0.0,0.0,500.0,民营系,0,0.0,0.0,0,0,0.0,0.0
平安资本,20150401,20160118.0,北京,北京,1,0.0,0.0,600.0,民营系,0,0.0,0.0,0,0,0.0,0.0
莆商贷,20160622,,福建,莆田,0,,,500.0,民营系,0,0.0,0.0,1,0,0.0,0.0
普惠金融（皖）,20160618,,安徽,淮南,0,,,500.0,民营系,1,0.0,0.0,0,0,0.0,0.0
普惠在线,20140731,,广东,广州,0,,,1000.0,民营系,0,0.0,0.0,0,0,0.0,0.0
普金资本,20160909,,江西,赣州,0,,,300.0,国企背景,0,0.0,0.0,0,0,0.0,0.0
普临贷,20160325,20160730.0,北京,北京,1,0.0,1.0,500.0,民营系,0,0.0,0.0,0,0,0.0,0.0
普益金服,20170808,20180627.0,上海,上海,1,0.0,1.0,100.0,民营系,0,0.0,0.0,1,0,0.0,0.0
浦捷贷,20150601,20180119.0,福建,厦门,1,0.0,0.0,500.0,民营系,0,0.0,0.0,1,1,0.0,0.0
七彩池,20151030,20180417.0,四川,成都,1,0.0,0.0,50.0,民营系,0,0.0,0.0,0,0,0.0,0.0
七点金服,20151125,,上海,上海,0,,,100.0,民营系,0,0.0,0.0,1,1,0.0,0.0
柒掌柜,20160113,20170509.0,浙江,宁波,1,0.0,0.0,200.0,民营系,0,0.0,0.0,0,0,0.0,0.0
奇子贷,20131118,20170509.0,北京,北京,1,1.0,0.0,10.0,民营系,0,0.0,0.0,1,1,0.0,0.0
齐乐融融,20141128,20150901.0,山东,淄博,1,0.0,0.0,21316.0,民营系,0,0.0,0.0,0,0,0.0,0.0
启明投资,20160627,20160718.0,江苏,南通,1,0.0,1.0,100.0,民营系,0,0.0,0.0,0,0,0.0,0.0
千百亿金融,20150720,20170201.0,广东,珠海,1,0.0,0.0,300.0,民营系,0,0.0,0.0,1,1,0.0,0.0
仟佰贷,20140901,20171025.0,河南,郑州,1,0.0,0.0,100.0,民营系,0,0.0,0.0,0,0,0.0,0.0
乾包,20140922,20190701.0,辽宁,沈阳,1,1.0,0.0,500.0,民营系,1,0.0,0.0,1,1,0.0,0.0
乾诚金服,20151117,,山东,淄博,0,,,500.0,民营系,0,0.0,0.0,0,0,0.0,0.0
乾坤袋,20150520,20180101.0,北京,北京,1,0.0,0.0,100.0,民营系,0,0.0,0.0,0,0,0.0,0.0
乾元金票据,20150401,,吉林,吉林,0,,,300.0,民营系,1,0.0,0.0,0,0,0.0,0.0
钱宝财,20170801,20180724.0,浙江,杭州,1,0.0,0.0,550.0,民营系,1,0.0,0.0,0,0,0.0,0.0
钱富宝,20151103,20180409.0,广东,深圳,1,0.0,1.0,2000.0,民营系,0,0.0,0.0,0,0,0.0,0.0
钱冠理财,20140108,20180224.0,上海,上海,1,0.0,0.0,120.0,民营系,0,0.0,0.0,0,0,0.0,0.0
钱江通,20140601,20161201.0,福建,厦门,1,0.0,0.0,100.0,民营系,0,0.0,0.0,0,0,0.0,0.0
钱客金融,20150121,20150306.0,北京,北京,1,0.0,1.0,1000.0,民营系,0,0.0,0.0,0,0,0.0,0.0
钱秘书理财,20160612,20180901.0,广东,深圳,1,0.0,0.0,200.0,民营系,0,0.0,0.0,0,0,0.0,0.0
钱趣网,20150601,20160920.0,陕西,西安,1,0.0,0.0,300.0,民营系,0,0.0,0.0,1,0,0.0,0.0
钱融融,20170816,,浙江,杭州,0,,,500.0,民营系,1,0.0,0.0,0,0,0.0,0.0
钱生花,20131228,,广东,深圳,0,,,12000.0,民营系,1,0.0,1.0,1,1,0.0,0.0
前海红筹,20150211,,广东,深圳,0,,,1000.0,民营系,1,0.0,0.0,0,0,0.0,0.0
前海金易贷,20151228,20171027.0,广东,深圳,1,0.0,0.0,500.0,民营系,0,0.0,0.0,0,0,0.0,0.0
前海领投,20141227,,广东,深圳,0,,,100.0,民营系,1,0.0,1.0,1,0,0.0,0.0
潜力股,20140714,20150920.0,上海,上海,1,0.0,1.0,800.0,民营系,0,0.0,0.0,0,0,0.0,0.0
乔泰投资,20150601,20160810.0,浙江,宁波,1,0.0,1.0,600.8,民营系,0,0.0,0.0,0,0,0.0,0.0
乔赢财富,20141008,20150615.0,浙江,宁波,1,0.0,0.0,500.0,民营系,0,0.0,0.0,0,0,0.0,0.0
钦联财富,20141127,20160530.0,上海,上海,1,0.0,0.0,100.0,民营系,0,0.0,0.0,0,0,0.0,0.0
青创财富,20150414,20180313.0,安徽,合肥,1,0.0,0.0,500.0,民营系,0,0.0,0.0,0,0,0.0,0.0
清果金服,20150504,,北京,北京,0,,,734.553,民营系,1,,,0,0,,
清华财富,20150612,20160812.0,山东,济宁,1,0.0,0.0,50.0,民营系,0,0.0,0.0,1,0,0.0,0.0
趣投资,20150918,20171010.0,广东,深圳,1,0.0,0.0,500.0,民营系,0,0.0,0.0,1,1,0.0,0.0
去哪投,20150330,20171025.0,北京,北京,1,0.0,0.0,600.0,民营系,0,0.0,0.0,0,0,0.0,0.0
去投网,20160618,,北京,北京,0,,,1500.0,民营系,1,0.0,0.0,0,0,0.0,0.0
全局金服,20160106,20180727.0,上海,上海,1,0.0,0.0,500.0,民营系,0,0.0,0.0,0,0,0.0,0.0
全民贷,20120625,20141209.0,浙江,杭州,1,0.0,0.0,200.0,民营系,0,0.0,0.0,0,0,0.0,0.0
全球贷,20140901,20180722.0,北京,北京,1,0.0,0.0,1000.0,民营系,1,1.0,0.0,0,0,0.0,0.0
全优理财,20141201,20150929.0,广东,深圳,1,0.0,0.0,200.0,民营系,0,0.0,0.0,0,0,0.0,0.0
仁义贷,20160609,20160828.0,北京,北京,1,0.0,0.0,600.0,民营系,0,0.0,0.0,0,1,0.0,0.0
人人贷,20101013,,北京,北京,0,,,20000.0,风投系,1,1.0,1.0,1,1,0.0,0.0
人人金融,20150101,20150307.0,广东,深圳,1,0.0,1.0,100.0,民营系,0,0.0,0.0,0,0,0.0,0.0
人人融通,20170715,20170927.0,浙江,温州,1,0.0,0.0,500.0,民营系,0,0.0,0.0,0,0,0.0,0.0
任人投,20150415,20160118.0,广东,深圳,1,1.0,0.0,1000.0,民营系,0,0.0,0.0,0,0,0.0,0.0
任我贷,20150628,20170301.0,重庆,重庆,1,1.0,0.0,100.0,民营系,0,0.0,0.0,1,0,0.0,0.0
认合财富,20150120,20161031.0,河北,沧州,1,1.0,0.0,100.0,民营系,0,0.0,0.0,0,0,0.0,0.0
日宝网,20150707,20150707.0,上海,上海,1,0.0,1.0,50.0,民营系,0,0.0,0.0,0,0,0.0,0.0
日升财富,20140317,20140504.0,湖南,长沙,1,0.0,0.0,300.0,民营系,0,0.0,0.0,0,0,0.0,0.0
荣桓世远,20150327,20151124.0,山东,滨州,1,0.0,0.0,500.0,民营系,0,0.0,0.0,0,0,0.0,0.0
荣信汇,20141205,20170113.0,陕西,西安,1,0.0,0.0,100.0,民营系,0,0.0,0.0,0,0,0.0,0.0
融宝网,20150215,20171025.0,江西,南昌,1,0.0,0.0,500.0,民营系,0,0.0,0.0,1,0,0.0,0.0
融和贷,20150113,20171213.0,安徽,合肥,1,0.0,1.0,1000.0,民营系,1,1.0,0.0,1,1,0.0,0.0
融汇创投,20151026,20160130.0,浙江,宁波,1,0.0,0.0,500.0,民营系,0,0.0,0.0,0,0,0.0,0.0
融利贷,20150901,20170301.0,广东,深圳,1,1.0,0.0,50.0,民营系,0,0.0,0.0,1,0,0.0,0.0
融洽财富,20151019,,广西,南宁,0,,,300.0,民营系,1,0.0,1.0,1,0,0.0,0.0
融途e贷,20141226,20160411.0,黑龙江,哈尔滨,1,0.0,0.0,300.0,民营系,0,0.0,0.0,0,0,0.0,0.0
融兴理财,20160616,20160812.0,江西,南昌,1,0.0,1.0,428.333,民营系,0,0.0,0.0,0,0,0.0,0.0
融易创投,20150129,20171121.0,四川,成都,1,1.0,0.0,100.0,民营系,0,0.0,0.0,0,1,0.0,0.0
融圆财富,20150408,20161201.0,湖北,武汉,1,0.0,0.0,300.0,民营系,0,0.0,0.0,1,0,0.0,0.0
融远金服,20150408,20160728.0,山东,烟台,1,1.0,0.0,100.0,民营系,0,0.0,0.0,1,1,0.0,1.0
融至鼎,20130821,20140621.0,浙江,杭州,1,0.0,0.0,100.0,民营系,0,0.0,0.0,0,0,0.0,0.0
瑞贷通,20130503,20150527.0,江西,宜春,1,0.0,0.0,100.0,民营系,0,0.0,0.0,0,0,0.0,0.0
瑞银贷,20131125,20160615.0,广东,深圳,1,0.0,0.0,100.0,民营系,0,0.0,0.0,0,1,0.0,0.0
锐畅易贷,20141128,20141230.0,山东,德州,1,0.0,0.0,150.0,民营系,0,0.0,0.0,0,0,0.0,0.0
润川贷,20141211,20150627.0,北京,北京,1,0.0,0.0,1000.0,民营系,0,0.0,0.0,0,0,0.0,0.0
润贷网,20141001,20150101.0,江苏,泰州,1,0.0,0.0,200.0,民营系,0,0.0,0.0,0,0,0.0,0.0
润丰金融,20141208,20150512.0,浙江,宁波,1,1.0,0.0,500.0,民营系,0,0.0,0.0,1,0,0.0,0.0
润合金融,20150901,20170201.0,广东,深圳,1,0.0,0.0,1500.0,民营系,0,0.0,0.0,1,1,0.0,0.0
润业金融,20150607,,广东,汕头,0,,,100.0,民营系,1,0.0,0.0,0,0,0.0,0.0
萨飞资本,20170825,20180625.0,上海,上海,1,0.0,1.0,500.0,民营系,1,0.0,0.0,0,0,0.0,0.0
塞上贷,20141022,20170301.0,宁夏,银川,1,0.0,0.0,500.0,民营系,0,0.0,0.0,1,0,0.0,0.0
三国财富,20170508,20180302.0,北京,北京,1,0.0,0.0,500.0,民营系,0,0.0,0.0,0,0,0.0,0.0
三农金服,20150828,,广东,深圳,0,,,500.0,国企背景,1,1.0,1.0,0,0,0.0,0.0
三益宝,20141203,20180928.0,北京,北京,1,0.0,0.0,500.0,民营系,1,0.0,1.0,0,1,0.0,0.0
桑善金服,20171124,20180821.0,上海,上海,1,0.0,0.0,500.0,国企背景,0,0.0,0.0,1,0,0.0,0.0
杉易贷,20140929,,广东,深圳,0,,,1011.0,上市公司,1,0.0,1.0,1,1,0.0,0.0
山西众创金融,20160501,,山西,太原,0,,,100.0,民营系,1,0.0,0.0,0,1,0.0,0.0
善林宝,20150623,20180410.0,上海,上海,1,0.0,1.0,12000.0,民营系,1,0.0,0.0,1,0,0.0,0.0
善融,20150401,20160122.0,广东,深圳,1,0.0,0.0,1000.0,民营系,0,0.0,0.0,1,0,0.0,0.0
善行金服,20141203,,广东,深圳,0,,,1000.0,民营系,0,0.0,1.0,1,1,0.0,0.0
商户通,20150318,,江苏,南京,0,,,100.0,民营系,0,0.0,0.0,0,0,0.0,0.0
商会易贷,20140919,20151001.0,广东,广州,1,0.0,0.0,100.0,民营系,0,0.0,0.0,1,0,0.0,0.0
商汇通,20150519,20160801.0,河南,商丘,1,0.0,0.0,320.0,民营系,0,0.0,0.0,0,0,0.0,0.0
商信理财,20171114,20180717.0,浙江,宁波,1,0.0,0.0,500.0,民营系,0,0.0,0.0,0,0,0.0,0.0
上金库,20160429,,福建,厦门,0,,,500.0,民营系,0,0.0,0.0,0,0,0.0,0.0
尚蒙亿汇,20150615,20160711.0,山东,青岛,1,0.0,0.0,100.0,民营系,0,0.0,0.0,0,0,0.0,0.0
深速贷,20140429,20140429.0,广东,深圳,1,0.0,0.0,200.0,民营系,0,0.0,0.0,1,0,1.0,0.0
神州易贷,20130909,20141230.0,山东,青岛,1,0.0,0.0,150.0,民营系,0,0.0,0.0,0,0,0.0,0.0
生活贷,20140305,20160817.0,广东,深圳,1,0.0,0.0,200.0,民营系,0,0.0,0.0,0,0,0.0,0.0
生钱袋,20151014,20180813.0,上海,上海,1,0.0,0.0,100.0,民营系,0,0.0,0.0,0,0,0.0,0.0
升值空间,20160108,,北京,北京,0,,,200.0,民营系,1,1.0,0.0,0,1,0.0,0.0
盛京金服,20170107,20171107.0,辽宁,沈阳,1,0.0,0.0,300.0,民营系,0,0.0,0.0,1,0,0.0,0.0
盛平财富,20151015,20160815.0,江苏,常州,1,0.0,0.0,300.0,民营系,0,0.0,0.0,1,1,0.0,1.0
盛世典当,20170520,20170810.0,福建,厦门,1,0.0,0.0,500.0,民营系,0,0.0,0.0,0,0,0.0,0.0
盛世通贷,20150801,,江西,南昌,0,,,372.5,民营系,1,,,0,0,,
盛益贷,20160701,20170201.0,浙江,衢州,1,0.0,0.0,500.0,民营系,0,0.0,0.0,0,0,0.0,0.0
胜天金融,20150831,20151207.0,四川,内江,1,0.0,1.0,200.0,民营系,0,0.0,0.0,0,0,0.0,0.0
十鼎贷,20140703,20180529.0,浙江,宁波,1,0.0,0.0,800.0,民营系,0,0.0,0.0,1,1,0.0,0.0
时代金服,20150908,20151001.0,上海,上海,1,0.0,0.0,100.0,民营系,0,0.0,0.0,0,0,0.0,0.0
什马金融,20150501,20150901.0,安徽,合肥,1,0.0,0.0,100.0,民营系,0,0.0,0.0,0,0,0.0,0.0
世纪金投财富,20160513,20160525.0,北京,北京,1,0.0,1.0,500.0,民营系,0,0.0,0.0,0,0,0.0,0.0
手投网,20150722,20171227.0,北京,北京,1,0.0,0.0,500.0,民营系,1,0.0,1.0,0,0,0.0,0.0
首贷通,20150107,20180529.0,上海,上海,1,0.0,0.0,200.0,民营系,0,0.0,0.0,1,0,0.0,0.0
首鸿财富,20150615,20170531.0,浙江,杭州,1,0.0,0.0,300.0,民营系,0,0.0,0.0,1,0,0.0,0.0
首金所,20140920,20150712.0,北京,北京,1,0.0,0.0,300.0,民营系,0,0.0,0.0,0,0,0.0,0.0
首金网,20151229,,北京,北京,0,,,1000.0,国企背景,1,0.0,1.0,1,1,0.0,0.0
首信创投,20141229,,浙江,宁波,0,,,100.0,民营系,0,0.0,0.0,0,0,0.0,0.0
首晟投资,20160310,20160704.0,北京,北京,1,0.0,1.0,100.0,民营系,0,0.0,0.0,0,0,0.0,0.0
鼠贷金融,20150618,,上海,上海,0,,,500.0,民营系,1,0.0,0.0,0,1,0.0,0.0
双兴信投,20141010,20160522.0,山东,德州,1,0.0,1.0,100.0,民营系,0,0.0,0.0,0,0,0.0,0.0
双赢贷,20150301,20160810.0,山东,济宁,1,0.0,0.0,100.0,民营系,0,0.0,0.0,0,0,0.0,0.0
顺融易贷,20150316,20150916.0,山东,莱芜,1,0.0,0.0,10.0,民营系,0,0.0,0.0,0,0,0.0,0.0
私房投,20150408,,山东,淄博,0,,,201.8,民营系,0,0.0,0.0,0,1,0.0,0.0
搜贷天下,20150101,20180720.0,北京,北京,1,0.0,0.0,400.0,民营系,0,0.0,0.0,1,0,0.0,0.0
搜货金服,20160519,20161201.0,广东,深圳,1,0.0,0.0,100.0,民营系,0,0.0,0.0,0,0,0.0,0.0
苏航贷,20170605,20180629.0,江苏,苏州,1,0.0,0.0,100.0,民营系,0,0.0,0.0,0,1,0.0,0.0
苏商投资,20140101,20140906.0,上海,上海,1,0.0,1.0,400.0,民营系,0,0.0,0.0,0,0,0.0,0.0
苏中贷,20140506,20190103.0,江苏,扬州,1,0.0,0.0,200.0,民营系,0,0.0,0.0,0,0,0.0,0.0
速e贷,20150101,20170620.0,山东,泰安,1,0.0,0.0,500.0,民营系,0,0.0,0.0,1,1,0.0,0.0
塑如意,20150501,,广东,东莞,0,,,605.117,民营系,1,,,0,0,,
宿州易贷,20141125,20150927.0,安徽,宿州,1,0.0,0.0,200.0,民营系,0,0.0,0.0,1,0,0.0,0.0
随心贷,20141015,20150701.0,北京,北京,1,0.0,0.0,50.0,民营系,0,0.0,0.0,1,1,0.0,1.0
他项车贷,20150408,20180309.0,福建,宁德,1,0.0,0.0,500.0,民营系,0,0.0,0.0,1,1,0.0,0.0
她金控,20141226,20180102.0,北京,北京,1,0.0,0.0,500.0,民营系,1,0.0,0.0,0,1,0.0,1.0
泰金融,20150101,20150806.0,北京,北京,1,0.0,0.0,500.0,民营系,0,0.0,0.0,0,0,0.0,0.0
泰山宝,20140929,,山东,泰安,0,,,120.0,国企背景,0,0.0,0.0,1,1,1.0,1.0
太有乾,20131115,20180131.0,上海,上海,1,0.0,0.0,1800.0,民营系,0,0.0,0.0,0,0,1.0,0.0
唐人贷,20150209,20150922.0,浙江,宁波,1,0.0,1.0,500.0,民营系,0,0.0,0.0,1,0,0.0,0.0
淘金城,20140310,20150716.0,广西,玉林,1,0.0,0.0,120.0,民营系,0,0.0,0.0,1,0,0.0,0.0
淘珠网,20150821,,河北,秦皇岛,0,,,303.514,民营系,1,,,0,0,,
腾邦创投,20140925,,广东,深圳,0,,,1000.0,上市公司,0,0.0,0.0,0,1,0.0,0.0
提钱网,20150527,20160205.0,河南,漯河,1,0.0,0.0,100.0,民营系,0,0.0,0.0,1,0,0.0,0.0
天标贷,20130527,20131220.0,湖南,怀化,1,0.0,0.0,100.0,民营系,0,0.0,0.0,0,0,0.0,0.0
天财猫,20160222,20160525.0,北京,北京,1,0.0,0.0,500.0,国企背景,0,0.0,0.0,0,0,0.0,0.0
天晨财富,20140112,20141020.0,山东,青岛,1,0.0,0.0,100.0,民营系,0,0.0,0.0,0,0,0.0,0.0
天达金融,20170104,20180718.0,河南,郑州,1,0.0,0.0,350.0,民营系,0,0.0,0.0,0,0,0.0,0.0
天壕普惠,20140703,,北京,北京,0,,,1000.0,上市公司,1,0.0,0.0,0,0,0.0,0.0
天汇融,20121201,20160530.0,四川,成都,1,0.0,0.0,6.0,民营系,0,0.0,0.0,0,0,0.0,0.0
天天理财,20150801,,北京,北京,0,,,734.553,民营系,1,,,0,0,,
天天信投,20150401,20161027.0,山东,滨州,1,0.0,0.0,200.0,民营系,0,0.0,0.0,0,0,0.0,0.0
天天赢,20141001,20170926.0,广东,深圳,1,0.0,0.0,300.0,民营系,0,0.0,0.0,1,0,0.0,1.0
天下汇通,20150518,,宁夏,银川,0,,,1000.0,民营系,0,0.0,0.0,1,1,0.0,0.0
天下钱庄,20141015,20161031.0,上海,上海,1,1.0,0.0,300.0,民营系,0,0.0,0.0,0,0,0.0,0.0
天涯贷,20140911,20160531.0,海南,海口,1,0.0,0.0,100.0,民营系,0,0.0,0.0,0,0,0.0,0.0
天易贷,20150801,20180201.0,山东,临沂,1,0.0,0.0,259.477,民营系,0,0.0,0.0,0,0,0.0,0.0
添金财富联盟,20151208,,天津,天津,0,,,300.0,民营系,0,0.0,0.0,0,0,0.0,0.0
甜菜金融,20150201,,湖北,武汉,0,,,500.0,国企背景,1,0.0,0.0,0,0,0.0,0.0
贴身贷,20160301,20180401.0,北京,北京,1,0.0,0.0,300.0,民营系,0,0.0,0.0,1,1,0.0,0.0
铁信创投,20140115,20160530.0,浙江,杭州,1,0.0,0.0,60.0,民营系,0,0.0,0.0,0,0,0.0,0.0
通财富,20151206,20161006.0,福建,泉州,1,0.0,0.0,500.0,民营系,0,0.0,0.0,0,0,0.0,0.0
通融财富,20150628,20160721.0,广东,东莞,1,0.0,0.0,500.0,民营系,0,0.0,0.0,0,1,0.0,0.0
通通贷,20150813,,重庆,重庆,0,,,510.0,民营系,1,0.0,0.0,0,0,0.0,0.0
同城贷,20160722,20180326.0,江苏,苏州,1,0.0,0.0,20.0,民营系,0,0.0,0.0,0,0,0.0,0.0
同城人人贷,20131220,20161220.0,广西,南宁,1,0.0,1.0,1000.0,民营系,0,0.0,0.0,1,0,0.0,0.0
铜牛聚财,20180105,,浙江,杭州,0,,,625.0,民营系,1,0.0,0.0,0,0,0.0,0.0
铜掌柜,20141013,,浙江,杭州,0,,,315.8,上市公司,1,0.0,1.0,1,0,0.0,0.0
投人贷,20151001,20151210.0,广东,深圳,1,0.0,1.0,100.0,民营系,0,0.0,0.0,0,0,0.0,0.0
投融贷,20140528,20160830.0,上海,上海,1,0.0,0.0,500.0,民营系,0,0.0,0.0,0,1,0.0,0.0
投融范,20141228,20160720.0,上海,上海,1,0.0,0.0,1000.0,民营系,0,0.0,0.0,0,0,0.0,0.0
投之有道,20150804,20150910.0,广东,佛山,1,0.0,0.0,300.0,民营系,0,0.0,0.0,0,1,0.0,0.0
投资吧,20150818,,江苏,南京,0,,,645.05,民营系,1,,,0,0,,
投资啦,20140628,20170301.0,北京,北京,1,1.0,0.0,1000.0,民营系,0,0.0,0.0,0,0,0.0,0.0
土豪理财,20150729,20180723.0,北京,北京,1,0.0,0.0,100.0,民营系,0,0.0,0.0,0,0,0.0,0.0
脱贫宝,20151218,20160816.0,广东,深圳,1,0.0,0.0,500.0,民营系,0,0.0,0.0,0,0,0.0,0.0
拓达贷,20141109,20141223.0,山东,滨州,1,0.0,0.0,100.0,民营系,0,0.0,0.0,0,0,0.0,0.0
拓天速贷,20150701,,北京,北京,0,,,500.0,民营系,0,0.0,0.0,1,0,0.0,0.0
玩儿家理财,20160108,20170301.0,北京,北京,1,0.0,0.0,100.0,民营系,0,0.0,0.0,0,0,0.0,0.0
皖都金融,20130818,,安徽,合肥,0,,,343.0,民营系,1,0.0,0.0,1,0,0.0,0.0
万达金融,20151008,20160816.0,浙江,衢州,1,0.0,0.0,500.0,民营系,0,0.0,0.0,0,0,0.0,0.0
万方融通,20140912,20160912.0,广东,深圳,1,0.0,0.0,100.0,民营系,0,0.0,0.0,0,0,0.0,0.0
万晶聚投资,20141101,20141116.0,广东,深圳,1,0.0,1.0,10.0,民营系,0,0.0,0.0,0,0,0.0,0.0
万万贷,20141024,20160930.0,广东,深圳,1,0.0,0.0,500.0,民营系,0,0.0,0.0,0,0,0.0,0.0
网乐贷,20130806,20160417.0,湖北,十堰,1,0.0,0.0,588.8,民营系,0,0.0,0.0,0,1,0.0,0.0
旺财小强,20150814,20190701.0,北京,北京,1,1.0,0.0,833.4,民营系,1,0.0,0.0,0,1,0.0,0.0
旺隶轩金服,20170710,20180812.0,上海,上海,1,0.0,0.0,500.0,民营系,0,0.0,0.0,0,0,0.0,0.0
旺力金融,20160718,20181220.0,上海,上海,1,0.0,0.0,500.0,民营系,0,0.0,0.0,0,1,0.0,0.0
微E贷,20130808,,广东,深圳,0,,,500.0,民营系,0,0.0,0.0,0,1,0.0,0.0
微财金融,20160118,20160328.0,江苏,南京,1,0.0,0.0,500.0,民营系,0,0.0,0.0,0,0,0.0,0.0
微金客,20140809,,北京,北京,0,,,1000.0,民营系,1,0.0,1.0,0,1,0.0,0.0
微美贷,20140730,20151215.0,上海,上海,1,1.0,0.0,845.853,民营系,1,,,0,0,,
微投所,20150811,20160128.0,广东,深圳,1,0.0,0.0,100.0,民营系,1,0.0,0.0,0,0,0.0,0.0
微微金融,20151209,,浙江,杭州,0,,,300.0,民营系,0,0.0,0.0,0,1,0.0,0.0
微信贷,20140428,,北京,北京,0,,,100.0,民营系,0,0.0,0.0,1,0,0.0,1.0
为顾在线,20151120,20160725.0,上海,上海,1,0.0,0.0,600.0,民营系,0,0.0,0.0,1,1,0.0,0.0
为信财行,20151010,,上海,上海,0,,,956.62,民营系,1,,,0,0,,
我爱我贷,20130610,20151001.0,上海,上海,1,0.0,0.0,277.4,民营系,0,0.0,0.0,0,0,0.0,0.0
我帮你贷,20150201,20160522.0,山东,滨州,1,0.0,0.0,110.0,民营系,0,0.0,0.0,0,0,0.0,0.0
握握金服,20140614,20180919.0,山东,济南,1,0.0,0.0,500.0,民营系,0,0.0,0.0,0,0,0.0,0.0
沃和金融,20180509,,浙江,温州,0,,,300.0,民营系,0,0.0,0.0,1,0,0.0,0.0
无限财富,20141201,20160114.0,上海,上海,1,0.0,0.0,500.0,民营系,0,0.0,0.0,0,0,0.0,0.0
无忧理财,20170414,20170713.0,北京,北京,1,0.0,1.0,800.0,民营系,0,0.0,0.0,0,0,0.0,0.0
无忧微贷,20170501,20180710.0,广东,深圳,1,0.0,1.0,1000.0,民营系,0,0.0,0.0,0,0,0.0,0.0
物金所,20141115,20180301.0,黑龙江,牡丹江,1,0.0,0.0,100.0,民营系,0,0.0,0.0,0,0,0.0,0.0
悟净理财,20160219,20161027.0,北京,北京,1,0.0,0.0,2000.0,民营系,0,0.0,0.0,0,0,0.0,0.0
西部聚财,20130801,20150623.0,陕西,渭南,1,0.0,1.0,50.8,民营系,0,0.0,0.0,0,0,0.0,0.0
溪安金服,20171220,,上海,上海,0,,,30.0,民营系,0,0.0,0.0,0,0,0.0,0.0
喜蓝理财,20150710,20160618.0,浙江,杭州,1,0.0,0.0,3000.0,民营系,0,0.0,0.0,0,0,0.0,0.0
湘信网,20140510,20140816.0,湖南,长沙,1,0.0,0.0,100.0,民营系,0,0.0,0.0,0,0,0.0,0.0
祥晨财富,20150425,20151127.0,河北,沧州,1,0.0,1.0,300.0,民营系,0,0.0,0.0,0,0,0.0,0.0
小宝金服,20150609,20170109.0,广东,深圳,1,0.0,1.0,1900.0,民营系,0,1.0,0.0,1,0,0.0,0.0
小鹅网,20140307,,广西,南宁,0,,,500.0,民营系,0,0.0,0.0,1,0,0.0,0.0
小富金融,20140508,,湖北,武汉,0,,,500.0,民营系,0,0.0,0.0,1,1,0.0,0.0
小红理财,20160421,20171206.0,北京,北京,1,1.0,0.0,100.0,民营系,0,0.0,0.0,0,0,0.0,0.0
小灰熊金服,20171017,20180604.0,浙江,杭州,1,0.0,0.0,500.0,国企背景,0,0.0,0.0,0,0,0.0,0.0
小麦创投,20150101,20150615.0,广东,东莞,1,0.0,0.0,100.0,民营系,0,0.0,0.0,0,0,0.0,0.0
小胖理财,20160406,20181128.0,浙江,杭州,1,1.0,0.0,100.0,民营系,0,0.0,0.0,0,0,0.0,0.0
小钱小乐,20150808,20171025.0,天津,天津,1,0.0,0.0,1000.0,民营系,1,0.0,0.0,1,1,0.0,0.0
小生菜,20161223,,上海,上海,0,,,500.0,民营系,0,0.0,0.0,0,0,0.0,0.0
小石头金融,20150107,20150615.0,广东,广州,1,0.0,0.0,900.0,民营系,0,0.0,0.0,0,1,0.0,1.0
小旺旺理财,20151123,20160107.0,河北,沧州,1,0.0,1.0,100.0,民营系,0,0.0,0.0,0,0,0.0,0.0
小微e贷,20140501,20151203.0,云南,昆明,1,0.0,0.0,50.0,民营系,0,0.0,0.0,0,0,0.0,0.0
小微理财,20171103,20180716.0,福建,福州,1,1.0,0.0,100.0,民营系,0,0.0,0.0,0,0,0.0,0.0
小微所,20140505,20141205.0,广东,深圳,1,0.0,0.0,2000.0,民营系,0,0.0,0.0,0,0,0.0,0.0
小熊在线,20140911,20160418.0,江苏,南京,1,0.0,1.0,50.0,民营系,0,0.0,0.0,0,0,0.0,0.0
小样金融,20150804,20160811.0,山东,济南,1,0.0,0.0,500.0,民营系,0,0.0,0.0,0,0,0.0,0.0
小壹在线,20161101,,北京,北京,0,,,580.0,民营系,1,0.0,0.0,0,0,0.0,0.0
小诸葛网贷,20151231,20180629.0,上海,上海,1,0.0,1.0,1000.0,民营系,1,0.0,0.0,1,1,0.0,0.0
协盈网,20151022,20160522.0,河北,廊坊,1,0.0,0.0,300.0,民营系,0,0.0,0.0,0,0,0.0,0.0
携银网,20140801,20160908.0,浙江,杭州,1,0.0,0.0,300.0,民营系,0,0.0,0.0,0,0,0.0,0.0
欣融贷,20150901,20151111.0,江苏,苏州,1,0.0,1.0,100.0,民营系,0,0.0,0.0,0,0,0.0,0.0
欣融投资,20160822,20161013.0,北京,北京,1,0.0,1.0,678.0,民营系,0,0.0,0.0,0,0,0.0,0.0
欣欣贷,20140605,,江苏,泰州,0,,,120.0,民营系,0,0.0,0.0,1,0,1.0,0.0
新博贷,20150108,20180613.0,山东,青岛,1,0.0,0.0,500.0,民营系,0,0.0,0.0,1,1,0.0,0.0
新常态金服,20150310,,广东,深圳,0,,,500.0,民营系,1,0.0,0.0,1,0,0.0,0.0
新城金融,20160519,,上海,上海,0,,,1180.93,民营系,1,0.0,0.0,0,0,0.0,0.0
新港e贷,20140814,20160202.0,湖北,武汉,1,0.0,1.0,200.0,民营系,0,0.0,0.0,0,1,0.0,0.0
新华久久贷,20150415,,安徽,合肥,0,,,1000.0,民营系,0,0.0,0.0,0,1,0.0,0.0
新纪元金服,20141228,20190506.0,湖北,武汉,1,0.0,0.0,500.0,民营系,1,0.0,0.0,1,0,0.0,1.0
新锐联,20141221,20150606.0,山东,潍坊,1,0.0,0.0,100.0,民营系,0,0.0,0.0,0,0,0.0,0.0
新升贷,20150401,,浙江,杭州,0,,,500.0,民营系,1,0.0,0.0,1,0,0.0,0.0
新易贷,20131225,20171025.0,河南,新乡,1,0.0,0.0,50.0,民营系,0,0.0,0.0,0,0,0.0,0.0
新资本,20150910,20171025.0,北京,北京,1,0.0,0.0,1000.0,民营系,0,0.0,0.0,0,1,0.0,0.0
心诚创投,20141217,20141226.0,山东,滨州,1,0.0,0.0,100.0,民营系,0,0.0,0.0,0,0,0.0,0.0
信达财富,20130221,20141121.0,天津,天津,1,0.0,0.0,50.0,民营系,0,0.0,0.0,0,0,0.0,0.0
信德创投,20150101,20180424.0,山东,莱芜,1,0.0,0.0,50.0,民营系,0,0.0,0.0,0,0,0.0,0.0
信和大金融,20140425,20190530.0,北京,北京,1,1.0,0.0,500.0,民营系,1,0.0,0.0,0,0,0.0,0.0
信金所,20150818,20170601.0,广东,深圳,1,0.0,0.0,5.0,民营系,0,0.0,0.0,0,0,0.0,0.0
信客网,20130801,,福建,福州,0,,,166.7,民营系,0,0.0,0.0,1,0,0.0,0.0
信利财富,20141112,20151110.0,安徽,合肥,1,0.0,0.0,200.0,民营系,0,0.0,0.0,0,0,0.0,0.0
信仁财富,20151218,20160504.0,湖北,武汉,1,0.0,1.0,800.0,民营系,0,0.0,0.0,0,0,0.0,0.0
信融投,20140625,,广东,深圳,0,,,100.0,民营系,1,0.0,0.0,1,0,0.0,0.0
信网贷,20130601,20131030.0,山东,烟台,1,0.0,0.0,60.0,民营系,0,0.0,0.0,0,0,0.0,0.0
信欣财富,20151101,20151117.0,河北,廊坊,1,0.0,1.0,300.0,民营系,0,0.0,0.0,0,0,0.0,0.0
信业财富,20150701,20170401.0,广东,深圳,1,0.0,0.0,100.0,民营系,0,0.0,0.0,1,0,0.0,0.0
信优贷,20141003,20141006.0,广东,深圳,1,0.0,1.0,100.0,民营系,0,0.0,0.0,0,0,0.0,0.0
星光资本,20141223,20150524.0,安徽,合肥,1,0.0,0.0,100.0,民营系,0,0.0,0.0,0,0,0.0,0.0
星理财,20140801,20160324.0,湖北,武汉,1,0.0,0.0,1000.0,民营系,0,0.0,0.0,0,0,1.0,0.0
星月创投,20140116,,山东,济宁,0,,,500.0,风投系,0,0.0,0.0,1,1,0.0,0.0
兴泰财富,20150128,,安徽,合肥,0,,,500.0,国企背景,1,0.0,0.0,0,1,0.0,0.0
兴泰创富,20150413,20160714.0,山东,泰安,1,0.0,0.0,100.0,民营系,0,0.0,0.0,0,0,0.0,0.0
兴投贷,20150518,20160711.0,安徽,合肥,1,0.0,1.0,1000.0,民营系,0,0.0,0.0,1,0,0.0,0.0
兴易贷,20151228,,广东,深圳,0,,,500.0,民营系,1,0.0,0.0,1,0,0.0,0.0
兴元财富,20150706,20151001.0,山东,潍坊,1,0.0,0.0,200.0,民营系,0,0.0,0.0,0,0,0.0,0.0
雄图创投,20161005,20170926.0,云南,昆明,1,0.0,0.0,100.0,民营系,0,0.0,0.0,1,0,0.0,1.0
旭美投资,20170322,20180723.0,浙江,宁波,1,0.0,0.0,100.0,民营系,0,0.0,0.0,0,0,0.0,0.0
旭鑫投资,20141211,20150117.0,山东,滨州,1,0.0,0.0,100.0,民营系,1,0.0,0.0,0,0,0.0,0.0
学易融,20160606,20160806.0,山东,聊城,1,0.0,0.0,100.0,民营系,0,0.0,0.0,0,0,0.0,0.0
雪莲借贷,20140910,,新疆,乌鲁木齐,0,,,300.0,民营系,0,0.0,0.0,0,0,0.0,0.0
讯贷网,20131101,20151028.0,广东,深圳,1,0.0,1.0,100.0,民营系,0,0.0,0.0,0,0,1.0,1.0
亚通创投,20151124,20160728.0,山东,泰安,1,0.0,0.0,100.0,民营系,0,0.0,0.0,0,0,0.0,0.0
言融财富,20151218,20160420.0,上海,上海,1,0.0,1.0,150.0,民营系,0,0.0,0.0,0,0,0.0,0.0
洋钱罐,20151109,,北京,北京,0,,,1000.0,民营系,1,1.0,0.0,1,1,0.0,0.0
阳光金服,20130701,,河南,郑州,0,,,100.0,民营系,1,0.0,0.0,0,0,0.0,1.0
阳光快贷,20141104,20150313.0,广东,深圳,1,0.0,0.0,500.0,民营系,0,0.0,0.0,0,0,0.0,0.0
阳光时贷,20151224,,山西,太原,0,,,60.0,民营系,1,0.0,0.0,0,1,0.0,0.0
阳光易贷,20140801,,安徽,合肥,0,,,422.753,民营系,1,,,0,0,,
摇财树,20150410,20180906.0,广东,深圳,1,0.0,0.0,1100.0,民营系,1,1.0,0.0,1,1,0.0,0.0
尧瑞投资,20140813,20140813.0,上海,上海,1,0.0,1.0,100.0,民营系,0,0.0,0.0,0,0,0.0,0.0
要借钱网,20150105,,广西,柳州,0,,,500.0,民营系,1,0.0,0.0,0,1,0.0,0.0
一车易融,20160112,20160831.0,上海,上海,1,0.0,0.0,200.0,民营系,0,0.0,0.0,0,0,0.0,0.0
一点投,20150626,20160810.0,广东,深圳,1,0.0,0.0,100.0,民营系,0,0.0,0.0,1,0,0.0,0.0
一帆理财,20160307,20160722.0,上海,上海,1,0.0,0.0,700.0,民营系,0,0.0,1.0,0,0,0.0,0.0
一诺财富,20141124,20141130.0,陕西,西安,1,0.0,1.0,100.0,民营系,0,0.0,0.0,0,0,0.0,0.0
一诺金融,20160925,20161221.0,山东,滨州,1,0.0,1.0,500.0,民营系,0,0.0,0.0,0,0,0.0,0.0
一起好,20120928,20180930.0,湖北,武汉,1,0.0,0.0,201.0,风投系,1,1.0,0.0,1,1,0.0,0.0
一起金融,20141101,20160707.0,北京,北京,1,0.0,0.0,28.0,民营系,0,0.0,0.0,0,0,0.0,0.0
一元投资,20140701,20160202.0,安徽,铜陵,1,0.0,0.0,100.0,民营系,0,0.0,0.0,0,0,0.0,0.0
壹金所,20141201,20160420.0,北京,北京,1,0.0,0.0,1000.0,民营系,0,0.0,0.0,1,0,1.0,0.0
壹理财,20140930,20180629.0,上海,上海,1,0.0,1.0,500.0,民营系,0,0.0,0.0,0,0,0.0,0.0
壹文财富,20140606,20180115.0,北京,北京,1,0.0,0.0,500.0,民营系,0,0.0,0.0,0,0,0.0,0.0
宜开贷,20141219,20160817.0,安徽,安庆,1,0.0,0.0,500.0,民营系,0,0.0,0.0,0,0,0.0,0.0
宜泉资本,20160715,20180807.0,上海,上海,1,0.0,0.0,800.0,国企背景,0,0.0,0.0,0,0,0.0,0.0
宜商贷,20130719,20131010.0,湖北,宜昌,1,0.0,0.0,200.0,民营系,0,0.0,0.0,0,0,0.0,0.0
宜信惠民,20160719,,北京,北京,0,,,1000.0,民营系,1,0.0,1.0,0,0,0.0,0.0
宜信易贷,20150501,20151201.0,山东,潍坊,1,0.0,0.0,95.0,民营系,0,0.0,0.0,0,0,0.0,0.0
蚁众金信,20180222,,浙江,杭州,0,,,600.0,民营系,0,0.0,0.0,0,0,0.0,0.0
艺鑫旺,20150713,20160412.0,广东,深圳,1,0.0,0.0,500.0,民营系,0,0.0,0.0,0,0,0.0,0.0
易百贷,20140924,20151203.0,陕西,西安,1,0.0,0.0,10.0,民营系,0,0.0,0.0,0,0,0.0,0.0
易车理财,20150722,20160818.0,广东,东莞,1,0.0,0.0,10.0,民营系,0,0.0,0.0,0,0,0.0,0.0
易贷金融,20141029,20160323.0,四川,泸州,1,0.0,0.0,100.0,民营系,0,0.0,0.0,0,0,1.0,0.0
易贷乐投,20140312,20150205.0,四川,泸州,1,0.0,0.0,10.0,民营系,0,0.0,0.0,0,0,0.0,0.0
易贷在线,20141111,20180717.0,浙江,宁波,1,0.0,0.0,300.0,民营系,0,0.0,0.0,1,0,0.0,0.0
易贷中国,20110826,20150826.0,浙江,温州,1,0.0,0.0,2.0,民营系,0,0.0,0.0,0,0,0.0,0.0
易多财富,20140808,,广东,深圳,0,,,300.0,民营系,1,0.0,0.0,0,1,0.0,0.0
易富通,20160428,20160720.0,安徽,合肥,1,0.0,0.0,10.0,民营系,0,0.0,0.0,0,0,0.0,0.0
易合贷,20140823,20160510.0,陕西,西安,1,0.0,0.0,500.0,民营系,0,0.0,0.0,1,0,0.0,0.0
易金易,20150115,,北京,北京,0,,,200.0,民营系,0,0.0,0.0,0,1,0.0,0.0
易联天下,20140610,20160416.0,上海,上海,1,0.0,0.0,1000.0,民营系,0,0.0,0.0,0,0,0.0,0.0
易融财富,20160418,20161202.0,广东,深圳,1,1.0,0.0,1000.0,民营系,0,0.0,0.0,0,1,0.0,0.0
易通贷,20130315,20180830.0,北京,北京,1,0.0,1.0,1500.0,民营系,0,0.0,1.0,1,1,0.0,0.0
亿昌贷,20150711,20160927.0,广东,深圳,1,0.0,0.0,100.0,民营系,0,0.0,0.0,0,0,0.0,0.0
亿德汇富,20141117,20150313.0,安徽,合肥,1,0.0,0.0,30.0,民营系,0,0.0,0.0,0,0,0.0,0.0
亿豪通,20140804,20140919.0,广东,深圳,1,0.0,1.0,100.0,民营系,0,0.0,0.0,0,0,0.0,0.0
亿诺信投,20150413,20170201.0,山东,滨州,1,0.0,0.0,110.0,民营系,0,0.0,0.0,1,0,0.0,0.0
亿鑫金融,20140722,20170927.0,浙江,宁波,1,0.0,0.0,600.0,民营系,0,0.0,0.0,0,0,0.0,0.0
益邦贷,20140221,20151101.0,广东,深圳,1,0.0,0.0,30.0,民营系,0,0.0,0.0,0,0,0.0,0.0
益盛财富,20151102,20160216.0,河北,沧州,1,0.0,1.0,100.0,民营系,0,0.0,0.0,0,0,0.0,0.0
益远赢,20141022,20150517.0,内蒙古,呼和浩特,1,0.0,1.0,330.0,民营系,0,0.0,0.0,0,0,0.0,0.0
翼汇财,20160614,,北京,北京,0,,,115.555,民营系,0,0.0,0.0,0,0,0.0,0.0
银客网,20131231,,北京,北京,0,,,687.684,民营系,1,,,0,0,,
银桥贷,20150114,20160811.0,贵州,贵阳,1,0.0,0.0,43.0,民营系,0,0.0,0.0,0,0,0.0,0.0
银通泰,20140821,20160516.0,广东,深圳,1,1.0,0.0,10.0,民营系,0,0.0,0.0,1,0,0.0,0.0
银投信,20160317,20170707.0,浙江,杭州,1,0.0,1.0,1000.0,民营系,0,0.0,0.0,0,0,0.0,0.0
银信贷,20150130,20160415.0,河南,新乡,1,0.0,1.0,110.0,民营系,0,0.0,0.0,0,0,0.0,0.0
银子铺,20141203,20180812.0,浙江,杭州,1,0.0,1.0,1000.0,民营系,1,0.0,0.0,1,1,0.0,0.0
鹰眼理财,20160618,,上海,上海,0,,,320.0,民营系,0,0.0,0.0,0,0,0.0,0.0
盈汇融,20150727,20160301.0,广东,佛山,1,0.0,1.0,300.0,民营系,0,0.0,0.0,1,0,0.0,0.0
盈聚宝,20160802,,浙江,台州,0,,,500.0,民营系,0,0.0,0.0,0,0,0.0,0.0
盈票理财,20161001,,浙江,杭州,0,,,500.158,民营系,0,0.0,0.0,0,0,0.0,0.0
盈信网,20140715,,上海,上海,0,,,200.0,民营系,0,0.0,0.0,0,0,0.0,0.0
盈在线,20150719,,北京,北京,0,,,600.0,民营系,0,0.0,0.0,0,0,0.0,0.0
咏湘鑫,20150811,20160524.0,广东,深圳,1,0.0,1.0,100.0,民营系,0,0.0,0.0,0,0,0.0,0.0
涌金所,20160717,20170101.0,上海,上海,1,0.0,0.0,880.0,民营系,0,0.0,0.0,0,0,0.0,0.0
涌泉金服,20151215,,北京,北京,0,,,500.0,民营系,1,0.0,0.0,0,0,0.0,0.0
永利财富（粤）,20140829,20160515.0,广东,深圳,1,1.0,0.0,500.0,民营系,0,0.0,0.0,0,1,0.0,0.0
永拓投资,20160601,20160701.0,黑龙江,哈尔滨,1,0.0,1.0,1000.0,民营系,0,0.0,0.0,0,0,0.0,0.0
优宝汇,20161209,20180824.0,浙江,台州,1,0.0,0.0,50.0,风投系,0,0.0,0.0,0,0,0.0,0.0
优信资本,20161020,20170818.0,陕西,西安,1,0.0,0.0,100.0,民营系,0,0.0,0.0,1,1,0.0,0.0
优学宝,20151111,20160911.0,四川,成都,1,0.0,0.0,100.0,民营系,0,0.0,0.0,0,1,0.0,0.0
优悦贷,20140228,20160201.0,北京,北京,1,0.0,0.0,500.0,民营系,0,0.0,0.0,0,0,0.0,0.0
油界贷,20160512,,北京,北京,0,,,100.0,民营系,0,0.0,0.0,0,1,0.0,0.0
有财气,20160516,20181030.0,浙江,杭州,1,0.0,0.0,200.0,民营系,0,0.0,0.0,0,0,0.0,0.0
有福贷,20160826,20170628.0,浙江,杭州,1,0.0,1.0,100.0,民营系,0,0.0,0.0,0,0,0.0,0.0
有喜财富,20160325,20190601.0,广东,深圳,1,1.0,0.0,100.0,民营系,1,0.0,0.0,1,0,0.0,0.0
有闲钱理财,20151118,20160307.0,广东,广州,1,0.0,0.0,500.0,民营系,0,0.0,0.0,0,0,0.0,0.0
有氧金融,20140618,20170728.0,内蒙古,包头,1,1.0,0.0,340.686,民营系,1,,,0,0,,
友诚信财富,20161227,,浙江,宁波,0,,,500.0,民营系,0,0.0,0.0,0,0,0.0,0.0
友金贷,20150728,20170111.0,江西,宜春,1,0.0,0.0,100.0,民营系,0,0.0,0.0,0,0,0.0,0.0
友金服,20141016,,广东,深圳,0,,,500.0,上市公司,1,0.0,1.0,1,1,0.0,1.0
余恒金融,20170405,20170809.0,上海,上海,1,0.0,0.0,688.8,民营系,0,0.0,0.0,0,0,0.0,0.0
鱼猫金服,20150128,,北京,北京,0,,,500.0,民营系,1,0.0,1.0,1,0,0.0,0.0
渝都贷,20140718,20160428.0,重庆,重庆,1,0.0,1.0,200.0,民营系,0,0.0,0.0,0,0,0.0,0.0
禹龙投资,20140906,20140906.0,湖南,长沙,1,0.0,1.0,360.0,民营系,0,0.0,0.0,0,0,0.0,0.0
宇商有财,20160318,,广东,深圳,0,,,500.0,上市公司,1,0.0,0.0,0,0,0.0,0.0
玉和财富,20150521,20170401.0,山东,潍坊,1,0.0,0.0,500.0,民营系,0,0.0,0.0,0,0,0.0,0.0
御声资本,20150901,20150919.0,上海,上海,1,0.0,1.0,50000.0,民营系,0,0.0,0.0,0,0,0.0,0.0
誉信贷,20140723,20140723.0,福建,厦门,1,0.0,1.0,20.0,民营系,0,0.0,0.0,0,0,0.0,0.0
裕贷网,20151210,20160113.0,广东,东莞,1,0.0,0.0,300.0,民营系,0,0.0,0.0,1,0,0.0,0.0
元宝街,20140801,20151130.0,上海,上海,1,0.0,0.0,100.0,民营系,0,0.0,0.0,0,0,0.0,0.0
元祥金服,20160112,20160817.0,浙江,宁波,1,0.0,0.0,1000.0,民营系,0,0.0,0.0,0,0,0.0,0.0
远程金服,20160626,20180604.0,江苏,苏州,1,0.0,0.0,600.0,民营系,0,0.0,0.0,0,0,0.0,0.0
粤盛金融,20171016,,广东,深圳,0,,,500.0,上市公司,1,0.0,1.0,1,1,0.0,0.0
悦车贷,20151019,20160927.0,湖南,长沙,1,0.0,1.0,100.0,民营系,0,0.0,0.0,1,0,0.0,0.0
云钱袋,20140617,,北京,北京,0,,,500.0,民营系,1,0.0,0.0,0,0,0.0,0.0
云山信投,20140729,20160816.0,山东,滨州,1,0.0,0.0,800.0,民营系,0,0.0,0.0,0,0,0.0,0.0
云通金融,20150623,20150819.0,安徽,合肥,1,0.0,1.0,100.0,民营系,0,0.0,0.0,0,0,0.0,0.0
云图资本,20140826,20150211.0,四川,成都,1,0.0,0.0,200.0,民营系,0,0.0,0.0,0,0,0.0,0.0
云中网,20160824,20161024.0,广东,东莞,1,0.0,0.0,5.0,民营系,0,0.0,0.0,0,0,0.0,0.0
再金所,20160106,,江苏,南京,0,,,300.0,民营系,1,0.0,0.0,0,0,0.0,0.0
增点投资,20141211,20151016.0,广东,深圳,1,0.0,0.0,100.0,民营系,0,0.0,0.0,0,0,0.0,0.0
掌悦理财,20170308,20180711.0,上海,上海,1,0.0,1.0,950.0,上市公司,1,0.0,0.0,0,0,0.0,0.0
掌中财富,20150728,,广东,深圳,0,,,500.0,民营系,1,0.0,0.0,1,1,0.0,0.0
招财袋,20140214,20151010.0,上海,上海,1,0.0,0.0,100.0,民营系,0,0.0,0.0,1,1,0.0,0.0
招金贷,20131001,20131104.0,江苏,淮安,1,0.0,0.0,100.0,民营系,0,0.0,0.0,0,0,0.0,0.0
昭丰财富,20170523,20170725.0,浙江,宁波,1,1.0,0.0,300.0,民营系,0,0.0,0.0,0,0,0.0,0.0
兆金所,20150420,20180720.0,广东,深圳,1,0.0,0.0,500.0,民营系,0,0.0,0.0,0,0,0.0,0.0
哲通金融,20170503,,福建,厦门,0,,,442.857,民营系,1,,,0,0,,
浙昌贷,20140311,20180718.0,浙江,金华,1,0.0,1.0,50.0,民营系,0,0.0,0.0,0,0,0.0,0.0
浙江贷,20150721,20160121.0,浙江,舟山,1,0.0,1.0,100.0,民营系,0,0.0,0.0,0,0,0.0,0.0
浙融创投,20131208,20150821.0,浙江,温州,1,0.0,1.0,10.0,民营系,0,0.0,0.0,0,0,0.0,0.0
臻鑫配资系统,20150606,,山东,济宁,0,,,260.0,民营系,0,0.0,0.0,0,0,0.0,0.0
振源财富,20140911,20180523.0,浙江,宁波,1,0.0,0.0,150.0,民营系,0,0.0,0.0,0,0,0.0,0.0
正博网,20141227,20160825.0,青海,西宁,1,0.0,0.0,100.0,民营系,0,0.0,0.0,0,1,0.0,0.0
正勤金融,20140901,,广东,广州,0,,,1111.1,民营系,1,0.0,1.0,0,0,0.0,0.0
政信贷,20141230,20160804.0,上海,上海,1,0.0,0.0,100.0,民营系,0,0.0,0.0,0,0,0.0,0.0
政信金融,20141201,20160816.0,江苏,淮安,1,0.0,0.0,50.0,民营系,0,0.0,0.0,0,0,0.0,0.0
智富会,20150801,20151202.0,江苏,苏州,1,0.0,0.0,10.0,民营系,0,0.0,0.0,1,0,0.0,0.0
智富理财,20160706,,河北,石家庄,0,,,500.0,民营系,1,0.0,0.0,0,0,0.0,1.0
智佳金服,20160420,20180912.0,广东,深圳,1,0.0,1.0,500.0,民营系,1,0.0,0.0,0,0,0.0,0.0
中贝金融,20141231,,四川,成都,0,,,100.0,民营系,1,0.0,0.0,1,0,0.0,0.0
中富润德,20150301,20150330.0,北京,北京,1,0.0,1.0,500.0,民营系,0,0.0,0.0,0,0,0.0,0.0
中广财富,20141224,20150821.0,浙江,金华,1,0.0,1.0,200.0,民营系,0,0.0,0.0,0,0,0.0,0.0
中桂联投资,20150519,20150524.0,广西,南宁,1,0.0,1.0,100.0,民营系,0,0.0,0.0,0,0,0.0,0.0
中国网络信贷平台,20150118,20150821.0,湖北,黄石,1,0.0,0.0,500.0,民营系,0,0.0,0.0,0,0,0.0,0.0
中航生意贷,20150205,20180719.0,上海,上海,1,0.0,1.0,500.0,国企背景,0,0.0,0.0,0,1,0.0,0.0
中葵财富,20160825,20161103.0,山东,淄博,1,0.0,1.0,100.0,民营系,0,0.0,0.0,0,0,0.0,0.0
中联新源投资,20141101,20160503.0,北京,北京,1,0.0,0.0,300.0,民营系,0,0.0,0.0,0,0,0.0,0.0
中民i投,20160425,20181011.0,上海,上海,1,1.0,0.0,40000.0,民营系,0,0.0,0.0,0,0,0.0,0.0
中闽创投,20110901,20160526.0,北京,北京,1,0.0,0.0,1018.9,民营系,0,0.0,0.0,0,1,0.0,0.0
中南e贷,20150428,,广东,深圳,0,,,10.0,民营系,0,0.0,0.0,0,1,0.0,0.0
中乾在线,20141118,20160310.0,贵州,贵阳,1,0.0,1.0,1000.0,民营系,0,0.0,0.0,0,0,0.0,0.0
中仁财富,20151227,20170907.0,广东,深圳,1,0.0,0.0,1000.0,民营系,0,0.0,0.0,0,0,0.0,0.0
中融钱邦,20150808,,北京,北京,0,,,100.0,民营系,1,0.0,0.0,1,1,0.0,0.0
中融所,20140513,,福建,厦门,0,,,1000.0,民营系,0,0.0,0.0,0,1,0.0,0.0
中瑞财富,20140512,,北京,北京,0,,,1250.0,上市公司,1,0.0,1.0,1,1,0.0,0.0
中山投资,20141111,20150610.0,浙江,舟山,1,0.0,0.0,50.0,民营系,0,0.0,0.0,0,0,0.0,0.0
中商行,20150523,20170401.0,广东,深圳,1,0.0,0.0,100.0,民营系,0,0.0,0.0,0,1,0.0,0.0
中投摩根,20140804,,北京,北京,0,,,1000.0,民营系,1,0.0,0.0,0,0,0.0,0.0
中吴财富,20150228,20170401.0,上海,上海,1,0.0,0.0,1000.0,民营系,0,0.0,0.0,1,0,0.0,0.0
中祥金融,20141222,20151008.0,北京,北京,1,0.0,0.0,1000.0,民营系,0,0.0,0.0,0,0,0.0,0.0
中信速贷,20140914,20150704.0,江苏,泰州,1,0.0,0.0,100.0,民营系,0,0.0,0.0,0,0,0.0,0.0
中续投资,20141103,20160328.0,广东,梅州,1,0.0,1.0,250.0,民营系,0,0.0,0.0,0,0,0.0,0.0
中银资本,20130901,20140115.0,广东,深圳,1,0.0,0.0,100.0,民营系,0,0.0,0.0,0,0,0.0,0.0
中赢瑞银,20160530,20180720.0,浙江,宁波,1,0.0,0.0,1000.0,民营系,0,0.0,0.0,0,0,0.0,0.0
中盈贷,20140625,,江西,赣州,0,,,309.844,民营系,1,,,0,0,,
中原贷,20120801,20150105.0,河南,郑州,1,0.0,0.0,50.1,民营系,0,0.0,0.0,0,0,0.0,0.0
中鑫金服,20140820,,四川,成都,0,,,1000.0,民营系,0,0.0,0.0,0,0,0.0,0.0
种豆宝,20180401,,浙江,杭州,0,,,517.372,民营系,0,0.0,0.0,0,0,0.0,0.0
重信合伙人,20170504,20180817.0,上海,上海,1,0.0,0.0,1000.0,民营系,1,0.0,0.0,1,0,0.0,0.0
众邦财富,20151110,20170707.0,河北,石家庄,1,0.0,0.0,300.0,民营系,0,0.0,0.0,1,0,0.0,0.0
众昌财富,20151027,20160827.0,安徽,合肥,1,0.0,0.0,500.0,民营系,0,0.0,0.0,0,0,0.0,0.0
众车在线,20160326,20180712.0,广东,深圳,1,0.0,1.0,500.0,民营系,1,0.0,0.0,1,1,0.0,0.0
众筹宝,20141103,20180806.0,北京,北京,1,0.0,0.0,500.0,民营系,0,0.0,0.0,0,0,0.0,0.0
众创资本,20150303,20150801.0,广东,深圳,1,0.0,0.0,100.0,民营系,0,0.0,0.0,0,0,0.0,0.0
众立信,20160824,20161124.0,四川,绵阳,1,0.0,0.0,50.0,民营系,0,0.0,0.0,1,1,0.0,0.0
众善服务,20160721,20170927.0,贵州,贵阳,1,0.0,0.0,300.0,民营系,0,0.0,0.0,0,0,0.0,0.0
众赢创投,20160302,20160714.0,浙江,衢州,1,0.0,0.0,500.0,民营系,0,0.0,0.0,0,0,0.0,0.0
诸葛E投,20140820,,安徽,合肥,0,,,100.0,民营系,0,0.0,0.0,0,1,0.0,0.0
助力金融,20160422,20160427.0,安徽,合肥,1,0.0,0.0,391.92,民营系,0,0.0,0.0,1,1,0.0,0.0
助民贷,20130802,20151125.0,北京,北京,1,0.0,1.0,5000.0,民营系,0,0.0,0.0,0,0,0.0,0.0
铸金所,20151222,,北京,北京,0,,,500.0,民营系,0,0.0,0.0,1,0,0.0,0.0
筑梦天使,20150301,20160125.0,湖北,武汉,1,0.0,1.0,500.0,民营系,0,0.0,0.0,1,0,0.0,0.0
砖头网,20160818,,天津,天津,0,,,500.0,民营系,0,0.0,0.0,1,0,0.0,0.0
庄里贷,20150705,20160120.0,河北,石家庄,1,0.0,0.0,300.0,国企背景,0,0.0,0.0,0,0,0.0,0.0
卓安e贷,20150328,20170821.0,北京,北京,1,0.0,0.0,500.0,民营系,0,0.0,0.0,0,1,0.0,0.0
卓信财富,20150206,20150527.0,山东,滨州,1,0.0,0.0,100.0,民营系,0,0.0,0.0,0,0,0.0,0.0
紫枫信贷,20111201,20150630.0,江苏,南京,1,0.0,0.0,50.0,民营系,0,0.0,0.0,1,0,0.0,0.0
子时金服,20170906,20180109.0,上海,上海,1,0.0,0.0,200.0,民营系,0,0.0,0.0,0,0,0.0,0.0
纵横理财,20170810,,浙江,杭州,0,,,129.3,国企背景,0,0.0,0.0,0,0,0.0,0.0
左右逢园,20141025,20180823.0,北京,北京,1,1.0,0.0,650.0,民营系,1,0.0,0.0,0,0,0.0,1.0
胤赞投资,20160515,20160627.0,上海,上海,1,0.0,0.0,900.0,民营系,0,0.0,0.0,0,0,0.0,0.0
伽满优,20170901,,上海,上海,0,,,200.0,民营系,1,0.0,0.0,0,0,0.0,0.0
讴业普惠,20160808,,河北,石家庄,0,,,1000.0,民营系,1,0.0,0.0,1,0,0.0,0.0
蓼盛财富,20150829,20180424.0,安徽,合肥,1,0.0,0.0,50.0,民营系,0,0.0,0.0,0,0,0.0,0.0
吆鸡理财,20170526,20180710.0,广东,深圳,1,0.0,1.0,600.0,民营系,1,0.0,0.0,0,0,0.0,0.0
泓源资本,20170303,20180503.0,浙江,台州,1,0.0,0.0,500.0,民营系,0,0.0,0.0,0,0,0.0,0.0
琥珀金服,20160502,,广东,深圳,0,,,1000.0,国企背景,0,0.0,0.0,0,1,0.0,0.0
柚子理财,20151218,20180716.0,上海,上海,1,0.0,0.0,1000.0,民营系,1,0.0,0.0,0,0,0.0,0.0
瓯江贷,20140525,20141126.0,浙江,丽水,1,0.0,0.0,100.0,民营系,0,0.0,0.0,0,0,0.0,0.0
昊都钱柜,20150701,20160729.0,宁夏,吴忠,1,0.0,0.0,100.0,民营系,0,0.0,0.0,0,0,0.0,0.0
甬添财富,20150520,20170401.0,浙江,宁波,1,0.0,0.0,200.0,民营系,0,0.0,0.0,1,0,0.0,0.0
鸢都贷,20140312,20141025.0,山东,潍坊,1,0.0,0.0,22.0,民营系,0,0.0,0.0,0,0,0.0,0.0
虔诚猫金服,20160516,20180710.0,浙江,杭州,1,1.0,0.0,200.0,民营系,1,0.0,0.0,0,0,1.0,0.0
鑫贝通宝,20180524,20180717.0,广东,深圳,1,0.0,1.0,1000.0,民营系,0,0.0,0.0,0,0,0.0,0.0
鑫贷天下,20150311,,山西,太原,0,,,500.0,民营系,0,0.0,0.0,1,1,1.0,0.0
鑫广金融,20170512,20171219.0,浙江,宁波,1,0.0,1.0,580.0,民营系,0,0.0,0.0,0,0,0.0,0.0
鑫华创投,20140702,20150602.0,山东,潍坊,1,0.0,0.0,100.0,民营系,0,0.0,0.0,0,0,0.0,0.0
鑫汇龙跃,20170628,20180111.0,江苏,常州,1,0.0,0.0,280.0,民营系,0,0.0,0.0,1,0,0.0,0.0
鑫汇投资,20150609,20160817.0,山东,滨州,1,0.0,0.0,100.0,民营系,0,0.0,0.0,0,0,0.0,0.0
鑫脉财富,20150510,,山东,滨州,0,,,100.0,民营系,0,0.0,0.0,1,0,0.0,0.0
鑫茂创投,20150626,20151019.0,山东,济南,1,0.0,1.0,500.0,民营系,0,0.0,0.0,1,0,0.0,0.0
鑫润投资,20141101,20160817.0,山东,烟台,1,0.0,0.0,100.0,民营系,0,0.0,0.0,0,0,0.0,0.0
鑫鑫贷（苏）,20140201,20150416.0,江苏,苏州,1,0.0,0.0,50.0,民营系,0,0.0,0.0,0,0,0.0,0.0
