BRAND_NAME,AVG_SOLVING_TIME(DAY)
Viseart,17.1111
"KVD Vegan Beauty",28.5556
O&M,30.5714
"Josie Maran",33.1538
"NAILS INC.",33.7500
"NEST New York",34.4167
BERDOUES,34.6250
"MAELYS Cosmetics",35.1053
"Earth__ Nectar",36.4706
"Cinema Secrets",36.6400
"lululemon selfcare",37.5000
"Laura Mercier",37.5714
"Floral Street",37.7895
innisfree,38.4286
philosophy,38.5556
"Jack Black",38.6429
"The Beauty Chef",38.9091
Clarins,39.0000
LASHFOOD,39.0909
Kérastase,39.2174
"Rosebud Perfume Co.",39.2632
Gucci,39.3500
"Summer Fridays",39.4375
T3,39.5000
"The Ordinary",39.5625
NUDESTIX,39.7778
"Tory Burch",39.8571
"ELLIS BROOKLYN",40.1429
CLINIQUE,41.0500
"High Beauty",41.1250
IGK,41.1667
BALENCIAGA,41.2727
"Moon Juice",41.3077
"TOM FORD",41.3636
"Better Not Younger",41.4167
DERMAFLASH,41.4375
"FORM ",41.4375
Primera,41.6500
"PLAY! by SEPHORA",41.7368
Playa,41.8571
"Dr. Dennis Gross Skincare",41.9000
Caudalie,41.9375
beautyblender,42.0000
"Dr. Jart+",42.0000
"MAKE UP FOR EVER",42.1333
Kilian,42.2143
"Youth To The People",42.3636
"Velour Lashes",42.4286
"Coal and Canary",42.5714
bkr,42.5833
Lancôme,42.6250
"rms beauty",42.7857
AMOREPACIFIC,43.0000
"Saturday Skin",43.1667
Dior,43.2857
"Lord Jones",43.4167
dyson,43.4667
bareMinerals,43.5000
"Lab Series For Men",43.5385
"Bio Ionic",43.6190
"Marc Jacobs Beauty",43.6471
"Etat Libre d'Orange",43.8333
"HUM Nutrition",43.9231
"Erno Laszlo",44.0000
"Narciso Rodriguez",44.0000
"MILK MAKEUP",44.0417
Viktor&Rolf,44.0714
"Marc Jacobs Fragrances",44.1111
"Melt Cosmetics",44.2143
"Comptoir Sud Pacifique",44.3846
DL.MD,44.5333
WelleCo,44.5882
"Volition Beauty",44.6667
Cellu-cup,44.6818
"LightStim ",44.7333
Aquis,44.8333
"KORA Organics",44.9091
"Skin Inc Supplement Bar",45.0000
Google,45.0909
TWEEZERMAN,45.1538
"First Aid Beauty",45.1875
"Grande Cosmetics",45.3529
"Donna Karan",45.4000
Vitruvi,45.4615
"DEREK LAM 10 CROSBY",45.5455
"Rita Hazan",45.7333
BECCA,45.7692
"Nurse Jamie",46.0000
PINROSE,46.0000
"The Art of Shaving",46.0000
BURBERRY,46.0667
Chloé,46.0870
GLAMGLOW,46.1250
"Touch In Sol",46.1333
"ALTERNA Haircare",46.2222
"COVER FX",46.2353
goop,46.2667
"alpyn beauty",46.4615
Mugler,46.5625
"Together Beauty",46.5789
Kaja,46.5833
"Clarisonic Skincare",46.6429
"Kate Somerville",46.6667
Anthony,46.8462
Moroccanoil,46.8462
"Aether Beauty",47.0000
KORRES,47.0588
"Benefit Cosmetics",47.0625
"Anastasia Beverly Hills",47.0714
"SOBEL SKIN Rx",47.0833
"CLEAN RESERVE",47.0909
ReFa,47.2143
"Dr. Barbara Sturm",47.3333
Herbivore,47.3333
INC.redible,47.3333
ILIA,47.4615
"La Mer",47.5556
"Estée Lauder",47.5625
"Bite Beauty",47.5909
Overose,47.8182
"Tower 28 Beauty",47.8182
"Makeup Eraser",47.9000
"Calvin Klein",48.0000
"St. Tropez",48.0000
DUO,48.0500
"RODIN olio lusso ",48.0588
"Saint Jane Beauty",48.1053
Virtue,48.1875
Origins,48.2941
"Dr Roebuck's",48.3333
BVLGARI,48.3571
"Qhemet Biologics",48.3810
OUAI,48.4000
CHANEL,48.5714
"HUDA BEAUTY",48.5882
"Capri Blue",48.6667
"Deborah Lippmann",48.6667
"LANCER Skincare",48.7273
Kenzo,48.7647
STELLAR,48.8000
"Miu Miu",48.8182
Drybar,48.8333
"rag & bone",48.8333
boscia,48.8750
"Peace Out",48.9333
"Jo Malone London",49.0000
"Sakara Life",49.0000
Verb,49.0000
Wishful,49.0000
HERM_S,49.1053
Antonym,49.1429
"Tata Harper",49.1500
"Charlotte Tilbury",49.1538
DevaCurl,49.2105
Kopari,49.2143
"By Rosie Jane",49.2500
"Rossano Ferretti Parma",49.2857
"The INKEY List",49.2917
KENZOKI,49.3077
Kitsch,49.3077
"Lilly Lashes",49.4375
"Taste Beauty",49.4615
Buxom,49.4737
Slip,49.5000
"SUNDAY RILEY",49.6111
PMD,49.6667
"Fable & Mane",49.8462
"SEPHORA COLLECTION",49.8750
"Four Sigmatic",49.9412
Farmacy,50.0714
StackedSkincare,50.0714
Artis,50.1000
"GLO Science",50.2000
"Living Proof",50.2143
"surratt beauty",50.2941
"Paco Rabanne",50.3684
Biossance,50.4545
amika,50.5000
Golde,50.5000
"Madam C.J. Walker Beauty Culture",50.5294
invisibobble,50.7143
Blinc,50.7273
"Eve Lom",50.7273
L'Occitane,50.8750
"Elizabeth and James",50.8824
"Pretty Vulgar",50.8824
NARS,51.0000
YUNI,51.0000
Tatcha,51.1111
"Crushed Tonic",51.2000
"Dr. Brandt Skincare",51.2353
Commodity,51.2500
Fresh,51.4167
Reverie,51.4615
Montblanc,51.5000
"Jouer Cosmetics",51.6111
"IT Cosmetics",51.8000
"Christian Louboutin",51.9000
"Flora + Bast",51.9000
Marvis,51.9167
Alpha-H,52.0000
Kosas,52.1000
"Mario Badescu",52.2143
"Ralph Lauren",52.2667
"Koh Gen Do",52.3333
Conture,52.3500
"Seed Phytonutrients",52.3529
"Winky Lux",52.3571
ghd,52.5294
"Good Dye Young",52.6250
belif,52.6842
Valentino,52.6923
"Kiehl's Since 1851",52.7273
LANEIGE,52.8571
"PATRICK TA",52.9412
"Carolina Herrera",53.3333
"Vital Proteins",53.3571
"KNC Beauty",53.5000
Prada,53.5000
Sachajuan,53.5500
Supergoop!,53.6500
Briogeo,53.7273
Prima,53.7692
"Sol de Janeiro",53.8000
VOLUSPA,53.8421
Proactiv,54.0769
"KEVYN AUCOIN",54.2500
Moschino,54.3077
AERIN,54.5333
Klorane,54.5556
"Peter Thomas Roth",54.5625
Hourglass,54.8182
"Violet Voss",54.8182
"shu uemura",54.8333
Dermalogica,54.8462
"Juliette Has a Gun",54.8750
LAVANILA,55.0625
Guerlain,55.0909
"Bumble and bumble",55.1429
"Maison Louis Marie",55.1429
"JIMMY CHOO",55.1500
"John Varvatos",55.1500
TokyoMilk,55.1667
COOLA,55.2500
dpHUE,55.2727
LXMI,55.3000
"kate spade new york",55.4500
LAWLESS,55.6250
MDSolarSciences,55.6667
"Bobbi Brown",55.7500
8Greens,55.8182
"Drunk Elephant",55.9333
SK-II,56.0000
"Urban Decay",56.0714
DOLCE&GABBANA,56.0909
"ROEN BEAUTY",56.1111
"Black Up",56.1250
"Edible Beauty",56.1538
Skinfix,56.3333
Shaveworks,56.4000
"Natasha Denona",56.4667
stila,56.5556
"Armani Beauty",56.6000
"Naturally Serious",56.7222
Olaplex,56.8000
"Obagi Clinical",56.8462
Evian,56.8571
Cocofloss,56.9091
"Maison Margiela",57.0000
OLEHENRIKSEN,57.1538
Beachwaver,57.2000
NuFACE,57.2941
"Wander Beauty",57.4348
"Jillian Dempsey",57.4545
"REN Clean Skincare",57.5833
"Indie Lee",57.6000
trèStiQue,57.7500
Smashbox,57.8333
"Christophe Robin",57.9167
"Eight & Bob",58.0000
"Michael Kors",58.0000
"The 7 Virtues",58.0000
Murad,58.3000
"Skin Laundry",58.3125
dae,58.4737
"Too Cool For School",58.6250
"Atelier Cologne",59.4667
"FENTY BEAUTY by Rihanna",59.5000
Givenchy,59.5000
"Bésame Cosmetics",59.5833
Shiseido,59.6000
Rahua,59.7368
PHLUR,59.7826
BeautyBio,59.9375
"Perricone MD",59.9375
"Yves Saint Laurent",60.0909
"Sephora Favorites",60.1667
"Pink Sugar",60.3333
SHHHOWERCAP,60.4118
"lilah b.",60.4444
"Mount Lai",60.4500
"Shani Darden Skin Care",60.5000
"PAT McGRATH LABS",60.7000
"Glow Recipe",60.9333
tarte,61.0714
"Lunar Beauty",61.2222
Mizani,61.7333
"Juicy Couture",61.9444
"Isle of Paradise",62.1053
Sulwhasoo,62.1429
SKYLAR,62.4000
"Artist Couture",62.7143
TAN-LUXE,63.1538
TOCCA,63.2667
Versace,64.0000
Algenist,64.3000
"Too Faced",65.1875
"Ciaté London",65.3571
FARS_LI,65.4545
Omorovicza,65.6667
Erborian,66.4706
"Acqua Di Parma",67.0588
FOREO,71.6471
"DOMINIQUE COSMETICS",77.5714
