"Symbol","TradingDate","ChangeRatio"
"000300","2015-01-01","0.000000"
"000300","2015-01-02","0.000000"
"000300","2015-01-05","0.030516"
"000300","2015-01-06","-0.000132"
"000300","2015-01-07","0.000750"
"000300","2015-01-08","-0.023199"
"000300","2015-01-09","-0.003522"
"000300","2015-01-12","-0.009346"
"000300","2015-01-13","0.000132"
"000300","2015-01-14","-0.003306"
"000300","2015-01-15","0.029036"
"000300","2015-01-16","0.008608"
"000300","2015-01-19","-0.077023"
"000300","2015-01-20","0.012240"
"000300","2015-01-21","0.044951"
"000300","2015-01-22","0.005277"
"000300","2015-01-23","0.001155"
"000300","2015-01-26","0.010150"
"000300","2015-01-27","-0.009161"
"000300","2015-01-28","-0.013877"
"000300","2015-01-29","-0.012346"
"000300","2015-01-30","-0.013616"
"000300","2015-02-02","-0.023419"
"000300","2015-02-03","0.024891"
"000300","2015-02-04","-0.010379"
"000300","2015-02-05","-0.010236"
"000300","2015-02-06","-0.016194"
"000300","2015-02-09","0.010114"
"000300","2015-02-10","0.018238"
"000300","2015-02-11","0.007978"
"000300","2015-02-12","0.002548"
"000300","2015-02-13","0.007829"
"000300","2015-02-16","0.008547"
"000300","2015-02-17","0.006526"
"000300","2015-02-18","0.000000"
"000300","2015-02-19","0.000000"
"000300","2015-02-20","0.000000"
"000300","2015-02-23","0.000000"
"000300","2015-02-24","0.000000"
"000300","2015-02-25","-0.012376"
"000300","2015-02-26","0.025172"
"000300","2015-02-27","0.001836"
"000300","2015-03-02","0.007955"
"000300","2015-03-03","-0.025926"
"000300","2015-03-04","0.006534"
"000300","2015-03-05","-0.009765"
"000300","2015-03-06","-0.005098"
"000300","2015-03-09","0.017027"
"000300","2015-03-10","-0.004845"
"000300","2015-03-11","0.001148"
"000300","2015-03-12","0.019347"
"000300","2015-03-13","0.006906"
"000300","2015-03-16","0.024329"
"000300","2015-03-17","0.013884"
"000300","2015-03-18","0.023671"
"000300","2015-03-19","-0.001642"
"000300","2015-03-20","0.013760"
"000300","2015-03-23","0.020420"
"000300","2015-03-24","0.000248"
"000300","2015-03-25","-0.008214"
"000300","2015-03-26","0.002433"
"000300","2015-03-27","0.005493"
"000300","2015-03-30","0.029328"
"000300","2015-03-31","-0.009044"
"000300","2015-04-01","0.017943"
"000300","2015-04-02","0.000214"
"000300","2015-04-03","0.011094"
"000300","2015-04-06","0.000000"
"000300","2015-04-07","0.021461"
"000300","2015-04-08","0.008394"
"000300","2015-04-09","-0.007837"
"000300","2015-04-10","0.019304"
"000300","2015-04-13","0.017645"
"000300","2015-04-14","0.003870"
"000300","2015-04-15","-0.012994"
"000300","2015-04-16","0.030369"
"000300","2015-04-17","0.018298"
"000300","2015-04-20","-0.016148"
"000300","2015-04-21","0.021505"
"000300","2015-04-22","0.026119"
"000300","2015-04-23","0.000227"
"000300","2015-04-24","-0.008068"
"000300","2015-04-27","0.022317"
"000300","2015-04-28","-0.013672"
"000300","2015-04-29","0.006846"
"000300","2015-04-30","-0.005119"
"000300","2015-05-01","0.000000"
"000300","2015-05-04","0.007970"
"000300","2015-05-05","-0.039874"
"000300","2015-05-06","-0.009465"
"000300","2015-05-07","-0.018281"
"000300","2015-05-08","0.019757"
"000300","2015-05-11","0.028986"
"000300","2015-05-12","0.012128"
"000300","2015-05-13","-0.006105"
"000300","2015-05-14","-0.003742"
"000300","2015-05-15","-0.017722"
"000300","2015-05-18","-0.009167"
"000300","2015-05-19","0.034115"
"000300","2015-05-20","0.005009"
"000300","2015-05-21","0.018099"
"000300","2015-05-22","0.022797"
"000300","2015-05-25","0.029923"
"000300","2015-05-26","0.019497"
"000300","2015-05-27","-0.003363"
"000300","2015-05-28","-0.067052"
"000300","2015-05-29","0.001411"
"000300","2015-06-01","0.048618"
"000300","2015-06-02","0.016881"
"000300","2015-06-03","-0.003541"
"000300","2015-06-04","0.007354"
"000300","2015-06-05","0.009483"
"000300","2015-06-08","0.023554"
"000300","2015-06-09","-0.006778"
"000300","2015-06-10","-0.001570"
"000300","2015-06-11","-0.000475"
"000300","2015-06-12","0.005375"
"000300","2015-06-15","-0.021358"
"000300","2015-06-16","-0.029945"
"000300","2015-06-17","0.014613"
"000300","2015-06-18","-0.040531"
"000300","2015-06-19","-0.059526"
"000300","2015-06-22","0.000000"
"000300","2015-06-23","0.032141"
"000300","2015-06-24","0.019648"
"000300","2015-06-25","-0.035575"
"000300","2015-06-26","-0.078683"
"000300","2015-06-29","-0.033358"
"000300","2015-06-30","0.067147"
"000300","2015-07-01","-0.049179"
"000300","2015-07-02","-0.034099"
"000300","2015-07-03","-0.054060"
"000300","2015-07-06","0.028982"
"000300","2015-07-07","-0.017640"
"000300","2015-07-08","-0.067455"
"000300","2015-07-09","0.064042"
"000300","2015-07-10","0.053604"
"000300","2015-07-13","0.025631"
"000300","2015-07-14","-0.023663"
"000300","2015-07-15","-0.035356"
"000300","2015-07-16","0.007713"
"000300","2015-07-17","0.038560"
"000300","2015-07-20","0.002196"
"000300","2015-07-21","0.001296"
"000300","2015-07-22","-0.002123"
"000300","2015-07-23","0.022526"
"000300","2015-07-24","-0.017532"
"000300","2015-07-27","-0.085614"
"000300","2015-07-28","-0.002000"
"000300","2015-07-29","0.031300"
"000300","2015-07-30","-0.029251"
"000300","2015-07-31","0.000337"
"000300","2015-08-03","0.003285"
"000300","2015-08-04","0.031056"
"000300","2015-08-05","-0.020580"
"000300","2015-08-06","-0.009064"
"000300","2015-08-07","0.019597"
"000300","2015-08-10","0.045411"
"000300","2015-08-11","-0.004333"
"000300","2015-08-12","-0.012429"
"000300","2015-08-13","0.014775"
"000300","2015-08-14","-0.000472"
"000300","2015-08-17","0.001063"
"000300","2015-08-18","-0.061910"
"000300","2015-08-19","0.015874"
"000300","2015-08-20","-0.032084"
"000300","2015-08-21","-0.045705"
"000300","2015-08-24","-0.087477"
"000300","2015-08-25","-0.071013"
"000300","2015-08-26","-0.005664"
"000300","2015-08-27","0.059473"
"000300","2015-08-28","0.042627"
"000300","2015-08-31","0.007256"
"000300","2015-09-01","-0.001323"
"000300","2015-09-02","0.001115"
"000300","2015-09-03","0.000000"
"000300","2015-09-04","0.000000"
"000300","2015-09-07","-0.034270"
"000300","2015-09-08","0.025700"
"000300","2015-09-09","0.019581"
"000300","2015-09-10","-0.012280"
"000300","2015-09-11","-0.003089"
"000300","2015-09-14","-0.019735"
"000300","2015-09-15","-0.039285"
"000300","2015-09-16","0.049811"
"000300","2015-09-17","-0.021832"
"000300","2015-09-18","0.004410"
"000300","2015-09-21","0.017524"
"000300","2015-09-22","0.009305"
"000300","2015-09-23","-0.022762"
"000300","2015-09-24","0.006733"
"000300","2015-09-25","-0.016149"
"000300","2015-09-28","0.003342"
"000300","2015-09-29","-0.019705"
"000300","2015-09-30","0.007579"
"000300","2015-10-01","0.000000"
"000300","2015-10-02","0.000000"
"000300","2015-10-05","0.000000"
"000300","2015-10-06","0.000000"
"000300","2015-10-07","0.000000"
"000300","2015-10-08","0.029202"
"000300","2015-10-09","0.013237"
"000300","2015-10-12","0.032208"
"000300","2015-10-13","-0.000769"
"000300","2015-10-14","-0.011301"
"000300","2015-10-15","0.023694"
"000300","2015-10-16","0.013551"
"000300","2015-10-19","0.000033"
"000300","2015-10-20","0.012314"
"000300","2015-10-21","-0.029194"
"000300","2015-10-22","0.014764"
"000300","2015-10-23","0.013252"
"000300","2015-10-26","0.005046"
"000300","2015-10-27","0.001008"
"000300","2015-10-28","-0.018915"
"000300","2015-10-29","0.002379"
"000300","2015-10-30","0.000218"
"000300","2015-11-02","-0.016445"
"000300","2015-11-03","-0.003012"
"000300","2015-11-04","0.047048"
"000300","2015-11-05","0.021340"
"000300","2015-11-06","0.023585"
"000300","2015-11-09","0.012385"
"000300","2015-11-10","-0.001853"
"000300","2015-11-11","0.000106"
"000300","2015-11-12","-0.009996"
"000300","2015-11-13","-0.012932"
"000300","2015-11-16","0.004774"
"000300","2015-11-17","-0.001525"
"000300","2015-11-18","-0.011390"
"000300","2015-11-19","0.015984"
"000300","2015-11-20","-0.000155"
"000300","2015-11-23","-0.005577"
"000300","2015-11-24","0.000148"
"000300","2015-11-25","0.007384"
"000300","2015-11-26","-0.005865"
"000300","2015-11-27","-0.053848"
"000300","2015-11-30","0.002648"
"000300","2015-12-01","0.007089"
"000300","2015-12-02","0.036267"
"000300","2015-12-03","0.007347"
"000300","2015-12-04","-0.019125"
"000300","2015-12-07","0.002723"
"000300","2015-12-08","-0.017515"
"000300","2015-12-09","0.003566"
"000300","2015-12-10","-0.003535"
"000300","2015-12-11","-0.004147"
"000300","2015-12-14","0.028620"
"000300","2015-12-15","-0.004563"
"000300","2015-12-16","-0.002422"
"000300","2015-12-17","0.019115"
"000300","2015-12-18","0.003202"
"000300","2015-12-21","0.026023"
"000300","2015-12-22","0.002785"
"000300","2015-12-23","-0.002670"
"000300","2015-12-24","-0.009564"
"000300","2015-12-25","0.002298"
"000300","2015-12-28","-0.028808"
"000300","2015-12-29","0.009186"
"000300","2015-12-30","0.000877"
"000300","2015-12-31","-0.009075"
"000300","2016-01-01","0.000000"
"000300","2016-01-04","-0.070206"
"000300","2016-01-05","0.002800"
"000300","2016-01-06","0.017543"
"000300","2016-01-07","-0.069333"
"000300","2016-01-08","0.020392"
"000300","2016-01-11","-0.050308"
"000300","2016-01-12","0.007286"
"000300","2016-01-13","-0.018606"
"000300","2016-01-14","0.020816"
"000300","2016-01-15","-0.031923"
"000300","2016-01-18","0.003847"
"000300","2016-01-19","0.029513"
"000300","2016-01-20","-0.015124"
"000300","2016-01-21","-0.029307"
"000300","2016-01-22","0.010423"
"000300","2016-01-25","0.004954"
"000300","2016-01-26","-0.060206"
"000300","2016-01-27","-0.003454"
"000300","2016-01-28","-0.026139"
"000300","2016-01-29","0.032355"
"000300","2016-02-01","-0.015289"
"000300","2016-02-02","0.020781"
"000300","2016-02-03","-0.004287"
"000300","2016-02-04","0.012250"
"000300","2016-02-05","-0.007026"
"000300","2016-02-08","0.000000"
"000300","2016-02-09","0.000000"
"000300","2016-02-10","0.000000"
"000300","2016-02-11","0.000000"
"000300","2016-02-12","0.000000"
"000300","2016-02-15","-0.005764"
"000300","2016-02-16","0.030654"
"000300","2016-02-17","0.008655"
"000300","2016-02-18","-0.003141"
"000300","2016-02-19","-0.000692"
"000300","2016-02-22","0.022049"
"000300","2016-02-23","-0.009460"
"000300","2016-02-24","0.006533"
"000300","2016-02-25","-0.061358"
"000300","2016-02-26","0.010032"
"000300","2016-02-29","-0.023936"
"000300","2016-03-01","0.018498"
"000300","2016-03-02","0.041164"
"000300","2016-03-03","0.002323"
"000300","2016-03-04","0.011597"
"000300","2016-03-07","0.003539"
"000300","2016-03-08","0.000912"
"000300","2016-03-09","-0.011509"
"000300","2016-03-10","-0.019129"
"000300","2016-03-11","0.001705"
"000300","2016-03-14","0.015706"
"000300","2016-03-15","0.002965"
"000300","2016-03-16","0.004961"
"000300","2016-03-17","0.011058"
"000300","2016-03-18","0.015287"
"000300","2016-03-21","0.024425"
"000300","2016-03-22","-0.007277"
"000300","2016-03-23","0.003194"
"000300","2016-03-24","-0.016761"
"000300","2016-03-25","0.005018"
"000300","2016-03-28","-0.008784"
"000300","2016-03-29","-0.010827"
"000300","2016-03-30","0.025791"
"000300","2016-03-31","0.000564"
"000300","2016-04-01","0.001183"
"000300","2016-04-04","0.000000"
"000300","2016-04-05","0.013219"
"000300","2016-04-06","-0.002131"
"000300","2016-04-07","-0.014808"
"000300","2016-04-08","-0.007342"
"000300","2016-04-11","0.013928"
"000300","2016-04-12","-0.003605"
"000300","2016-04-13","0.013340"
"000300","2016-04-14","0.004430"
"000300","2016-04-15","-0.001107"
"000300","2016-04-18","-0.013371"
"000300","2016-04-19","0.003051"
"000300","2016-04-20","-0.017687"
"000300","2016-04-21","-0.006420"
"000300","2016-04-22","0.004524"
"000300","2016-04-25","-0.004053"
"000300","2016-04-26","0.005417"
"000300","2016-04-27","-0.004166"
"000300","2016-04-28","-0.001685"
"000300","2016-04-29","-0.001214"
"000300","2016-05-02","0.000000"
"000300","2016-05-03","0.017992"
"000300","2016-05-04","-0.001269"
"000300","2016-05-05","0.001389"
"000300","2016-05-06","-0.026001"
"000300","2016-05-09","-0.020681"
"000300","2016-05-10","0.001141"
"000300","2016-05-11","0.004463"
"000300","2016-05-12","0.002377"
"000300","2016-05-13","-0.004920"
"000300","2016-05-16","0.006626"
"000300","2016-05-17","-0.002999"
"000300","2016-05-18","-0.005829"
"000300","2016-05-19","-0.001804"
"000300","2016-05-20","0.005132"
"000300","2016-05-23","0.002925"
"000300","2016-05-24","-0.007666"
"000300","2016-05-25","-0.001413"
"000300","2016-05-26","0.001629"
"000300","2016-05-27","-0.000559"
"000300","2016-05-30","0.001375"
"000300","2016-05-31","0.033538"
"000300","2016-06-01","-0.002844"
"000300","2016-06-02","0.002073"
"000300","2016-06-03","0.007018"
"000300","2016-06-06","-0.003304"
"000300","2016-06-07","-0.000545"
"000300","2016-06-08","-0.004113"
"000300","2016-06-09","0.000000"
"000300","2016-06-10","0.000000"
"000300","2016-06-13","-0.030861"
"000300","2016-06-14","0.003144"
"000300","2016-06-15","0.013129"
"000300","2016-06-16","-0.006961"
"000300","2016-06-17","0.005067"
"000300","2016-06-20","0.000745"
"000300","2016-06-21","-0.002042"
"000300","2016-06-22","0.008899"
"000300","2016-06-23","-0.005311"
"000300","2016-06-24","-0.012884"
"000300","2016-06-27","0.014100"
"000300","2016-06-28","0.005081"
"000300","2016-06-29","0.004779"
"000300","2016-06-30","0.000803"
"000300","2016-07-01","0.000088"
"000300","2016-07-04","0.016009"
"000300","2016-07-05","0.000838"
"000300","2016-07-06","0.002937"
"000300","2016-07-07","-0.002129"
"000300","2016-07-08","-0.005506"
"000300","2016-07-11","0.003461"
"000300","2016-07-12","0.021806"
"000300","2016-07-13","0.002959"
"000300","2016-07-14","-0.001859"
"000300","2016-07-15","-0.000148"
"000300","2016-07-18","-0.004351"
"000300","2016-07-19","-0.004227"
"000300","2016-07-20","-0.003272"
"000300","2016-07-21","0.004608"
"000300","2016-07-22","-0.008412"
"000300","2016-07-25","0.001774"
"000300","2016-07-26","0.011979"
"000300","2016-07-27","-0.015704"
"000300","2016-07-28","0.000899"
"000300","2016-07-29","-0.005342"
"000300","2016-08-01","-0.008465"
"000300","2016-08-02","0.003854"
"000300","2016-08-03","0.001397"
"000300","2016-08-04","0.002437"
"000300","2016-08-05","0.001194"
"000300","2016-08-08","0.009071"
"000300","2016-08-09","0.007049"
"000300","2016-08-10","-0.004188"
"000300","2016-08-11","-0.003077"
"000300","2016-08-12","0.018827"
"000300","2016-08-15","0.030110"
"000300","2016-08-16","-0.004473"
"000300","2016-08-17","-0.001538"
"000300","2016-08-18","-0.002539"
"000300","2016-08-19","0.000159"
"000300","2016-08-22","-0.008388"
"000300","2016-08-23","0.001509"
"000300","2016-08-24","-0.003581"
"000300","2016-08-25","-0.006274"
"000300","2016-08-26","-0.000569"
"000300","2016-08-29","0.000209"
"000300","2016-08-30","0.001272"
"000300","2016-08-31","0.004773"
"000300","2016-09-01","-0.007878"
"000300","2016-09-02","0.003797"
"000300","2016-09-05","0.001679"
"000300","2016-09-06","0.006912"
"000300","2016-09-07","-0.000541"
"000300","2016-09-08","-0.000375"
"000300","2016-09-09","-0.006444"
"000300","2016-09-12","-0.016709"
"000300","2016-09-13","-0.000696"
"000300","2016-09-14","-0.006626"
"000300","2016-09-15","0.000000"
"000300","2016-09-16","0.000000"
"000300","2016-09-19","0.007532"
"000300","2016-09-20","-0.001753"
"000300","2016-09-21","0.002834"
"000300","2016-09-22","0.007495"
"000300","2016-09-23","-0.004696"
"000300","2016-09-26","-0.016907"
"000300","2016-09-27","0.006357"
"000300","2016-09-28","-0.003044"
"000300","2016-09-29","0.004177"
"000300","2016-09-30","0.002743"
"000300","2016-10-03","0.000000"
"000300","2016-10-04","0.000000"
"000300","2016-10-05","0.000000"
"000300","2016-10-06","0.000000"
"000300","2016-10-07","0.000000"
"000300","2016-10-10","0.012475"
"000300","2016-10-11","0.003852"
"000300","2016-10-12","-0.001980"
"000300","2016-10-13","0.000799"
"000300","2016-10-14","0.000970"
"000300","2016-10-17","-0.008460"
"000300","2016-10-18","0.013256"
"000300","2016-10-19","-0.001533"
"000300","2016-10-20","0.000713"
"000300","2016-10-21","0.002753"
"000300","2016-10-24","0.011971"
"000300","2016-10-25","-0.000037"
"000300","2016-10-26","-0.003758"
"000300","2016-10-27","-0.002714"
"000300","2016-10-28","-0.001665"
"000300","2016-10-31","-0.001152"
"000300","2016-11-01","0.006826"
"000300","2016-11-02","-0.007651"
"000300","2016-11-03","0.009520"
"000300","2016-11-04","-0.003242"
"000300","2016-11-07","0.000721"
"000300","2016-11-08","0.004328"
"000300","2016-11-09","-0.005358"
"000300","2016-11-10","0.011201"
"000300","2016-11-11","0.007848"
"000300","2016-11-14","0.003812"
"000300","2016-11-15","-0.000110"
"000300","2016-11-16","-0.000081"
"000300","2016-11-17","0.002024"
"000300","2016-11-18","-0.005552"
"000300","2016-11-21","0.006922"
"000300","2016-11-22","0.007920"
"000300","2016-11-23","0.001835"
"000300","2016-11-24","0.004032"
"000300","2016-11-25","0.009332"
"000300","2016-11-28","0.003914"
"000300","2016-11-29","0.008192"
"000300","2016-11-30","-0.007306"
"000300","2016-12-01","0.007641"
"000300","2016-12-02","-0.010121"
"000300","2016-12-05","-0.016874"
"000300","2016-12-06","-0.002956"
"000300","2016-12-07","0.004797"
"000300","2016-12-08","-0.001612"
"000300","2016-12-09","0.006788"
"000300","2016-12-12","-0.024192"
"000300","2016-12-13","-0.001215"
"000300","2016-12-14","-0.007662"
"000300","2016-12-15","-0.011397"
"000300","2016-12-16","0.001676"
"000300","2016-12-19","-0.005095"
"000300","2016-12-20","-0.005984"
"000300","2016-12-21","0.008906"
"000300","2016-12-22","-0.000858"
"000300","2016-12-23","-0.008416"
"000300","2016-12-26","0.004475"
"000300","2016-12-27","-0.001811"
"000300","2016-12-28","-0.004371"
"000300","2016-12-29","-0.001249"
"000300","2016-12-30","0.003735"
"000300","2017-01-02","0.000000"
"000300","2017-01-03","0.009712"
"000300","2017-01-04","0.007805"
"000300","2017-01-05","-0.000155"
"000300","2017-01-06","-0.005975"
"000300","2017-01-09","0.004849"
"000300","2017-01-10","-0.001673"
"000300","2017-01-11","-0.007080"
"000300","2017-01-12","-0.005060"
"000300","2017-01-13","0.000690"
"000300","2017-01-16","-0.000140"
"000300","2017-01-17","0.002082"
"000300","2017-01-18","0.003911"
"000300","2017-01-19","-0.003017"
"000300","2017-01-20","0.007689"
"000300","2017-01-23","0.002740"
"000300","2017-01-24","0.000110"
"000300","2017-01-25","0.003404"
"000300","2017-01-26","0.003571"
"000300","2017-01-27","0.000000"
"000300","2017-01-30","0.000000"
"000300","2017-01-31","0.000000"
"000300","2017-02-01","0.000000"
"000300","2017-02-02","0.000000"
"000300","2017-02-03","-0.006927"
"000300","2017-02-06","0.002590"
"000300","2017-02-07","-0.002229"
"000300","2017-02-08","0.005230"
"000300","2017-02-09","0.003844"
"000300","2017-02-10","0.005063"
"000300","2017-02-13","0.006676"
"000300","2017-02-14","-0.000137"
"000300","2017-02-15","-0.004101"
"000300","2017-02-16","0.005617"
"000300","2017-02-17","-0.005664"
"000300","2017-02-20","0.014599"
"000300","2017-02-21","0.003293"
"000300","2017-02-22","0.001991"
"000300","2017-02-23","-0.004709"
"000300","2017-02-24","0.000152"
"000300","2017-02-27","-0.007953"
"000300","2017-02-28","0.001911"
"000300","2017-03-01","0.001630"
"000300","2017-03-02","-0.006749"
"000300","2017-03-03","-0.002106"
"000300","2017-03-06","0.005432"
"000300","2017-03-07","0.002168"
"000300","2017-03-08","-0.001513"
"000300","2017-03-09","-0.006317"
"000300","2017-03-10","0.000277"
"000300","2017-03-13","0.008812"
"000300","2017-03-14","-0.000406"
"000300","2017-03-15","0.002011"
"000300","2017-03-16","0.005157"
"000300","2017-03-17","-0.010255"
"000300","2017-03-20","0.001105"
"000300","2017-03-21","0.004851"
"000300","2017-03-22","-0.004701"
"000300","2017-03-23","0.003457"
"000300","2017-03-24","0.007979"
"000300","2017-03-27","-0.003313"
"000300","2017-03-28","-0.002366"
"000300","2017-03-29","-0.001330"
"000300","2017-03-30","-0.008206"
"000300","2017-03-31","0.005612"
"000300","2017-04-03","0.000000"
"000300","2017-04-04","0.000000"
"000300","2017-04-05","0.013844"
"000300","2017-04-06","0.002898"
"000300","2017-04-07","0.000972"
"000300","2017-04-10","-0.003504"
"000300","2017-04-11","0.003477"
"000300","2017-04-12","-0.002243"
"000300","2017-04-13","0.001461"
"000300","2017-04-14","-0.007984"
"000300","2017-04-17","-0.001882"
"000300","2017-04-18","-0.004942"
"000300","2017-04-19","-0.004871"
"000300","2017-04-20","0.004548"
"000300","2017-04-21","0.001513"
"000300","2017-04-24","-0.010248"
"000300","2017-04-25","0.002831"
"000300","2017-04-26","0.001223"
"000300","2017-04-27","0.000446"
"000300","2017-04-28","-0.002021"
"000300","2017-05-01","0.000000"
"000300","2017-05-02","-0.003831"
"000300","2017-05-03","-0.003925"
"000300","2017-05-04","-0.002561"
"000300","2017-05-05","-0.006414"
"000300","2017-05-08","-0.007017"
"000300","2017-05-09","-0.001870"
"000300","2017-05-10","-0.004424"
"000300","2017-05-11","0.005676"
"000300","2017-05-12","0.008560"
"000300","2017-05-15","0.004081"
"000300","2017-05-16","0.008665"
"000300","2017-05-17","-0.005449"
"000300","2017-05-18","-0.003476"
"000300","2017-05-19","0.001688"
"000300","2017-05-22","0.002171"
"000300","2017-05-23","0.003798"
"000300","2017-05-24","-0.000008"
"000300","2017-05-25","0.017958"
"000300","2017-05-26","-0.001498"
"000300","2017-05-29","0.000000"
"000300","2017-05-30","0.000000"
"000300","2017-05-31","0.003577"
"000300","2017-06-01","0.001389"
"000300","2017-06-02","-0.003211"
"000300","2017-06-05","-0.005092"
"000300","2017-06-06","0.006956"
"000300","2017-06-07","0.011735"
"000300","2017-06-08","0.007671"
"000300","2017-06-09","0.004266"
"000300","2017-06-12","-0.000498"
"000300","2017-06-13","0.002204"
"000300","2017-06-14","-0.013111"
"000300","2017-06-15","-0.001840"
"000300","2017-06-16","-0.002843"
"000300","2017-06-19","0.009919"
"000300","2017-06-20","-0.002018"
"000300","2017-06-21","0.011691"
"000300","2017-06-22","0.000666"
"000300","2017-06-23","0.009063"
"000300","2017-06-26","0.012479"
"000300","2017-06-27","0.001806"
"000300","2017-06-28","-0.007769"
"000300","2017-06-29","0.006215"
"000300","2017-06-30","-0.000553"
"000300","2017-07-03","-0.004350"
"000300","2017-07-04","-0.008453"
"000300","2017-07-05","0.010966"
"000300","2017-07-06","0.000114"
"000300","2017-07-07","-0.001139"
"000300","2017-07-10","-0.000613"
"000300","2017-07-11","0.004686"
"000300","2017-07-12","-0.003265"
"000300","2017-07-13","0.007679"
"000300","2017-07-14","0.004387"
"000300","2017-07-17","-0.010676"
"000300","2017-07-18","0.000989"
"000300","2017-07-19","0.017061"
"000300","2017-07-20","0.004863"
"000300","2017-07-21","-0.005146"
"000300","2017-07-24","0.003988"
"000300","2017-07-25","-0.006387"
"000300","2017-07-26","-0.003810"
"000300","2017-07-27","0.001837"
"000300","2017-07-28","0.002612"
"000300","2017-07-31","0.004294"
"000300","2017-08-01","0.008697"
"000300","2017-08-02","-0.002528"
"000300","2017-08-03","-0.008782"
"000300","2017-08-04","-0.005431"
"000300","2017-08-07","0.005183"
"000300","2017-08-08","0.001454"
"000300","2017-08-09","-0.000313"
"000300","2017-08-10","-0.004053"
"000300","2017-08-11","-0.018453"
"000300","2017-08-14","0.012977"
"000300","2017-08-15","0.003078"
"000300","2017-08-16","-0.001251"
"000300","2017-08-17","0.005364"
"000300","2017-08-18","0.000913"
"000300","2017-08-21","0.004381"
"000300","2017-08-22","0.003022"
"000300","2017-08-23","0.001010"
"000300","2017-08-24","-0.005709"
"000300","2017-08-25","0.016362"
"000300","2017-08-28","0.012371"
"000300","2017-08-29","-0.002127"
"000300","2017-08-30","-0.000062"
"000300","2017-08-31","-0.003184"
"000300","2017-09-01","0.002210"
"000300","2017-09-04","0.003936"
"000300","2017-09-05","0.002972"
"000300","2017-09-06","-0.001969"
"000300","2017-09-07","-0.005086"
"000300","2017-09-08","-0.001013"
"000300","2017-09-11","-0.000090"
"000300","2017-09-12","0.003212"
"000300","2017-09-13","0.001217"
"000300","2017-09-14","-0.003292"
"000300","2017-09-15","0.000350"
"000300","2017-09-18","0.003092"
"000300","2017-09-19","-0.002869"
"000300","2017-09-20","0.002693"
"000300","2017-09-21","-0.001202"
"000300","2017-09-22","-0.000023"
"000300","2017-09-25","-0.005195"
"000300","2017-09-26","0.000783"
"000300","2017-09-27","0.000109"
"000300","2017-09-28","0.000350"
"000300","2017-09-29","0.003653"
"000300","2017-10-02","0.000000"
"000300","2017-10-03","0.000000"
"000300","2017-10-04","0.000000"
"000300","2017-10-05","0.000000"
"000300","2017-10-06","0.000000"
"000300","2017-10-09","0.011914"
"000300","2017-10-10","0.001972"
"000300","2017-10-11","0.003297"
"000300","2017-10-12","0.002631"
"000300","2017-10-13","0.002057"
"000300","2017-10-16","-0.001927"
"000300","2017-10-17","-0.000096"
"000300","2017-10-18","0.007946"
"000300","2017-10-19","-0.003274"
"000300","2017-10-20","-0.001119"
"000300","2017-10-23","0.001005"
"000300","2017-10-24","0.007275"
"000300","2017-10-25","0.004434"
"000300","2017-10-26","0.004181"
"000300","2017-10-27","0.007110"
"000300","2017-10-30","-0.003045"
"000300","2017-10-31","-0.000749"
"000300","2017-11-01","-0.002520"
"000300","2017-11-02","0.000128"
"000300","2017-11-03","-0.001110"
"000300","2017-11-06","0.007061"
"000300","2017-11-07","0.008296"
"000300","2017-11-08","-0.001539"
"000300","2017-11-09","0.006891"
"000300","2017-11-10","0.008835"
"000300","2017-11-13","0.003931"
"000300","2017-11-14","-0.006958"
"000300","2017-11-15","-0.006265"
"000300","2017-11-16","0.007694"
"000300","2017-11-17","0.003858"
"000300","2017-11-20","0.005577"
"000300","2017-11-21","0.017826"
"000300","2017-11-22","0.002339"
"000300","2017-11-23","-0.029608"
"000300","2017-11-24","0.000440"
"000300","2017-11-27","-0.013219"
"000300","2017-11-28","0.001451"
"000300","2017-11-29","-0.000511"
"000300","2017-11-30","-0.011756"
"000300","2017-12-01","-0.001987"
"000300","2017-12-04","0.005182"
"000300","2017-12-05","0.005303"
"000300","2017-12-06","-0.006027"
"000300","2017-12-07","-0.011147"
"000300","2017-12-08","0.008139"
"000300","2017-12-11","0.016516"
"000300","2017-12-12","-0.013143"
"000300","2017-12-13","0.008485"
"000300","2017-12-14","-0.005911"
"000300","2017-12-15","-0.011250"
"000300","2017-12-18","0.001114"
"000300","2017-12-19","0.012556"
"000300","2017-12-20","-0.001199"
"000300","2017-12-21","0.009269"
"000300","2017-12-22","-0.003257"
"000300","2017-12-25","-0.003221"
"000300","2017-12-26","0.002989"
"000300","2017-12-27","-0.015397"
"000300","2017-12-28","0.006937"
"000300","2017-12-29","0.002975"
"000300","2018-01-01","0.000000"
"000300","2018-01-02","0.014028"
"000300","2018-01-03","0.005870"
"000300","2018-01-04","0.004237"
"000300","2018-01-05","0.002407"
"000300","2018-01-08","0.005173"
"000300","2018-01-09","0.007004"
"000300","2018-01-10","0.004420"
"000300","2018-01-11","-0.000529"
"000300","2018-01-12","0.004616"
"000300","2018-01-15","0.000056"
"000300","2018-01-16","0.007866"
"000300","2018-01-17","-0.002432"
"000300","2018-01-18","0.005485"
"000300","2018-01-19","0.003272"
"000300","2018-01-22","0.011948"
"000300","2018-01-23","0.010611"
"000300","2018-01-24","0.001659"
"000300","2018-01-25","-0.005651"
"000300","2018-01-26","0.003716"
"000300","2018-01-29","-0.018096"
"000300","2018-01-30","-0.010673"
"000300","2018-01-31","0.004651"
"000300","2018-02-01","-0.007016"
"000300","2018-02-02","0.005967"
"000300","2018-02-05","0.000682"
"000300","2018-02-06","-0.029306"
"000300","2018-02-07","-0.023715"
"000300","2018-02-08","-0.009493"
"000300","2018-02-09","-0.042720"
"000300","2018-02-12","0.012876"
"000300","2018-02-13","0.011703"
"000300","2018-02-14","0.007960"
"000300","2018-02-15","0.000000"
"000300","2018-02-16","0.000000"
"000300","2018-02-19","0.000000"
"000300","2018-02-20","0.000000"
"000300","2018-02-21","0.000000"
"000300","2018-02-22","0.021622"
"000300","2018-02-23","0.004529"
"000300","2018-02-26","0.011626"
"000300","2018-02-27","-0.014432"
"000300","2018-02-28","-0.008706"
"000300","2018-03-01","0.006324"
"000300","2018-03-02","-0.008057"
"000300","2018-03-05","0.000407"
"000300","2018-03-06","0.012062"
"000300","2018-03-07","-0.007355"
"000300","2018-03-08","0.010144"
"000300","2018-03-09","0.007668"
"000300","2018-03-12","0.004576"
"000300","2018-03-13","-0.008822"
"000300","2018-03-14","-0.004377"
"000300","2018-03-15","0.005602"
"000300","2018-03-16","-0.009702"
"000300","2018-03-19","0.004394"
"000300","2018-03-20","0.000848"
"000300","2018-03-21","-0.004084"
"000300","2018-03-22","-0.010022"
"000300","2018-03-23","-0.028707"
"000300","2018-03-26","-0.006413"
"000300","2018-03-27","0.008602"
"000300","2018-03-28","-0.018029"
"000300","2018-03-29","0.013359"
"000300","2018-03-30","0.001142"
"000300","2018-04-02","-0.002970"
"000300","2018-04-03","-0.006287"
"000300","2018-04-04","-0.001972"
"000300","2018-04-05","0.000000"
"000300","2018-04-06","0.000000"
"000300","2018-04-09","-0.000502"
"000300","2018-04-10","0.019269"
"000300","2018-04-11","0.002844"
"000300","2018-04-12","-0.010082"
"000300","2018-04-13","-0.007051"
"000300","2018-04-16","-0.016089"
"000300","2018-04-17","-0.015811"
"000300","2018-04-18","0.004706"
"000300","2018-04-19","0.012097"
"000300","2018-04-20","-0.013376"
"000300","2018-04-23","0.001455"
"000300","2018-04-24","0.020488"
"000300","2018-04-25","-0.003847"
"000300","2018-04-26","-0.019121"
"000300","2018-04-27","0.000368"
"000300","2018-04-30","0.000000"
"000300","2018-05-01","0.000000"
"000300","2018-05-02","0.001802"
"000300","2018-05-03","0.007799"
"000300","2018-05-04","-0.004852"
"000300","2018-05-07","0.015787"
"000300","2018-05-08","0.011603"
"000300","2018-05-09","-0.001821"
"000300","2018-05-10","0.005538"
"000300","2018-05-11","-0.005194"
"000300","2018-05-14","0.009413"
"000300","2018-05-15","0.003787"
"000300","2018-05-16","-0.007965"
"000300","2018-05-17","-0.007396"
"000300","2018-05-18","0.010096"
"000300","2018-05-21","0.004657"
"000300","2018-05-22","-0.003834"
"000300","2018-05-23","-0.013216"
"000300","2018-05-24","-0.007100"
"000300","2018-05-25","-0.002801"
"000300","2018-05-28","0.004392"
"000300","2018-05-29","-0.007631"
"000300","2018-05-30","-0.021198"
"000300","2018-05-31","0.021218"
"000300","2018-06-01","-0.008360"
"000300","2018-06-04","0.009810"
"000300","2018-06-05","0.009911"
"000300","2018-06-06","-0.002071"
"000300","2018-06-07","-0.001652"
"000300","2018-06-08","-0.013416"
"000300","2018-06-11","0.000097"
"000300","2018-06-12","0.012162"
"000300","2018-06-13","-0.009831"
"000300","2018-06-14","-0.003952"
"000300","2018-06-15","-0.005282"
"000300","2018-06-18","0.000000"
"000300","2018-06-19","-0.035252"
"000300","2018-06-20","0.003957"
"000300","2018-06-21","-0.011685"
"000300","2018-06-22","0.004436"
"000300","2018-06-25","-0.013419"
"000300","2018-06-26","-0.008248"
"000300","2018-06-27","-0.020347"
"000300","2018-06-28","-0.010331"
"000300","2018-06-29","0.025546"
"000300","2018-07-02","-0.029342"
"000300","2018-07-03","0.000386"
"000300","2018-07-04","-0.013356"
"000300","2018-07-05","-0.006335"
"000300","2018-07-06","0.006787"
"000300","2018-07-09","0.027952"
"000300","2018-07-10","0.002409"
"000300","2018-07-11","-0.017299"
"000300","2018-07-12","0.021578"
"000300","2018-07-13","0.003342"
"000300","2018-07-16","-0.005899"
"000300","2018-07-17","-0.006540"
"000300","2018-07-18","-0.005234"
"000300","2018-07-19","-0.000868"
"000300","2018-07-20","0.018829"
"000300","2018-07-23","0.009407"
"000300","2018-07-24","0.015871"
"000300","2018-07-25","-0.001104"
"000300","2018-07-26","-0.011601"
"000300","2018-07-27","-0.004247"
"000300","2018-07-30","-0.001746"
"000300","2018-07-31","0.000733"
"000300","2018-08-01","-0.019976"
"000300","2018-08-02","-0.022170"
"000300","2018-08-03","-0.016516"
"000300","2018-08-06","-0.012672"
"000300","2018-08-07","0.029205"
"000300","2018-08-08","-0.016137"
"000300","2018-08-09","0.025048"
"000300","2018-08-10","0.002204"
"000300","2018-08-13","-0.004310"
"000300","2018-08-14","-0.005141"
"000300","2018-08-15","-0.023996"
"000300","2018-08-16","-0.004632"
"000300","2018-08-17","-0.014377"
"000300","2018-08-20","0.011652"
"000300","2018-08-21","0.018180"
"000300","2018-08-22","-0.005619"
"000300","2018-08-23","0.003649"
"000300","2018-08-24","0.001599"
"000300","2018-08-27","0.024430"
"000300","2018-08-28","-0.001880"
"000300","2018-08-29","-0.003999"
"000300","2018-08-30","-0.010477"
"000300","2018-08-31","-0.004951"
"000300","2018-09-03","-0.003802"
"000300","2018-09-04","0.012666"
"000300","2018-09-05","-0.019548"
"000300","2018-09-06","-0.010691"
"000300","2018-09-07","0.004525"
"000300","2018-09-10","-0.014515"
"000300","2018-09-11","-0.001813"
"000300","2018-09-12","-0.006881"
"000300","2018-09-13","0.010787"
"000300","2018-09-14","0.001707"
"000300","2018-09-17","-0.011464"
"000300","2018-09-18","0.020128"
"000300","2018-09-19","0.013167"
"000300","2018-09-20","-0.000711"
"000300","2018-09-21","0.030319"
"000300","2018-09-24","0.000000"
"000300","2018-09-25","-0.008996"
"000300","2018-09-26","0.011077"
"000300","2018-09-27","-0.003995"
"000300","2018-09-28","0.010364"
"000300","2018-10-01","0.000000"
"000300","2018-10-02","0.000000"
"000300","2018-10-03","0.000000"
"000300","2018-10-04","0.000000"
"000300","2018-10-05","0.000000"
"000300","2018-10-08","-0.043028"
"000300","2018-10-09","-0.000671"
"000300","2018-10-10","-0.002157"
"000300","2018-10-11","-0.047990"
"000300","2018-10-12","0.014920"
"000300","2018-10-15","-0.013963"
"000300","2018-10-16","-0.008149"
"000300","2018-10-17","0.005570"
"000300","2018-10-18","-0.023684"
"000300","2018-10-19","0.029745"
"000300","2018-10-22","0.043167"
"000300","2018-10-23","-0.026556"
"000300","2018-10-24","0.001500"
"000300","2018-10-25","0.001915"
"000300","2018-10-26","-0.006472"
"000300","2018-10-29","-0.030484"
"000300","2018-10-30","0.010846"
"000300","2018-10-31","0.014006"
"000300","2018-11-01","0.007360"
"000300","2018-11-02","0.035634"
"000300","2018-11-05","-0.008331"
"000300","2018-11-06","-0.006033"
"000300","2018-11-07","-0.006549"
"000300","2018-11-08","-0.002836"
"000300","2018-11-09","-0.014109"
"000300","2018-11-12","0.011901"
"000300","2018-11-13","0.010059"
"000300","2018-11-14","-0.010020"
"000300","2018-11-15","0.011679"
"000300","2018-11-16","0.004719"
"000300","2018-11-19","0.011336"
"000300","2018-11-20","-0.023127"
"000300","2018-11-21","0.002512"
"000300","2018-11-22","-0.003739"
"000300","2018-11-23","-0.022073"
"000300","2018-11-26","-0.000710"
"000300","2018-11-27","-0.001274"
"000300","2018-11-28","0.013289"
"000300","2018-11-29","-0.012985"
"000300","2018-11-30","0.011166"
"000300","2018-12-03","0.027819"
"000300","2018-12-04","0.002073"
"000300","2018-12-05","-0.004806"
"000300","2018-12-06","-0.021627"
"000300","2018-12-07","-0.000034"
"000300","2018-12-10","-0.011567"
"000300","2018-12-11","0.004787"
"000300","2018-12-12","0.003416"
"000300","2018-12-13","0.015481"
"000300","2018-12-14","-0.016704"
"000300","2018-12-17","-0.001489"
"000300","2018-12-18","-0.010366"
"000300","2018-12-19","-0.011923"
"000300","2018-12-20","-0.007670"
"000300","2018-12-21","-0.012395"
"000300","2018-12-24","0.002906"
"000300","2018-12-25","-0.006884"
"000300","2018-12-26","-0.005054"
"000300","2018-12-27","-0.003840"
"000300","2018-12-28","0.006737"
"000300","2018-12-31","0.000000"
"399006","2015-01-01","0.000000"
"399006","2015-01-02","0.000000"
"399006","2015-01-05","-0.004749"
"399006","2015-01-06","0.051239"
"399006","2015-01-07","-0.010677"
"399006","2015-01-08","0.012144"
"399006","2015-01-09","0.007362"
"399006","2015-01-12","0.021172"
"399006","2015-01-13","0.009485"
"399006","2015-01-14","-0.008220"
"399006","2015-01-15","-0.001053"
"399006","2015-01-16","0.033549"
"399006","2015-01-19","-0.005788"
"399006","2015-01-20","0.043426"
"399006","2015-01-21","0.012775"
"399006","2015-01-22","0.012456"
"399006","2015-01-23","-0.026805"
"399006","2015-01-26","0.025041"
"399006","2015-01-27","0.002233"
"399006","2015-01-28","-0.007032"
"399006","2015-01-29","-0.011575"
"399006","2015-01-30","-0.017993"
"399006","2015-02-02","0.009669"
"399006","2015-02-03","0.031869"
"399006","2015-02-04","0.003903"
"399006","2015-02-05","0.009429"
"399006","2015-02-06","-0.024430"
"399006","2015-02-09","-0.012780"
"399006","2015-02-10","0.022723"
"399006","2015-02-11","0.014402"
"399006","2015-02-12","0.009005"
"399006","2015-02-13","0.020505"
"399006","2015-02-16","0.038970"
"399006","2015-02-17","-0.001224"
"399006","2015-02-18","0.000000"
"399006","2015-02-19","0.000000"
"399006","2015-02-20","0.000000"
"399006","2015-02-23","0.000000"
"399006","2015-02-24","0.000000"
"399006","2015-02-25","-0.009270"
"399006","2015-02-26","0.001941"
"399006","2015-02-27","0.025344"
"399006","2015-03-02","0.030571"
"399006","2015-03-03","-0.012704"
"399006","2015-03-04","0.024511"
"399006","2015-03-05","0.002467"
"399006","2015-03-06","-0.031461"
"399006","2015-03-09","0.022031"
"399006","2015-03-10","0.025538"
"399006","2015-03-11","-0.004641"
"399006","2015-03-12","-0.008693"
"399006","2015-03-13","0.025241"
"399006","2015-03-16","0.035572"
"399006","2015-03-17","-0.002432"
"399006","2015-03-18","0.021267"
"399006","2015-03-19","0.000439"
"399006","2015-03-20","0.013686"
"399006","2015-03-23","0.036085"
"399006","2015-03-24","0.028043"
"399006","2015-03-25","0.011470"
"399006","2015-03-26","-0.039088"
"399006","2015-03-27","0.013976"
"399006","2015-03-30","-0.014348"
"399006","2015-03-31","0.019513"
"399006","2015-04-01","0.029864"
"399006","2015-04-02","0.029280"
"399006","2015-04-03","0.014073"
"399006","2015-04-06","0.000000"
"399006","2015-04-07","0.018540"
"399006","2015-04-08","-0.026808"
"399006","2015-04-09","0.003347"
"399006","2015-04-10","0.022569"
"399006","2015-04-13","0.009772"
"399006","2015-04-14","-0.007343"
"399006","2015-04-15","-0.045766"
"399006","2015-04-16","0.017443"
"399006","2015-04-17","-0.008187"
"399006","2015-04-20","-0.015886"
"399006","2015-04-21","0.058248"
"399006","2015-04-22","0.026827"
"399006","2015-04-23","0.027042"
"399006","2015-04-24","0.010555"
"399006","2015-04-27","0.004661"
"399006","2015-04-28","-0.021664"
"399006","2015-04-29","0.040756"
"399006","2015-04-30","0.021578"
"399006","2015-05-01","0.000000"
"399006","2015-05-04","-0.004422"
"399006","2015-05-05","-0.021724"
"399006","2015-05-06","0.022675"
"399006","2015-05-07","-0.014232"
"399006","2015-05-08","0.059710"
"399006","2015-05-11","0.058257"
"399006","2015-05-12","0.032879"
"399006","2015-05-13","-0.017890"
"399006","2015-05-14","-0.015837"
"399006","2015-05-15","0.001191"
"399006","2015-05-18","0.042332"
"399006","2015-05-19","0.013510"
"399006","2015-05-20","0.025133"
"399006","2015-05-21","0.035560"
"399006","2015-05-22","-0.003058"
"399006","2015-05-25","-0.013852"
"399006","2015-05-26","0.043344"
"399006","2015-05-27","0.002886"
"399006","2015-05-28","-0.053929"
"399006","2015-05-29","0.032002"
"399006","2015-06-01","0.049652"
"399006","2015-06-02","0.049154"
"399006","2015-06-03","0.020686"
"399006","2015-06-04","-0.009739"
"399006","2015-06-05","-0.014615"
"399006","2015-06-08","-0.046651"
"399006","2015-06-09","0.000265"
"399006","2015-06-10","0.034857"
"399006","2015-06-11","0.007155"
"399006","2015-06-12","0.009727"
"399006","2015-06-15","-0.052229"
"399006","2015-06-16","-0.028506"
"399006","2015-06-17","0.041967"
"399006","2015-06-18","-0.063293"
"399006","2015-06-19","-0.054095"
"399006","2015-06-22","0.000000"
"399006","2015-06-23","0.023820"
"399006","2015-06-24","-0.003104"
"399006","2015-06-25","-0.052321"
"399006","2015-06-26","-0.089097"
"399006","2015-06-29","-0.079071"
"399006","2015-06-30","0.062774"
"399006","2015-07-01","-0.034702"
"399006","2015-07-02","-0.039897"
"399006","2015-07-03","-0.016623"
"399006","2015-07-06","-0.042778"
"399006","2015-07-07","-0.056868"
"399006","2015-07-08","0.005119"
"399006","2015-07-09","0.030332"
"399006","2015-07-10","0.041110"
"399006","2015-07-13","0.058041"
"399006","2015-07-14","0.016017"
"399006","2015-07-15","-0.049895"
"399006","2015-07-16","0.014303"
"399006","2015-07-17","0.059476"
"399006","2015-07-20","0.023346"
"399006","2015-07-21","0.012145"
"399006","2015-07-22","0.005021"
"399006","2015-07-23","0.024360"
"399006","2015-07-24","-0.023628"
"399006","2015-07-27","-0.073979"
"399006","2015-07-28","-0.037819"
"399006","2015-07-29","0.043340"
"399006","2015-07-30","-0.049250"
"399006","2015-07-31","-0.008335"
"399006","2015-08-03","-0.055346"
"399006","2015-08-04","0.061222"
"399006","2015-08-05","-0.017328"
"399006","2015-08-06","-0.008439"
"399006","2015-08-07","0.038722"
"399006","2015-08-10","0.050340"
"399006","2015-08-11","-0.002884"
"399006","2015-08-12","-0.028428"
"399006","2015-08-13","0.023671"
"399006","2015-08-14","-0.003813"
"399006","2015-08-17","-0.002893"
"399006","2015-08-18","-0.060802"
"399006","2015-08-19","0.026563"
"399006","2015-08-20","-0.024069"
"399006","2015-08-21","-0.066511"
"399006","2015-08-24","-0.080847"
"399006","2015-08-25","-0.075215"
"399006","2015-08-26","-0.050570"
"399006","2015-08-27","0.036750"
"399006","2015-08-28","0.062582"
"399006","2015-08-31","-0.040948"
"399006","2015-09-01","-0.053771"
"399006","2015-09-02","-0.018237"
"399006","2015-09-03","0.000000"
"399006","2015-09-04","0.000000"
"399006","2015-09-07","0.020748"
"399006","2015-09-08","0.056844"
"399006","2015-09-09","0.035260"
"399006","2015-09-10","-0.015735"
"399006","2015-09-11","0.010488"
"399006","2015-09-14","-0.074880"
"399006","2015-09-15","-0.057001"
"399006","2015-09-16","0.071590"
"399006","2015-09-17","0.003661"
"399006","2015-09-18","0.025863"
"399006","2015-09-21","0.048284"
"399006","2015-09-22","-0.000164"
"399006","2015-09-23","-0.000350"
"399006","2015-09-24","0.013765"
"399006","2015-09-25","-0.040645"
"399006","2015-09-28","0.050117"
"399006","2015-09-29","-0.011163"
"399006","2015-09-30","-0.007574"
"399006","2015-10-01","0.000000"
"399006","2015-10-02","0.000000"
"399006","2015-10-05","0.000000"
"399006","2015-10-06","0.000000"
"399006","2015-10-07","0.000000"
"399006","2015-10-08","0.051683"
"399006","2015-10-09","0.012028"
"399006","2015-10-12","0.045170"
"399006","2015-10-13","0.010902"
"399006","2015-10-14","-0.015814"
"399006","2015-10-15","0.043180"
"399006","2015-10-16","0.018505"
"399006","2015-10-19","-0.006301"
"399006","2015-10-20","0.031873"
"399006","2015-10-21","-0.066274"
"399006","2015-10-22","0.048363"
"399006","2015-10-23","0.032645"
"399006","2015-10-26","-0.004296"
"399006","2015-10-27","0.014434"
"399006","2015-10-28","-0.030704"
"399006","2015-10-29","0.000016"
"399006","2015-10-30","-0.002816"
"399006","2015-11-02","-0.018658"
"399006","2015-11-03","-0.001138"
"399006","2015-11-04","0.063825"
"399006","2015-11-05","-0.007582"
"399006","2015-11-06","0.037700"
"399006","2015-11-09","0.023749"
"399006","2015-11-10","0.008071"
"399006","2015-11-11","0.021142"
"399006","2015-11-12","-0.007623"
"399006","2015-11-13","-0.026277"
"399006","2015-11-16","0.032102"
"399006","2015-11-17","-0.028640"
"399006","2015-11-18","-0.020569"
"399006","2015-11-19","0.041180"
"399006","2015-11-20","0.010610"
"399006","2015-11-23","-0.010561"
"399006","2015-11-24","0.016412"
"399006","2015-11-25","0.028949"
"399006","2015-11-26","-0.022216"
"399006","2015-11-27","-0.064820"
"399006","2015-11-30","0.008692"
"399006","2015-12-01","-0.006449"
"399006","2015-12-02","-0.015848"
"399006","2015-12-03","0.036299"
"399006","2015-12-04","-0.005894"
"399006","2015-12-07","0.017082"
"399006","2015-12-08","-0.016979"
"399006","2015-12-09","-0.008822"
"399006","2015-12-10","0.010343"
"399006","2015-12-11","-0.008983"
"399006","2015-12-14","0.014215"
"399006","2015-12-15","0.013448"
"399006","2015-12-16","0.006342"
"399006","2015-12-17","0.026270"
"399006","2015-12-18","-0.001919"
"399006","2015-12-21","-0.000119"
"399006","2015-12-22","0.003509"
"399006","2015-12-23","-0.019688"
"399006","2015-12-24","0.004252"
"399006","2015-12-25","-0.000376"
"399006","2015-12-28","-0.021199"
"399006","2015-12-29","0.005241"
"399006","2015-12-30","0.010797"
"399006","2015-12-31","-0.023553"
"399006","2016-01-01","0.000000"
"399006","2016-01-04","-0.082094"
"399006","2016-01-05","-0.029911"
"399006","2016-01-06","0.021368"
"399006","2016-01-07","-0.085823"
"399006","2016-01-08","-0.003339"
"399006","2016-01-11","-0.063420"
"399006","2016-01-12","0.019547"
"399006","2016-01-13","-0.040863"
"399006","2016-01-14","0.055946"
"399006","2016-01-15","-0.028556"
"399006","2016-01-18","0.029359"
"399006","2016-01-19","0.030696"
"399006","2016-01-20","-0.016527"
"399006","2016-01-21","-0.041841"
"399006","2016-01-22","0.017602"
"399006","2016-01-25","0.004298"
"399006","2016-01-26","-0.076327"
"399006","2016-01-27","0.001714"
"399006","2016-01-28","-0.045560"
"399006","2016-01-29","0.045951"
"399006","2016-02-01","-0.000687"
"399006","2016-02-02","0.041447"
"399006","2016-02-03","0.007337"
"399006","2016-02-04","0.017279"
"399006","2016-02-05","-0.013942"
"399006","2016-02-08","0.000000"
"399006","2016-02-09","0.000000"
"399006","2016-02-10","0.000000"
"399006","2016-02-11","0.000000"
"399006","2016-02-12","0.000000"
"399006","2016-02-15","0.009467"
"399006","2016-02-16","0.040195"
"399006","2016-02-17","0.006093"
"399006","2016-02-18","-0.011028"
"399006","2016-02-19","0.009172"
"399006","2016-02-22","0.015630"
"399006","2016-02-23","-0.012222"
"399006","2016-02-24","-0.006482"
"399006","2016-02-25","-0.075598"
"399006","2016-02-26","-0.010909"
"399006","2016-02-29","-0.066888"
"399006","2016-03-01","0.029132"
"399006","2016-03-02","0.042733"
"399006","2016-03-03","-0.005218"
"399006","2016-03-04","-0.049841"
"399006","2016-03-07","0.024274"
"399006","2016-03-08","0.025013"
"399006","2016-03-09","-0.015672"
"399006","2016-03-10","-0.017173"
"399006","2016-03-11","-0.001083"
"399006","2016-03-14","0.045614"
"399006","2016-03-15","-0.012954"
"399006","2016-03-16","-0.009706"
"399006","2016-03-17","0.055501"
"399006","2016-03-18","0.043394"
"399006","2016-03-21","0.022574"
"399006","2016-03-22","-0.002394"
"399006","2016-03-23","0.016836"
"399006","2016-03-24","-0.017412"
"399006","2016-03-25","-0.001660"
"399006","2016-03-28","-0.007401"
"399006","2016-03-29","-0.021429"
"399006","2016-03-30","0.044707"
"399006","2016-03-31","-0.004668"
"399006","2016-04-01","-0.014706"
"399006","2016-04-04","0.000000"
"399006","2016-04-05","0.033623"
"399006","2016-04-06","0.007686"
"399006","2016-04-07","-0.021052"
"399006","2016-04-08","-0.008338"
"399006","2016-04-11","0.023861"
"399006","2016-04-12","-0.008377"
"399006","2016-04-13","0.013250"
"399006","2016-04-14","0.013243"
"399006","2016-04-15","-0.006332"
"399006","2016-04-18","-0.019086"
"399006","2016-04-19","0.003057"
"399006","2016-04-20","-0.056009"
"399006","2016-04-21","-0.016351"
"399006","2016-04-22","0.012682"
"399006","2016-04-25","-0.004722"
"399006","2016-04-26","0.013571"
"399006","2016-04-27","-0.004215"
"399006","2016-04-28","0.004015"
"399006","2016-04-29","-0.007652"
"399006","2016-05-02","0.000000"
"399006","2016-05-03","0.036700"
"399006","2016-05-04","-0.002802"
"399006","2016-05-05","0.005914"
"399006","2016-05-06","-0.042669"
"399006","2016-05-09","-0.035505"
"399006","2016-05-10","0.000304"
"399006","2016-05-11","-0.009394"
"399006","2016-05-12","-0.000177"
"399006","2016-05-13","-0.004592"
"399006","2016-05-16","0.016114"
"399006","2016-05-17","0.011460"
"399006","2016-05-18","-0.029290"
"399006","2016-05-19","0.008378"
"399006","2016-05-20","0.013693"
"399006","2016-05-23","0.015946"
"399006","2016-05-24","-0.010831"
"399006","2016-05-25","-0.003978"
"399006","2016-05-26","0.009072"
"399006","2016-05-27","-0.007729"
"399006","2016-05-30","-0.005492"
"399006","2016-05-31","0.049201"
"399006","2016-06-01","0.004176"
"399006","2016-06-02","0.009101"
"399006","2016-06-03","0.007501"
"399006","2016-06-06","-0.002573"
"399006","2016-06-07","-0.001170"
"399006","2016-06-08","-0.004636"
"399006","2016-06-09","0.000000"
"399006","2016-06-10","0.000000"
"399006","2016-06-13","-0.060295"
"399006","2016-06-14","0.001755"
"399006","2016-06-15","0.034244"
"399006","2016-06-16","-0.012863"
"399006","2016-06-17","0.010219"
"399006","2016-06-20","-0.001536"
"399006","2016-06-21","-0.013035"
"399006","2016-06-22","0.025247"
"399006","2016-06-23","-0.003419"
"399006","2016-06-24","-0.004735"
"399006","2016-06-27","0.030292"
"399006","2016-06-28","0.011362"
"399006","2016-06-29","-0.003123"
"399006","2016-06-30","0.008146"
"399006","2016-07-01","-0.007457"
"399006","2016-07-04","0.016975"
"399006","2016-07-05","-0.001195"
"399006","2016-07-06","-0.001988"
"399006","2016-07-07","-0.003407"
"399006","2016-07-08","0.002274"
"399006","2016-07-11","-0.009117"
"399006","2016-07-12","0.012966"
"399006","2016-07-13","0.016915"
"399006","2016-07-14","0.003374"
"399006","2016-07-15","-0.012775"
"399006","2016-07-18","-0.006146"
"399006","2016-07-19","0.010600"
"399006","2016-07-20","-0.002280"
"399006","2016-07-21","-0.001502"
"399006","2016-07-22","-0.006679"
"399006","2016-07-25","-0.001828"
"399006","2016-07-26","0.014990"
"399006","2016-07-27","-0.054469"
"399006","2016-07-28","-0.007257"
"399006","2016-07-29","-0.008100"
"399006","2016-08-01","-0.010947"
"399006","2016-08-02","0.006686"
"399006","2016-08-03","-0.002318"
"399006","2016-08-04","0.010120"
"399006","2016-08-05","-0.009672"
"399006","2016-08-08","0.010213"
"399006","2016-08-09","0.011223"
"399006","2016-08-10","-0.008124"
"399006","2016-08-11","-0.015725"
"399006","2016-08-12","0.009720"
"399006","2016-08-15","0.032663"
"399006","2016-08-16","0.003595"
"399006","2016-08-17","0.003225"
"399006","2016-08-18","-0.002989"
"399006","2016-08-19","0.001345"
"399006","2016-08-22","-0.016854"
"399006","2016-08-23","0.003118"
"399006","2016-08-24","0.008284"
"399006","2016-08-25","-0.005251"
"399006","2016-08-26","0.004168"
"399006","2016-08-29","0.001576"
"399006","2016-08-30","0.001062"
"399006","2016-08-31","-0.001718"
"399006","2016-09-01","-0.004759"
"399006","2016-09-02","-0.004799"
"399006","2016-09-05","0.005452"
"399006","2016-09-06","0.018391"
"399006","2016-09-07","-0.004851"
"399006","2016-09-08","0.005160"
"399006","2016-09-09","-0.009220"
"399006","2016-09-12","-0.026058"
"399006","2016-09-13","0.000142"
"399006","2016-09-14","-0.000610"
"399006","2016-09-15","0.000000"
"399006","2016-09-16","0.000000"
"399006","2016-09-19","0.009631"
"399006","2016-09-20","-0.003132"
"399006","2016-09-21","0.001714"
"399006","2016-09-22","0.002910"
"399006","2016-09-23","-0.005494"
"399006","2016-09-26","-0.015585"
"399006","2016-09-27","0.008433"
"399006","2016-09-28","-0.000548"
"399006","2016-09-29","0.003064"
"399006","2016-09-30","0.001732"
"399006","2016-10-03","0.000000"
"399006","2016-10-04","0.000000"
"399006","2016-10-05","0.000000"
"399006","2016-10-06","0.000000"
"399006","2016-10-07","0.000000"
"399006","2016-10-10","0.027242"
"399006","2016-10-11","0.001084"
"399006","2016-10-12","-0.000532"
"399006","2016-10-13","-0.000506"
"399006","2016-10-14","-0.006493"
"399006","2016-10-17","-0.012015"
"399006","2016-10-18","0.013967"
"399006","2016-10-19","-0.006019"
"399006","2016-10-20","0.003819"
"399006","2016-10-21","-0.005589"
"399006","2016-10-24","0.009082"
"399006","2016-10-25","-0.000271"
"399006","2016-10-26","-0.007143"
"399006","2016-10-27","-0.000922"
"399006","2016-10-28","-0.007810"
"399006","2016-10-31","-0.002620"
"399006","2016-11-01","0.007726"
"399006","2016-11-02","-0.013806"
"399006","2016-11-03","0.003162"
"399006","2016-11-04","-0.003695"
"399006","2016-11-07","-0.006959"
"399006","2016-11-08","0.009389"
"399006","2016-11-09","-0.012304"
"399006","2016-11-10","0.009170"
"399006","2016-11-11","0.001766"
"399006","2016-11-14","0.006790"
"399006","2016-11-15","0.008148"
"399006","2016-11-16","0.001453"
"399006","2016-11-17","-0.008901"
"399006","2016-11-18","-0.002349"
"399006","2016-11-21","-0.002483"
"399006","2016-11-22","0.011637"
"399006","2016-11-23","-0.005485"
"399006","2016-11-24","-0.008811"
"399006","2016-11-25","0.009737"
"399006","2016-11-28","-0.000684"
"399006","2016-11-29","-0.002632"
"399006","2016-11-30","0.010509"
"399006","2016-12-01","-0.000513"
"399006","2016-12-02","-0.017634"
"399006","2016-12-05","0.000199"
"399006","2016-12-06","-0.010084"
"399006","2016-12-07","0.005997"
"399006","2016-12-08","-0.009497"
"399006","2016-12-09","-0.007009"
"399006","2016-12-12","-0.055000"
"399006","2016-12-13","0.000327"
"399006","2016-12-14","-0.011064"
"399006","2016-12-15","0.006507"
"399006","2016-12-16","0.011266"
"399006","2016-12-19","-0.008860"
"399006","2016-12-20","0.000953"
"399006","2016-12-21","0.004741"
"399006","2016-12-22","-0.002722"
"399006","2016-12-23","-0.010942"
"399006","2016-12-26","0.004820"
"399006","2016-12-27","-0.002730"
"399006","2016-12-28","-0.005824"
"399006","2016-12-29","0.001065"
"399006","2016-12-30","0.001439"
"399006","2017-01-02","0.000000"
"399006","2017-01-03","0.000610"
"399006","2017-01-04","0.014420"
"399006","2017-01-05","-0.003813"
"399006","2017-01-06","-0.009547"
"399006","2017-01-09","-0.001736"
"399006","2017-01-10","-0.005068"
"399006","2017-01-11","-0.007240"
"399006","2017-01-12","-0.003820"
"399006","2017-01-13","-0.015648"
"399006","2017-01-16","-0.036367"
"399006","2017-01-17","0.020220"
"399006","2017-01-18","-0.011821"
"399006","2017-01-19","-0.000892"
"399006","2017-01-20","0.019851"
"399006","2017-01-23","0.003496"
"399006","2017-01-24","-0.013833"
"399006","2017-01-25","0.005097"
"399006","2017-01-26","0.008301"
"399006","2017-01-27","0.000000"
"399006","2017-01-30","0.000000"
"399006","2017-01-31","0.000000"
"399006","2017-02-01","0.000000"
"399006","2017-02-02","0.000000"
"399006","2017-02-03","-0.005021"
"399006","2017-02-06","0.012621"
"399006","2017-02-07","-0.005953"
"399006","2017-02-08","0.007672"
"399006","2017-02-09","0.005492"
"399006","2017-02-10","-0.004909"
"399006","2017-02-13","0.004723"
"399006","2017-02-14","-0.002239"
"399006","2017-02-15","-0.008923"
"399006","2017-02-16","0.002786"
"399006","2017-02-17","-0.007779"
"399006","2017-02-20","0.006423"
"399006","2017-02-21","0.013781"
"399006","2017-02-22","-0.000575"
"399006","2017-02-23","0.003114"
"399006","2017-02-24","0.006487"
"399006","2017-02-27","-0.006022"
"399006","2017-02-28","0.000201"
"399006","2017-03-01","0.002495"
"399006","2017-03-02","-0.005985"
"399006","2017-03-03","0.004105"
"399006","2017-03-06","0.017882"
"399006","2017-03-07","0.007685"
"399006","2017-03-08","-0.006687"
"399006","2017-03-09","-0.005439"
"399006","2017-03-10","-0.002014"
"399006","2017-03-13","0.010703"
"399006","2017-03-14","-0.006523"
"399006","2017-03-15","-0.000104"
"399006","2017-03-16","0.004549"
"399006","2017-03-17","-0.008677"
"399006","2017-03-20","0.002131"
"399006","2017-03-21","0.003709"
"399006","2017-03-22","-0.006365"
"399006","2017-03-23","-0.000108"
"399006","2017-03-24","0.008606"
"399006","2017-03-27","-0.008961"
"399006","2017-03-28","-0.001625"
"399006","2017-03-29","-0.007800"
"399006","2017-03-30","-0.018399"
"399006","2017-03-31","0.007201"
"399006","2017-04-03","0.000000"
"399006","2017-04-04","0.000000"
"399006","2017-04-05","0.018781"
"399006","2017-04-06","0.000553"
"399006","2017-04-07","0.000933"
"399006","2017-04-10","-0.017265"
"399006","2017-04-11","0.002710"
"399006","2017-04-12","-0.010495"
"399006","2017-04-13","0.006835"
"399006","2017-04-14","-0.012047"
"399006","2017-04-17","-0.010161"
"399006","2017-04-18","-0.010747"
"399006","2017-04-19","-0.001526"
"399006","2017-04-20","0.002714"
"399006","2017-04-21","-0.006152"
"399006","2017-04-24","-0.015821"
"399006","2017-04-25","0.004950"
"399006","2017-04-26","0.000885"
"399006","2017-04-27","0.012328"
"399006","2017-04-28","0.004239"
"399006","2017-05-01","0.000000"
"399006","2017-05-02","0.000062"
"399006","2017-05-03","-0.005617"
"399006","2017-05-04","-0.001276"
"399006","2017-05-05","-0.010833"
"399006","2017-05-08","-0.016216"
"399006","2017-05-09","0.007706"
"399006","2017-05-10","-0.017293"
"399006","2017-05-11","0.000617"
"399006","2017-05-12","0.001250"
"399006","2017-05-15","0.002259"
"399006","2017-05-16","0.020411"
"399006","2017-05-17","0.004242"
"399006","2017-05-18","-0.005010"
"399006","2017-05-19","-0.006854"
"399006","2017-05-22","-0.007220"
"399006","2017-05-23","-0.016688"
"399006","2017-05-24","0.010262"
"399006","2017-05-25","0.000797"
"399006","2017-05-26","-0.010160"
"399006","2017-05-29","0.000000"
"399006","2017-05-30","0.000000"
"399006","2017-05-31","0.002328"
"399006","2017-06-01","-0.019981"
"399006","2017-06-02","0.010089"
"399006","2017-06-05","0.008774"
"399006","2017-06-06","0.002922"
"399006","2017-06-07","0.018942"
"399006","2017-06-08","-0.002835"
"399006","2017-06-09","0.000772"
"399006","2017-06-12","-0.011460"
"399006","2017-06-13","0.011310"
"399006","2017-06-14","-0.002783"
"399006","2017-06-15","0.014309"
"399006","2017-06-16","-0.003416"
"399006","2017-06-19","0.003507"
"399006","2017-06-20","0.002519"
"399006","2017-06-21","0.002040"
"399006","2017-06-22","-0.014419"
"399006","2017-06-23","0.005031"
"399006","2017-06-26","0.007662"
"399006","2017-06-27","-0.000737"
"399006","2017-06-28","-0.006448"
"399006","2017-06-29","0.002960"
"399006","2017-06-30","0.002490"
"399006","2017-07-03","0.009856"
"399006","2017-07-04","-0.003530"
"399006","2017-07-05","0.003895"
"399006","2017-07-06","0.001287"
"399006","2017-07-07","-0.001934"
"399006","2017-07-10","-0.017539"
"399006","2017-07-11","-0.010722"
"399006","2017-07-12","0.001589"
"399006","2017-07-13","-0.004412"
"399006","2017-07-14","-0.018718"
"399006","2017-07-17","-0.051063"
"399006","2017-07-18","0.006674"
"399006","2017-07-19","0.010365"
"399006","2017-07-20","0.002279"
"399006","2017-07-21","0.000909"
"399006","2017-07-24","-0.002193"
"399006","2017-07-25","0.000981"
"399006","2017-07-26","-0.004019"
"399006","2017-07-27","0.036210"
"399006","2017-07-28","-0.004659"
"399006","2017-07-31","0.001284"
"399006","2017-08-01","0.002750"
"399006","2017-08-02","-0.009328"
"399006","2017-08-03","0.004806"
"399006","2017-08-04","-0.007793"
"399006","2017-08-07","0.007453"
"399006","2017-08-08","0.017309"
"399006","2017-08-09","0.000356"
"399006","2017-08-10","-0.005320"
"399006","2017-08-11","-0.006575"
"399006","2017-08-14","0.029471"
"399006","2017-08-15","0.002836"
"399006","2017-08-16","0.014800"
"399006","2017-08-17","0.004499"
"399006","2017-08-18","-0.006324"
"399006","2017-08-21","0.004070"
"399006","2017-08-22","-0.007819"
"399006","2017-08-23","-0.004159"
"399006","2017-08-24","-0.006433"
"399006","2017-08-25","0.009544"
"399006","2017-08-28","0.016521"
"399006","2017-08-29","-0.006098"
"399006","2017-08-30","0.003844"
"399006","2017-08-31","0.005846"
"399006","2017-09-01","0.008582"
"399006","2017-09-04","0.009847"
"399006","2017-09-05","0.000820"
"399006","2017-09-06","0.009386"
"399006","2017-09-07","-0.006556"
"399006","2017-09-08","-0.002702"
"399006","2017-09-11","0.005888"
"399006","2017-09-12","-0.006270"
"399006","2017-09-13","0.002095"
"399006","2017-09-14","-0.004861"
"399006","2017-09-15","-0.001925"
"399006","2017-09-18","0.010219"
"399006","2017-09-19","-0.007656"
"399006","2017-09-20","0.006580"
"399006","2017-09-21","-0.010514"
"399006","2017-09-22","-0.003388"
"399006","2017-09-25","-0.012218"
"399006","2017-09-26","-0.002260"
"399006","2017-09-27","0.008420"
"399006","2017-09-28","-0.000113"
"399006","2017-09-29","0.006604"
"399006","2017-10-02","0.000000"
"399006","2017-10-03","0.000000"
"399006","2017-10-04","0.000000"
"399006","2017-10-05","0.000000"
"399006","2017-10-06","0.000000"
"399006","2017-10-09","0.012242"
"399006","2017-10-10","0.014615"
"399006","2017-10-11","-0.008296"
"399006","2017-10-12","-0.000823"
"399006","2017-10-13","0.013731"
"399006","2017-10-16","-0.022527"
"399006","2017-10-17","-0.003025"
"399006","2017-10-18","-0.004705"
"399006","2017-10-19","-0.002970"
"399006","2017-10-20","0.009451"
"399006","2017-10-23","0.009863"
"399006","2017-10-24","0.001545"
"399006","2017-10-25","0.006085"
"399006","2017-10-26","-0.001329"
"399006","2017-10-27","-0.007588"
"399006","2017-10-30","-0.021220"
"399006","2017-10-31","0.007436"
"399006","2017-11-01","0.001583"
"399006","2017-11-02","-0.013446"
"399006","2017-11-03","-0.007901"
"399006","2017-11-06","0.009458"
"399006","2017-11-07","0.004737"
"399006","2017-11-08","0.003805"
"399006","2017-11-09","0.009629"
"399006","2017-11-10","0.008768"
"399006","2017-11-13","0.003055"
"399006","2017-11-14","-0.005096"
"399006","2017-11-15","-0.015100"
"399006","2017-11-16","0.005448"
"399006","2017-11-17","-0.023620"
"399006","2017-11-20","0.014098"
"399006","2017-11-21","-0.001500"
"399006","2017-11-22","-0.001929"
"399006","2017-11-23","-0.031616"
"399006","2017-11-24","-0.006755"
"399006","2017-11-27","-0.012205"
"399006","2017-11-28","0.018722"
"399006","2017-11-29","-0.003616"
"399006","2017-11-30","-0.009556"
"399006","2017-12-01","0.019387"
"399006","2017-12-04","-0.003800"
"399006","2017-12-05","-0.021791"
"399006","2017-12-06","0.014628"
"399006","2017-12-07","-0.004105"
"399006","2017-12-08","0.008534"
"399006","2017-12-11","0.013855"
"399006","2017-12-12","-0.010068"
"399006","2017-12-13","0.004114"
"399006","2017-12-14","-0.006504"
"399006","2017-12-15","-0.005780"
"399006","2017-12-18","-0.001866"
"399006","2017-12-19","0.010029"
"399006","2017-12-20","-0.008946"
"399006","2017-12-21","0.004108"
"399006","2017-12-22","-0.005809"
"399006","2017-12-25","-0.013226"
"399006","2017-12-26","0.001717"
"399006","2017-12-27","-0.007724"
"399006","2017-12-28","-0.000125"
"399006","2017-12-29","0.004375"
"399006","2018-01-01","0.000000"
"399006","2018-01-02","0.009711"
"399006","2018-01-03","0.014529"
"399006","2018-01-04","-0.000431"
"399006","2018-01-05","0.003795"
"399006","2018-01-08","0.002630"
"399006","2018-01-09","-0.001423"
"399006","2018-01-10","-0.006932"
"399006","2018-01-11","0.007342"
"399006","2018-01-12","-0.010270"
"399006","2018-01-15","-0.029727"
"399006","2018-01-16","-0.001746"
"399006","2018-01-17","0.007191"
"399006","2018-01-18","-0.002315"
"399006","2018-01-19","-0.005674"
"399006","2018-01-22","0.023189"
"399006","2018-01-23","-0.000218"
"399006","2018-01-24","0.025707"
"399006","2018-01-25","-0.001346"
"399006","2018-01-26","0.003294"
"399006","2018-01-29","-0.009373"
"399006","2018-01-30","-0.009652"
"399006","2018-01-31","-0.026561"
"399006","2018-02-01","-0.021709"
"399006","2018-02-02","0.002967"
"399006","2018-02-05","-0.008314"
"399006","2018-02-06","-0.053401"
"399006","2018-02-07","0.011441"
"399006","2018-02-08","0.015486"
"399006","2018-02-09","-0.029804"
"399006","2018-02-12","0.034890"
"399006","2018-02-13","0.000309"
"399006","2018-02-14","-0.001099"
"399006","2018-02-15","0.000000"
"399006","2018-02-16","0.000000"
"399006","2018-02-19","0.000000"
"399006","2018-02-20","0.000000"
"399006","2018-02-21","0.000000"
"399006","2018-02-22","0.018821"
"399006","2018-02-23","-0.005323"
"399006","2018-02-26","0.036144"
"399006","2018-02-27","0.008321"
"399006","2018-02-28","0.005785"
"399006","2018-03-01","0.020655"
"399006","2018-03-02","-0.009970"
"399006","2018-03-05","0.013368"
"399006","2018-03-06","0.001068"
"399006","2018-03-07","-0.006865"
"399006","2018-03-08","0.004454"
"399006","2018-03-09","0.035262"
"399006","2018-03-12","0.013980"
"399006","2018-03-13","-0.005169"
"399006","2018-03-14","-0.016762"
"399006","2018-03-15","0.004030"
"399006","2018-03-16","-0.014815"
"399006","2018-03-19","0.011858"
"399006","2018-03-20","0.011775"
"399006","2018-03-21","-0.018613"
"399006","2018-03-22","-0.006932"
"399006","2018-03-23","-0.050190"
"399006","2018-03-26","0.031626"
"399006","2018-03-27","0.035990"
"399006","2018-03-28","-0.005171"
"399006","2018-03-29","0.003832"
"399006","2018-03-30","0.031644"
"399006","2018-04-02","-0.000119"
"399006","2018-04-03","-0.014622"
"399006","2018-04-04","-0.019043"
"399006","2018-04-05","0.000000"
"399006","2018-04-06","0.000000"
"399006","2018-04-09","0.002635"
"399006","2018-04-10","-0.003330"
"399006","2018-04-11","-0.000487"
"399006","2018-04-12","-0.004217"
"399006","2018-04-13","-0.001257"
"399006","2018-04-16","0.007736"
"399006","2018-04-17","-0.029895"
"399006","2018-04-18","0.021597"
"399006","2018-04-19","-0.001088"
"399006","2018-04-20","-0.020586"
"399006","2018-04-23","-0.016693"
"399006","2018-04-24","0.030697"
"399006","2018-04-25","0.006943"
"399006","2018-04-26","-0.020957"
"399006","2018-04-27","0.013653"
"399006","2018-04-30","0.000000"
"399006","2018-05-01","0.000000"
"399006","2018-05-02","-0.002229"
"399006","2018-05-03","0.013999"
"399006","2018-05-04","-0.006534"
"399006","2018-05-07","0.020652"
"399006","2018-05-08","0.002447"
"399006","2018-05-09","-0.000570"
"399006","2018-05-10","0.005146"
"399006","2018-05-11","-0.016393"
"399006","2018-05-14","-0.002071"
"399006","2018-05-15","0.014763"
"399006","2018-05-16","-0.006101"
"399006","2018-05-17","-0.008377"
"399006","2018-05-18","0.003030"
"399006","2018-05-21","0.014007"
"399006","2018-05-22","0.007258"
"399006","2018-05-23","-0.016005"
"399006","2018-05-24","-0.004101"
"399006","2018-05-25","-0.018415"
"399006","2018-05-28","-0.004232"
"399006","2018-05-29","-0.012948"
"399006","2018-05-30","-0.026740"
"399006","2018-05-31","0.010152"
"399006","2018-06-01","-0.019610"
"399006","2018-06-04","-0.003871"
"399006","2018-06-05","0.025358"
"399006","2018-06-06","-0.001641"
"399006","2018-06-07","-0.007384"
"399006","2018-06-08","-0.010895"
"399006","2018-06-11","-0.013382"
"399006","2018-06-12","0.014302"
"399006","2018-06-13","-0.015690"
"399006","2018-06-14","-0.007460"
"399006","2018-06-15","-0.018918"
"399006","2018-06-18","0.000000"
"399006","2018-06-19","-0.057575"
"399006","2018-06-20","0.010760"
"399006","2018-06-21","-0.026933"
"399006","2018-06-22","0.018391"
"399006","2018-06-25","-0.007160"
"399006","2018-06-26","0.017128"
"399006","2018-06-27","-0.011940"
"399006","2018-06-28","-0.001661"
"399006","2018-06-29","0.040845"
"399006","2018-07-02","-0.011415"
"399006","2018-07-03","0.011803"
"399006","2018-07-04","-0.025830"
"399006","2018-07-05","-0.021034"
"399006","2018-07-06","0.005634"
"399006","2018-07-09","0.026352"
"399006","2018-07-10","0.006983"
"399006","2018-07-11","-0.018813"
"399006","2018-07-12","0.033029"
"399006","2018-07-13","0.002373"
"399006","2018-07-16","-0.000958"
"399006","2018-07-17","0.002919"
"399006","2018-07-18","-0.008478"
"399006","2018-07-19","-0.011084"
"399006","2018-07-20","0.012254"
"399006","2018-07-23","0.007098"
"399006","2018-07-24","0.005328"
"399006","2018-07-25","0.001663"
"399006","2018-07-26","-0.016054"
"399006","2018-07-27","-0.007190"
"399006","2018-07-30","-0.021903"
"399006","2018-07-31","0.001037"
"399006","2018-08-01","-0.012425"
"399006","2018-08-02","-0.020606"
"399006","2018-08-03","-0.018860"
"399006","2018-08-06","-0.027546"
"399006","2018-08-07","0.026823"
"399006","2018-08-08","-0.021416"
"399006","2018-08-09","0.034432"
"399006","2018-08-10","0.009416"
"399006","2018-08-13","0.012987"
"399006","2018-08-14","-0.008391"
"399006","2018-08-15","-0.026332"
"399006","2018-08-16","-0.009898"
"399006","2018-08-17","-0.020197"
"399006","2018-08-20","0.000965"
"399006","2018-08-21","0.014824"
"399006","2018-08-22","-0.011956"
"399006","2018-08-23","0.011080"
"399006","2018-08-24","-0.003718"
"399006","2018-08-27","0.029889"
"399006","2018-08-28","-0.000219"
"399006","2018-08-29","-0.007980"
"399006","2018-08-30","-0.015714"
"399006","2018-08-31","-0.015581"
"399006","2018-09-03","0.005914"
"399006","2018-09-04","0.008184"
"399006","2018-09-05","-0.017357"
"399006","2018-09-06","-0.005153"
"399006","2018-09-07","0.001658"
"399006","2018-09-10","-0.024141"
"399006","2018-09-11","0.003123"
"399006","2018-09-12","-0.006717"
"399006","2018-09-13","0.003957"
"399006","2018-09-14","-0.017764"
"399006","2018-09-17","-0.012286"
"399006","2018-09-18","0.020394"
"399006","2018-09-19","0.010963"
"399006","2018-09-20","-0.003436"
"399006","2018-09-21","0.016935"
"399006","2018-09-24","0.000000"
"399006","2018-09-25","-0.003765"
"399006","2018-09-26","0.010630"
"399006","2018-09-27","-0.014352"
"399006","2018-09-28","0.007842"
"399006","2018-10-01","0.000000"
"399006","2018-10-02","0.000000"
"399006","2018-10-03","0.000000"
"399006","2018-10-04","0.000000"
"399006","2018-10-05","0.000000"
"399006","2018-10-08","-0.040861"
"399006","2018-10-09","-0.005702"
"399006","2018-10-10","0.000559"
"399006","2018-10-11","-0.062985"
"399006","2018-10-12","0.005169"
"399006","2018-10-15","-0.014339"
"399006","2018-10-16","-0.026820"
"399006","2018-10-17","0.012472"
"399006","2018-10-18","-0.021781"
"399006","2018-10-19","0.037226"
"399006","2018-10-22","0.052049"
"399006","2018-10-23","-0.017407"
"399006","2018-10-24","-0.006156"
"399006","2018-10-25","-0.008176"
"399006","2018-10-26","-0.008178"
"399006","2018-10-29","-0.010060"
"399006","2018-10-30","0.007571"
"399006","2018-10-31","0.012402"
"399006","2018-11-01","0.008429"
"399006","2018-11-02","0.048163"
"399006","2018-11-05","0.000443"
"399006","2018-11-06","0.000173"
"399006","2018-11-07","-0.002476"
"399006","2018-11-08","-0.012021"
"399006","2018-11-09","-0.005084"
"399006","2018-11-12","0.034744"
"399006","2018-11-13","0.016996"
"399006","2018-11-14","-0.004542"
"399006","2018-11-15","0.014084"
"399006","2018-11-16","-0.001398"
"399006","2018-11-19","-0.006330"
"399006","2018-11-20","-0.028016"
"399006","2018-11-21","0.005677"
"399006","2018-11-22","-0.006679"
"399006","2018-11-23","-0.033373"
"399006","2018-11-26","-0.003195"
"399006","2018-11-27","0.008337"
"399006","2018-11-28","0.019499"
"399006","2018-11-29","-0.021152"
"399006","2018-11-30","0.012701"
"399006","2018-12-03","0.032650"
"399006","2018-12-04","0.004342"
"399006","2018-12-05","0.002185"
"399006","2018-12-06","-0.026058"
"399006","2018-12-07","-0.003524"
"399006","2018-12-10","-0.010567"
"399006","2018-12-11","0.008464"
"399006","2018-12-12","0.000487"
"399006","2018-12-13","0.007300"
"399006","2018-12-14","-0.028213"
"399006","2018-12-17","-0.008610"
"399006","2018-12-18","-0.004495"
"399006","2018-12-19","-0.018960"
"399006","2018-12-20","0.007364"
"399006","2018-12-21","-0.006144"
"399006","2018-12-24","0.011043"
"399006","2018-12-25","-0.008475"
"399006","2018-12-26","-0.007363"
"399006","2018-12-27","-0.012653"
"399006","2018-12-28","0.001962"
"399006","2018-12-31","0.000000"
