date,_NAME_,P1,P10,P2,P3,P4,P5,P6,P7,P8,P9
31JAN1980,cret,0.1259374014,1.0258866898,0.0841357607,0.0826865135,0.0970887058,0.1153358523,1.0940142704,1.0806821449,1.0619259797,1.0276654349
29FEB1980,cret,0.1128082996,0.9907186564,0.0868295459,0.0763039667,0.1002163766,0.0923792457,1.1467780183,1.1181684534,1.0436388885,0.973463653
31MAR1980,cret,-0.089210188,0.9240353797,-0.145207828,-0.118208087,-0.075352821,-0.036743145,1.0447899421,1.0074129971,0.9735083271,0.9088278237
30APR1980,cret,-0.050836249,0.9394967573,-0.075657995,-0.090373322,-0.031481947,0.0102615357,1.0954698006,1.0641685616,1.0378833851,0.9469117274
31MAY1980,cret,0.0130296788,1.0038529463,-0.006899296,-0.043523637,0.0339635145,0.0728781068,1.1529462087,1.1274292833,1.0987326107,1.0094025867
30JUN1980,cret,0.0292522035,1.0101777567,0.0253332903,-0.004462211,0.0825990221,0.1153760714,1.1768464159,1.1721912891,1.1474886298,1.0505199043
31JUL1980,cret,0.0797019482,1.0794819988,0.0981408253,0.0731288696,0.1711263193,0.1979375887,1.2545734902,1.2700920477,1.2267561999,1.1044552104
31AUG1980,cret,0.1522277931,1.1043856832,0.179174124,0.1199505559,0.2067789748,0.2576939659,1.2827374944,1.2960745613,1.244134248,1.1100743523
30SEP1980,cret,0.1887466926,1.112364634,0.2089896373,0.1441049946,0.2715680714,0.3232399453,1.3408685363,1.3727740313,1.2593177684,1.1199466113
31OCT1980,cret,0.2381700043,1.1108114861,0.2523022255,0.1471144585,0.358022034,0.3563523823,1.3713760448,1.3896310796,1.297027003,1.1005497699
30NOV1980,cret,0.3657099447,1.121614638,0.5006676591,0.3453347129,0.5289220879,0.5885775128,1.5525674923,1.4957955165,1.4007718931,1.1413343518
31DEC1980,cret,0.2636859381,1.1363888097,0.393722274,0.2653780034,0.4392610837,0.5115033889,1.48405083,1.4662972015,1.4187864753,1.1652743789
31JAN1981,cret,0.2171680493,1.1401180877,0.3367395502,0.2244124866,0.3531796175,0.4548968341,1.4272757253,1.4048790812,1.3564580708,1.1216052122
28FEB1981,cret,0.2330921793,1.1738630472,0.3556207733,0.2583402502,0.3726302989,0.5000071219,1.4448747806,1.4363509781,1.384156774,1.1229837563
31MAR1981,cret,0.2540735968,1.2403032988,0.4434913918,0.2979832625,0.4544713929,0.5609384784,1.5058140828,1.5016193143,1.4485779368,1.2091240985
30APR1981,cret,0.1985677541,1.2609057059,0.4410630911,0.2770160657,0.3640535391,0.5587332172,1.4770263384,1.4746707702,1.4521943302,1.221081337
31MAY1981,cret,0.2426047595,1.2591568665,0.4889922305,0.3621976682,0.4188116581,0.5846684738,1.4846168822,1.4722086041,1.4779629289,1.215735163
30JUN1981,cret,0.2700971077,1.2434384976,0.4359160586,0.3063649269,0.3441609421,0.5665020921,1.4721657573,1.4520584286,1.4829882676,1.2358254687
31JUL1981,cret,0.282415497,1.234588985,0.4471589855,0.3670625662,0.3913515129,0.594344267,1.4548575098,1.4211838242,1.4498211191,1.1950136327
31AUG1981,cret,0.1887135262,1.2004765794,0.3190070613,0.2647125102,0.2953224511,0.4939042387,1.3528387955,1.3420687696,1.3896402034,1.1406378021
30SEP1981,cret,0.0130625641,1.1566251005,0.1107222996,0.1522186237,0.1637550768,0.4042731172,1.2743951707,1.2872197452,1.3642797082,1.0958540844
31OCT1981,cret,0.0725627291,1.1994268001,0.274631146,0.2809880216,0.2586571162,0.5386731479,1.3809099744,1.3403115725,1.4117739566,1.1415161142
30NOV1981,cret,0.123869106,1.2928587106,0.3006472727,0.2912124822,0.3186331815,0.6256749716,1.4284813819,1.3927098438,1.4729148266,1.2070692274
31DEC1981,cret,0.0464006092,1.288630816,0.2451249563,0.2410793194,0.269954567,0.5505501616,1.3869624042,1.3724712252,1.4366203814,1.1852138134
31JAN1982,cret,-0.026871563,1.2796493201,0.1825203199,0.1601366008,0.1905541243,0.4890471115,1.3226122189,1.3640614297,1.3869541871,1.1917666333
28FEB1982,cret,-0.149907311,1.2638647221,0.0594456644,0.0597884875,0.0909791706,0.4052754043,1.2716549853,1.3052663471,1.3500722863,1.1739157812
31MAR1982,cret,-0.198700232,1.2568424552,0.0413648024,0.0619007225,0.0676447669,0.3818549042,1.2639929962,1.3032116395,1.3351089958,1.1763811922
30APR1982,cret,-0.184475402,1.3182301061,0.1033675364,0.1046972108,0.1295162939,0.4694466129,1.3158066708,1.3677745325,1.4075866236,1.1959889606
31MAY1982,cret,-0.229153651,1.2957280397,0.0435543013,0.048764322,0.097935132,0.4374089655,1.2681049563,1.3159502611,1.3789302126,1.1695189752
30JUN1982,cret,-0.303459212,1.2511424965,-0.038301333,0.0506791597,0.0430462487,0.3985987262,1.2317623608,1.3016743533,1.3721153694,1.1534745847
31JUL1982,cret,-0.337854829,1.2153411889,-0.085198742,0.0165269428,0.0235254429,0.3723147711,1.1905979214,1.2547072094,1.3662397582,1.1446329387
31AUG1982,cret,-0.303426525,1.2529913768,0.0155676006,0.1355493643,0.1639411647,0.5384202998,1.3288497725,1.4180730322,1.5349691052,1.266209935
30SEP1982,cret,-0.322923597,1.3151757049,0.0127377124,0.1397562305,0.1757263428,0.5573999918,1.3536651296,1.4430580862,1.5886068953,1.3239767003
31OCT1982,cret,-0.254515338,1.4113164265,0.1277051749,0.3286846669,0.3403128049,0.7889989922,1.5278112174,1.6467356602,1.7398467769,1.4391460146
30NOV1982,cret,-0.250199747,1.459245213,0.2271845637,0.4426582308,0.4490381195,0.9219397512,1.5962949232,1.7270445029,1.820019197,1.4792822508
31DEC1982,cret,-0.231470994,1.5094017809,0.1710082393,0.4686753915,0.4351235421,0.9410554806,1.611595471,1.7624885526,1.8312185731,1.5268631872
31JAN1983,cret,-0.178946556,1.5731410424,0.2836563591,0.5668182122,0.5152665943,1.0069310254,1.6698255238,1.8230627274,1.9344377465,1.5707351168
28FEB1983,cret,-0.192436398,1.6390434787,0.2730709582,0.6328722119,0.5455248605,1.0611876324,1.7387549169,1.9029195562,1.9646954422,1.6264722235
31MAR1983,cret,-0.170538253,1.6538299313,0.2935274607,0.6636781035,0.6116691753,1.160231658,1.8122171486,1.9797131128,2.0373095288,1.6694790644
30APR1983,cret,-0.054753893,1.7490523308,0.3833082088,0.8380501487,0.7328912592,1.3447408375,1.9363554924,2.0903498683,2.230208231,1.7534522326
31MAY1983,cret,0.013294224,1.7829660793,0.4941708104,0.963971596,0.8221613279,1.3841658287,1.97860054,2.1032157665,2.2282771537,1.7307287448
30JUN1983,cret,0.023848009,1.8009537203,0.5647626184,1.0433007954,0.9541838405,1.5064035776,2.1068893444,2.1896733008,2.2863353639,1.8002557968
31JUL1983,cret,-0.052384343,1.781272897,0.4696586579,0.9314151146,0.841446059,1.3783741334,1.9953679311,2.1264122607,2.190964717,1.8025420956
31AUG1983,cret,-0.082252471,1.779667025,0.4383590891,0.9015667574,0.833501287,1.3521194735,2.0099332111,2.1375775341,2.2032549528,1.8441708854
30SEP1983,cret,-0.135505334,1.8497940954,0.4437167865,0.884950457,0.8418258022,1.3803200019,2.0073233024,2.1744240979,2.2700592748,1.9401735887
31OCT1983,cret,-0.214472137,1.8186799826,0.3319336777,0.7501050192,0.7553761055,1.3181806327,1.910779503,2.1395530868,2.2491903267,1.936242015
30NOV1983,cret,-0.203007639,1.896531288,0.4084083409,0.8058594288,0.8331948378,1.3947006826,1.9748919819,2.1935800654,2.3227426625,1.9316514803
31DEC1983,cret,-0.241858,1.8920214467,0.3534004855,0.7721406191,0.8066368726,1.3940641451,1.9563309059,2.1444054644,2.3037080288,1.9278523728
31JAN1984,cret,-0.173892184,1.9004009658,0.2836487547,0.7189084648,0.7981320507,1.341810286,1.9617388343,2.0942780449,2.2528598103,1.9204842643
29FEB1984,cret,-0.167760836,1.8119126774,0.2073666895,0.6240965807,0.8059932338,1.200144674,1.861910024,2.010365029,2.164762592,1.8491542159
31MAR1984,cret,-0.178465782,1.8316983117,0.2269005897,0.589105846,0.8514215969,1.2509837185,1.8954210609,2.0497709582,2.1743473372,1.8801003588
30APR1984,cret,-0.207515567,1.8295311729,0.2099194269,0.5837827128,0.8540629897,1.236375294,1.8859172746,2.0701297301,2.2190707225,1.8864412015
31MAY1984,cret,-0.282877928,1.8108878137,0.1242664689,0.4634834438,0.7436067548,1.1318415266,1.7785361043,1.9811122871,2.0987077326,1.8129457907
30JUN1984,cret,-0.249003368,1.8522023396,0.1645932727,0.4986222047,0.7525318347,1.1789484781,1.8505712791,2.0521812881,2.1210057526,1.8883487341
31JUL1984,cret,-0.302830622,1.8521675229,0.1114714759,0.41866524,0.7132781821,1.1635010774,1.8047697974,2.0153607289,2.0679664964,1.8654335226
31AUG1984,cret,-0.216890606,1.9600747714,0.2705630366,0.6020029764,0.958887933,1.4384117014,2.0206968101,2.2169988263,2.3095918116,2.0458098382
30SEP1984,cret,-0.222572864,1.9933383097,0.2063241524,0.5810275975,0.8996931351,1.3871344515,2.0027067889,2.2225880478,2.3295809539,2.0870987332
31OCT1984,cret,-0.26107017,2.0237490619,0.167701871,0.5666622279,0.8929963264,1.351087575,2.0139225554,2.2357702896,2.3346248482,2.1021269971
30NOV1984,cret,-0.322481063,2.0309869944,0.1034283665,0.5219951981,0.8447906314,1.3162472602,1.9940146199,2.2203900691,2.3480820583,2.0901349994
31DEC1984,cret,-0.341031932,2.0779465913,0.1127399076,0.5705982864,0.8843722766,1.3700208065,2.0454493609,2.2775380495,2.4131484115,2.1353572931
31JAN1985,cret,-0.25341953,2.2069579552,0.2499048974,0.8162589223,1.0937554366,1.625172133,2.2196867229,2.4902829299,2.5757214375,2.2734726548
28FEB1985,cret,-0.230523588,2.2804206177,0.2679391244,0.8426224301,1.152099734,1.6566386887,2.2456734691,2.5213442202,2.6141603728,2.3240924876
31MAR1985,cret,-0.276412511,2.2388688407,0.2869859204,0.8207636826,1.0735671319,1.6144769292,2.2632205595,2.4824270159,2.6086913707,2.3692397088
30APR1985,cret,-0.295211853,2.2588529904,0.2726703421,0.7562426909,1.0383892686,1.5521665115,2.2407937272,2.4632491111,2.6120204502,2.3909440575
31MAY1985,cret,-0.290371272,2.3483174896,0.3098192996,0.8266183518,1.1461237256,1.6936466042,2.3782455148,2.6241124721,2.7621756683,2.5601926619
30JUN1985,cret,-0.305460608,2.3871493469,0.2857570512,0.85682637,1.1995388081,1.7577424401,2.413746317,2.6680076859,2.8275425588,2.6042506351
31JUL1985,cret,-0.321050165,2.4014155336,0.3050366773,0.8748997469,1.222732708,1.7866833282,2.4057920964,2.6328173259,2.8468546575,2.5789821982
31AUG1985,cret,-0.34013902,2.4210160498,0.2991215262,0.8492825542,1.2102426672,1.7884935078,2.3663683665,2.5900104862,2.8322306991,2.5839427814
30SEP1985,cret,-0.371792361,2.3490010541,0.2156488779,0.7484226876,1.1093732034,1.6397865265,2.2490961062,2.4903952836,2.72444573,2.4952831675
31OCT1985,cret,-0.361411493,2.4440496344,0.2697688561,0.840871729,1.1672741411,1.7595114502,2.3606067067,2.5954828636,2.869631018,2.6176662789
30NOV1985,cret,-0.355061635,2.6314983615,0.3407280744,0.9668601738,1.3014991293,1.9489957063,2.536295182,2.8232081655,3.063667553,2.7922410361
31DEC1985,cret,-0.347316741,2.7309198894,0.3710881881,1.0264602681,1.3943001294,2.0402648404,2.6782526895,2.9401250169,3.2011727391,2.9392298738
31JAN1986,cret,-0.333919841,2.741728989,0.3975242413,1.055033324,1.374269884,2.1006856462,2.7203712047,2.9832265738,3.2443843796,2.9623998206
28FEB1986,cret,-0.335720973,2.9385456414,0.4914471165,1.198613257,1.5076946406,2.3382412811,2.9396498963,3.2135236423,3.5484030322,3.1625248232
31MAR1986,cret,-0.312411445,3.1206836413,0.4884552579,1.3244954216,1.6574161781,2.5767926924,3.1138426944,3.3946032948,3.7257479961,3.3231718985
30APR1986,cret,-0.329626559,3.1158492975,0.4611967767,1.3741913356,1.6594414617,2.5702044916,3.0490224315,3.3429218484,3.7121429588,3.2948604456
31MAY1986,cret,-0.287380773,3.1562917118,0.5175215896,1.5071704434,1.8036952228,2.775993492,3.2424830281,3.5126858396,3.9136450073,3.4742526434
30JUN1986,cret,-0.287750165,3.222620823,0.5766708428,1.5201009188,1.7965491953,2.8181373885,3.3395327311,3.5650541492,3.934033672,3.5512201634
31JUL1986,cret,-0.347442833,3.0290582835,0.4123716321,1.3364544407,1.6077398823,2.5261193348,3.0923170083,3.3651023177,3.7212045185,3.3962552016
31AUG1986,cret,-0.34571177,3.2157618292,0.5119116951,1.4696034893,1.7572766051,2.7749206663,3.3126225299,3.5729428122,3.993231258,3.6275806906
30SEP1986,cret,-0.383949601,2.9902216105,0.472524522,1.3080754294,1.6251433213,2.5066263708,3.0510885463,3.2643958772,3.6179770954,3.3153391199
31OCT1986,cret,-0.375526135,3.1555697446,0.5740709793,1.4303499806,1.7907870295,2.6960811871,3.2118666657,3.4652275884,3.831332328,3.451027539
30NOV1986,cret,-0.395883164,3.1948978761,0.5571762608,1.4009501565,1.8148674516,2.7686521739,3.2215730466,3.528926959,3.9178130334,3.5320620772
31DEC1986,cret,-0.422771291,3.1215604892,0.4738435289,1.2655631623,1.7164873305,2.6713602002,3.1872482506,3.4069896527,3.7867829221,3.4542978309
31JAN1987,cret,-0.359860494,3.4410902671,0.6467097947,1.5518222964,2.0937345216,3.0926255548,3.6056611561,3.8591687737,4.3494259396,3.8729721949
28FEB1987,cret,-0.349545437,3.51554444,0.806874871,1.7741696486,2.3582206763,3.4637424156,3.843627308,4.0900513537,4.5731554495,3.9852766149
31MAR1987,cret,-0.325295404,3.5699821279,0.8340657223,1.9129405825,2.3497861826,3.6828627095,3.9275940589,4.2065987261,4.6524460754,4.0500250182
30APR1987,cret,-0.337146986,3.4486667564,0.8088323712,1.8664736049,2.3007461335,3.6418619152,3.8696775399,4.1618505208,4.5440135291,4.0117615229
31MAY1987,cret,-0.35705317,3.4455590312,0.8626983043,1.8897007496,2.3288295323,3.6426912284,3.870414516,4.1779357779,4.5984422398,4.0370806099
30JUN1987,cret,-0.337607439,3.5942427507,0.887863113,1.9703314879,2.3939681943,3.7853657602,4.0434228873,4.4286612157,4.8627172526,4.2184113901
31JUL1987,cret,-0.320015533,3.6556632035,0.9428565598,2.1276816468,2.5084259259,4.0278315108,4.2528590743,4.729937386,5.1081553839,4.3258467951
31AUG1987,cret,-0.316755244,3.8429345045,0.9689284505,2.1445352118,2.5422799035,4.1667850779,4.4270686472,4.9266173289,5.3307672412,4.5229651886
30SEP1987,cret,-0.335556291,3.8294655057,0.9732738448,2.0973443104,2.5061674875,4.0465177237,4.3370088531,4.8569135396,5.2545908932,4.346542271
31OCT1987,cret,-0.531205239,3.155867241,0.3574481103,1.218082823,1.6471117858,2.7917251067,3.3429376269,3.8093629021,4.0907028623,3.4716853927
30NOV1987,cret,-0.587314056,3.0451361757,0.2025167155,1.0230482111,1.4524124483,2.534317536,3.1004307255,3.5249181384,3.7999744056,3.2960754518
31DEC1987,cret,-0.582703127,3.1489167058,0.2126624646,1.219731841,1.6774988753,2.9795090988,3.4078209708,3.8926000609,4.0939131522,3.466075577
31JAN1988,cret,-0.574614077,3.3962225027,0.2820885653,1.2963115941,1.672620867,3.1082792514,3.5327062931,3.9913513798,4.2723598012,3.640922949
29FEB1988,cret,-0.536627289,3.4865336294,0.3911095544,1.5055034454,1.8571784765,3.4273400918,3.7736006169,4.1978204173,4.4510797434,3.8120864257
31MAR1988,cret,-0.506035528,3.362895916,0.4088059106,1.5439637479,1.9444876451,3.5370930363,3.7453963609,4.0693235847,4.4040330526,3.686888992
30APR1988,cret,-0.500929637,3.3673344808,0.3922974706,1.5922757303,1.9573394508,3.5806568238,3.8312493982,4.1174458516,4.4363378825,3.7346405117
31MAY1988,cret,-0.532581073,3.4205460769,0.3453914445,1.5526988215,1.9019926405,3.5201792953,3.8355733972,4.1513098863,4.4269314783,3.7814392864
30JUN1988,cret,-0.519525739,3.5482265102,0.4280234568,1.6994847786,2.0816232992,3.8040268811,4.0460705983,4.3733783131,4.6257030987,3.9837497235
31JUL1988,cret,-0.523069675,3.5523461664,0.3998265564,1.653289224,2.0030809246,3.7083585563,3.9365743456,4.3368790504,4.6237603371,3.9608841464
31AUG1988,cret,-0.534446352,3.5545918101,0.3559949003,1.5691703508,1.8910831436,3.5591667314,3.7752065871,4.2012737446,4.5428252306,3.8364427488
30SEP1988,cret,-0.538726093,3.701569767,0.3588105621,1.6914137462,1.9848302218,3.6882811695,3.934798288,4.3677414821,4.7609567737,3.974855954
31OCT1988,cret,-0.537475021,3.7179404435,0.3203075708,1.6808211317,1.9577439646,3.6781522759,4.0825561604,4.4575692097,4.8609239879,4.0526686295
30NOV1988,cret,-0.520561403,3.6756918204,0.2286890226,1.5983462851,1.8480968011,3.5692046149,4.0186919864,4.3766056836,4.7884638393,3.9880316074
31DEC1988,cret,-0.523675501,3.7265624006,0.2815406288,1.7269163464,1.9212341294,3.749145762,4.141736844,4.4332925392,4.8837087215,4.0768375738
31JAN1989,cret,-0.516714063,3.9581550971,0.3344973678,1.844901481,2.071044123,4.0294335497,4.3987226086,4.705027042,5.2627384291,4.3603929031
28FEB1989,cret,-0.513604929,3.8948515937,0.3321948302,1.8652010212,2.0901861508,4.0132001003,4.3686078405,4.6507255728,5.1396099423,4.259991211
31MAR1989,cret,-0.502399397,3.9810890008,0.3450272742,1.9008904101,2.1133329587,4.0778456183,4.4666893271,4.7743017513,5.3231382544,4.3345376583
30APR1989,cret,-0.490440066,4.1676649124,0.3786935191,2.0528963371,2.337852456,4.2900337791,4.7148451849,5.0956801901,5.5596043558,4.5496866894
31MAY1989,cret,-0.477634659,4.330967338,0.4122723836,2.1760664559,2.5338291951,4.500222877,4.9458533529,5.3854224134,5.7897480677,4.6999860641
30JUN1989,cret,-0.482553885,4.3846286173,0.3623898135,2.1194575813,2.4214562917,4.3906690033,4.8995227209,5.3211735207,5.7224812563,4.7273317
31JUL1989,cret,-0.492320836,4.6458439855,0.4276477289,2.2589688077,2.62698075,4.8373589255,5.3024933531,5.8307051748,6.2675539433,5.0671143462
31AUG1989,cret,-0.483427842,4.8146540743,0.463532711,2.3883959954,2.6666940902,4.9417976991,5.4047659244,5.9725862971,6.4238273405,5.1436622458
30SEP1989,cret,-0.482333902,4.8169553833,0.4685195254,2.348420682,2.6523671265,4.9379358685,5.3161143394,5.9891724908,6.366256972,5.1844903387
31OCT1989,cret,-0.508014176,4.6522557774,0.3739855697,2.0930799516,2.4039901358,4.8265210962,5.1628832483,5.896148164,6.09691004,5.0803288746
30NOV1989,cret,-0.531663412,4.739764314,0.3373054644,2.0998626592,2.4556418481,4.8897412778,5.3098438673,6.0282305424,6.2140556487,5.1816913985
31DEC1989,cret,-0.51842278,4.8334561479,0.3189024423,2.1533129914,2.4604585355,4.907530195,5.4189178871,6.1023011103,6.2982678169,5.3384991464
31JAN1990,cret,-0.562735977,4.5615819386,0.1699716187,1.7922941394,2.1102984068,4.3446150076,5.0181642925,5.5113718427,5.863396818,5.0570899696
28FEB1990,cret,-0.558460526,4.5588862455,0.1604227996,1.8706812616,2.228222587,4.5804521281,5.1115113807,5.6631190105,5.9041104003,5.1098549374
31MAR1990,cret,-0.56922612,4.6390907452,0.208596422,1.9654826978,2.3460893904,4.7057794837,5.244483175,5.7817125513,6.0493884442,5.2551284091
30APR1990,cret,-0.576127174,4.5450587976,0.1718468319,1.8207166286,2.2155491549,4.4339799244,5.1153929818,5.6453677872,5.8972801226,5.1149204432
31MAY1990,cret,-0.562084199,4.8413316175,0.2588598786,2.0941127372,2.5550603996,4.9898811353,5.6820688628,6.1639928247,6.4946331112,5.5577167981
30JUN1990,cret,-0.564672693,4.828659478,0.2833460591,2.0776320808,2.5186977609,4.9155342107,5.6299358701,6.1539656198,6.4020878698,5.5691178221
31JUL1990,cret,-0.592380291,4.7952782479,0.1986253262,1.9535071876,2.217368161,4.6999687324,5.4783995449,5.9475156334,6.403489281,5.582166613
31AUG1990,cret,-0.637522103,4.4031108489,0.0329580576,1.5727957676,1.8563907245,4.0576486244,5.0692991501,5.4644885932,5.8074020182,4.9945646842
30SEP1990,cret,-0.694391267,4.2765029387,-0.085671496,1.331094669,1.6037086591,3.6213954414,4.7314230414,5.1511250164,5.5260345362,4.8088624692
31OCT1990,cret,-0.716485591,4.4485353737,-0.219744525,1.1258097026,1.5135125173,3.3665078902,4.5434263203,5.1685626867,5.526295706,4.8147740306
30NOV1990,cret,-0.717847779,4.5675441044,-0.19241067,1.3906358772,1.8525912698,3.8047265916,5.0042113969,5.5091019809,5.8698645549,4.9957779235
31DEC1990,cret,-0.744537712,4.6990506139,-0.197182962,1.5973381761,2.0018858333,4.0133463547,5.2682668894,5.7824264163,6.0339836384,5.0950910047
31JAN1991,cret,-0.735879408,4.7754718766,-0.127023366,1.7923555103,2.358484491,4.5129613508,5.7493274923,6.3791518593,6.4527505163,5.287080105
28FEB1991,cret,-0.691462036,5.0821008596,0.0562013025,2.0635090768,2.8101745501,5.0384327139,6.2015760318,6.8052400652,6.9759071792,5.6548554363
31MAR1991,cret,-0.671732916,5.0704648329,0.1416829847,2.2092208364,3.0391268083,5.2335886917,6.415938134,7.0898406766,7.17697816,5.8589512268
30APR1991,cret,-0.68174537,5.1485027338,0.1650427795,2.1489950787,2.9781626187,5.2293241197,6.3415747915,7.1439212937,7.165940717,5.8735327561
31MAY1991,cret,-0.678458233,5.1474880184,0.1580269789,2.3632947651,3.2337646062,5.5818397046,6.7672646496,7.6353650797,7.4651216332,6.0581219375
30JUN1991,cret,-0.705249816,5.0643094551,0.0758422076,2.1699758708,2.9506404213,5.2850568227,6.3057667171,7.2283652815,7.0773245055,5.8313091345
31JUL1991,cret,-0.689516782,5.3216457357,0.1390296536,2.361639765,3.197882796,5.7365043855,6.5047946074,7.6117698991,7.4027406324,6.0873236753
31AUG1991,cret,-0.672924611,5.4136588641,0.1973865432,2.6020280361,3.4720411333,6.0148788286,6.7688861552,7.7854686972,7.6219506479,6.209883675
30SEP1991,cret,-0.676847336,5.5690784675,0.2081856301,2.6162299131,3.3862904796,5.8265119753,6.6506771376,7.6079494268,7.4228225958,6.1854591998
31OCT1991,cret,-0.667076407,5.6705305499,0.2767548423,2.8636488379,3.4348199704,6.096548886,6.7050091456,7.7413305203,7.4598457687,6.3067854984
30NOV1991,cret,-0.682837239,5.5923913105,0.1958509973,2.6611778644,3.177186325,5.6985477326,6.4089935815,7.3008558621,7.1563785989,6.1034066125
31DEC1991,cret,-0.676360388,6.0234701932,0.2872262292,3.0939584619,3.5820629718,6.4138201853,7.1842747331,8.3178259777,7.8942655376,6.8185174175
31JAN1992,cret,-0.617701704,5.8886056411,0.4637145319,3.498195976,3.9645619324,6.8331481652,7.1845107981,8.455726562,7.7211185003,6.678504485
29FEB1992,cret,-0.599462987,5.8742571931,0.5011643385,3.6467786459,4.1556180816,7.1402442316,7.5238057382,8.6279676518,7.9425844568,6.6941821473
31MAR1992,cret,-0.620908389,5.826748937,0.5121165497,3.4764848528,3.9620799236,6.8368597552,7.2660962506,8.3775010959,7.7324913735,6.5459216131
30APR1992,cret,-0.654269717,6.0140655047,0.3779516468,3.1364399051,3.7683510999,6.6378362033,7.1540359256,8.3741737879,7.8219648858,6.7178140554
31MAY1992,cret,-0.664387176,6.0780924265,0.37546826,3.2556054103,3.8678454309,6.6127984503,7.105020416,8.386478875,7.8857764861,6.7597308273
30JUN1992,cret,-0.685368765,6.0577343565,0.287752748,3.0163241092,3.6229337059,6.5093904497,6.8153827055,8.2723874257,7.7058664225,6.6234962986
31JUL1992,cret,-0.674296123,6.3220954835,0.3118806295,3.0680507349,3.8217436348,6.7987012395,7.0750679957,8.5344172813,7.9910816542,6.9173836363
31AUG1992,cret,-0.697923134,6.2494454614,0.2170062152,2.9376194381,3.7182311185,6.4511051991,6.9410321937,8.2648046555,7.6248651779,6.7947501404
30SEP1992,cret,-0.698936502,6.3413542644,0.2474301802,3.0851410855,3.8465919741,6.4989885227,7.1271412415,8.3830967597,7.7053762791,6.8807528635
31OCT1992,cret,-0.69017515,6.313768719,0.2856174438,3.2832002985,4.1946058936,6.6930376569,7.3398813101,8.7317458537,7.8870598173,6.948611138
30NOV1992,cret,-0.669160565,6.4940624906,0.4045868282,3.5567344934,4.8264111487,7.3881913234,7.8838537971,9.3440010879,8.3662577819,7.1715533484
31DEC1992,cret,-0.654096254,6.6560984681,0.4073143628,3.6000865981,4.9344869825,7.5421850408,8.2580303587,9.6464054254,8.4086882613,7.222010815
31JAN1993,cret,-0.623096814,6.6538574426,0.4587569845,3.8104514992,4.9995648142,8.0458662956,8.4942144043,9.8433818435,8.6870912821,7.2732064461
28FEB1993,cret,-0.618639784,6.7637468936,0.4141700102,3.6364687138,4.9359344605,7.9769125988,8.2804238185,9.6828908112,8.7153124866,7.3191900306
31MAR1993,cret,-0.628130373,6.9507388553,0.4621924315,3.7827534918,5.1025952689,8.1790957773,8.6831947138,10.044089146,8.8387098193,7.4478457785
30APR1993,cret,-0.634580612,6.8588223306,0.4112068165,3.6533217955,4.9427420524,7.620762544,8.6031664389,9.8919141783,8.6181673458,7.0660372232
31MAY1993,cret,-0.612516005,6.9836850044,0.5092603717,3.9582561258,5.3611792546,8.123111115,8.9826949906,10.335955004,8.9018488025,7.2209137402
30JUN1993,cret,-0.620915463,7.0378034204,0.5200922142,3.9412219964,5.3963336882,8.2056809269,8.9019442668,10.514063062,8.9119544017,7.2493735073
31JUL1993,cret,-0.613279958,7.0787903483,0.4963172145,3.9866241949,5.4162999788,8.1049540572,8.7963031541,10.582901744,8.7701743291,7.2149303191
31AUG1993,cret,-0.60661698,7.3348671967,0.5652180651,4.2080898812,5.8466240885,8.5763310779,9.0624483365,10.969206084,9.1596979299,7.4848524332
30SEP1993,cret,-0.59038286,7.334220111,0.6231347363,4.3113674745,6.0004166042,8.8034830589,9.1149160086,10.939085349,9.0390284676,7.5126238033
31OCT1993,cret,-0.556792415,7.4194016535,0.6713161099,4.5651820688,6.0571361546,9.1231450239,9.469626788,10.950969739,9.1816510531,7.6526664693
30NOV1993,cret,-0.575177324,7.2240276012,0.631172022,4.4283591691,5.8206683701,8.8064656209,9.1982644288,10.79602136,9.2524500552,7.569700812
31DEC1993,cret,-0.591818915,7.3608930194,0.614863347,4.5057733817,6.0337192179,8.9359873304,9.4713379214,11.137766296,9.3246428076,7.7275926107
31JAN1994,cret,-0.572990074,7.5539231196,0.6638289092,4.8094864031,6.3240006701,9.3660783023,9.8914634562,11.413266967,9.6552289788,8.0022489105
28FEB1994,cret,-0.577597153,7.3918146456,0.6716717114,4.6868336247,6.2048607173,9.1096704265,9.7472371094,11.179755496,9.4171828654,7.7692043307
31MAR1994,cret,-0.617761703,7.114819992,0.563929172,4.3107016227,5.869485396,8.3622734155,9.2125546091,10.692341351,8.9054696617,7.4400716207
30APR1994,cret,-0.636200884,7.2343819737,0.5118893932,4.0194225717,5.7894251959,8.167092214,9.2170708389,10.882002342,8.9832570635,7.5225082426
31MAY1994,cret,-0.643512602,7.2841931387,0.5521082204,4.0442394352,5.5322529998,8.0964778655,9.3718257286,11.075651004,9.016139192,7.6522182324
30JUN1994,cret,-0.67195302,7.1109857008,0.4554512965,3.7439617817,5.1060335122,7.9401763561,8.9892706949,10.830467998,8.8232680773,7.4479785712
31JUL1994,cret,-0.676606122,7.338829995,0.4528478135,3.8801361979,5.1922428806,8.2150323544,9.2392541286,11.101572913,9.1195799346,7.7027306633
31AUG1994,cret,-0.658118164,7.5844225842,0.5484161568,4.2342348235,5.7943970728,8.9786929661,9.8525623951,11.681008908,9.4594345482,8.024913795
30SEP1994,cret,-0.657904528,7.3393529295,0.5576510194,4.1564368533,5.8177424392,8.901017172,9.7439200725,11.64634857,9.2512628626,7.8941605406
31OCT1994,cret,-0.658134333,7.5005068056,0.5870846952,4.1907565107,5.8905968179,9.1154713735,9.8865407645,11.811577859,9.2980255347,8.0670413053
30NOV1994,cret,-0.674742115,7.2764419901,0.5219779819,3.9996306348,5.7151450923,8.7683455939,9.4543780628,11.274836944,8.7833158414,7.8688700372
31DEC1994,cret,-0.689848612,7.3754501256,0.4983690251,3.8596769109,5.617082897,8.7697659582,9.5480817918,11.523516638,8.8795382409,8.025717754
31JAN1995,cret,-0.685913344,7.6524401468,0.4865450205,3.7991423848,5.5112205841,8.6726050982,9.4962953294,11.552550468,8.9614491833,8.2297431204
28FEB1995,cret,-0.673450047,7.9556167557,0.5089704751,3.9570446126,5.9272919081,9.0060025278,9.8839357528,11.932311447,9.4262115581,8.5298772284
31MAR1995,cret,-0.673293387,8.1309031024,0.5545893381,4.1281799093,6.1414938576,9.2531404938,10.370788011,12.229608857,9.7163144728,8.7569139285
30APR1995,cret,-0.657526497,8.3088990322,0.5899200611,4.1554729943,6.3425815162,9.4428432703,10.175380603,12.591487236,10.174499967,8.9779583656
31MAY1995,cret,-0.652689256,8.672241616,0.6185831424,4.2348284774,6.5279981878,9.7513462135,10.354546368,13.095694804,10.525417343,9.2507021847
30JUN1995,cret,-0.621714491,8.8193273371,0.7672249727,4.5915826452,7.0917565362,10.55297195,10.902023926,13.596442921,10.794082269,9.4934168855
31JUL1995,cret,-0.58975953,9.0331139798,0.9446147921,4.9309749387,7.7544753117,11.426347504,11.666528036,14.536864093,11.293434124,9.7731011657
31AUG1995,cret,-0.582290954,9.1061629875,0.9792082841,5.0192463679,8.0397137846,11.369085391,11.954397583,14.750557596,11.462271576,9.8263198882
30SEP1995,cret,-0.578998613,9.5593427915,1.0114292016,5.2562477835,8.2268518371,11.861532679,12.162607375,14.951726759,11.662763089,10.292678417
31OCT1995,cret,-0.607973697,9.4479723429,0.9740378361,5.0748925085,7.8380631049,11.819268291,12.020561712,14.718813873,11.432415962,10.325784745
30NOV1995,cret,-0.596999802,9.9063742857,0.9841397387,5.3667293834,7.9177135661,12.282167072,12.265087657,15.233782102,11.910238162,10.923924361
31DEC1995,cret,-0.603926984,10.198218239,0.8529273723,5.0639183785,7.7505940949,12.300366616,12.08424048,15.299941707,12.115537274,11.291709276
31JAN1996,cret,-0.625191885,10.683215628,0.8896889299,4.9094861299,7.9517179119,12.604848565,12.22494981,15.694035746,12.243513004,11.635112316
29FEB1996,cret,-0.62395807,10.761920156,0.9752467529,5.1190722194,8.4430651086,12.942802538,12.491587121,16.020922583,12.446612474,11.766059505
31MAR1996,cret,-0.627170122,10.972785714,0.9848323693,5.1023829165,8.3824521747,13.120541937,12.714618558,16.316177227,12.569843949,11.819580775
30APR1996,cret,-0.578058198,10.945884521,1.1737595796,5.6037213469,9.1561034282,14.056257787,13.243811069,17.142185674,12.68669725,11.979354889
31MAY1996,cret,-0.543575565,11.267597752,1.3251173287,5.9218135934,9.4684672347,14.817223284,13.485419268,17.463624761,12.993174021,12.243433126
30JUN1996,cret,-0.606273246,11.355451389,1.1104902642,5.425394685,8.6371730928,14.048960563,13.269145971,17.323212474,12.832206831,12.357259161
31JUL1996,cret,-0.678444119,10.945035382,0.8092095399,4.4561566381,7.6308255564,12.907487878,12.336652868,15.986434154,12.22554525,11.802953716
31AUG1996,cret,-0.655134701,11.068504035,0.9299050001,4.747042041,7.9388070886,13.570347997,13.151956566,16.706876661,12.544514247,12.200396207
30SEP1996,cret,-0.628054782,11.566718489,1.1009223869,5.1200002745,8.4895416413,14.851923033,13.682432739,17.913389576,13.240780614,12.814263866
31OCT1996,cret,-0.659564799,12.013561522,1.007658844,4.8002340963,7.9943476714,15.127110908,13.160345653,17.92400343,13.443625165,13.060852797
30NOV1996,cret,-0.658376242,12.749871371,1.0914001873,5.1358708677,8.3868449728,16.234399151,14.331872806,19.064443669,14.350266292,14.025214865
31DEC1996,cret,-0.664866321,12.706438675,1.0717498411,5.0584509123,8.2262760096,15.628088123,14.002062447,18.688823748,14.285658033,13.817538855
31JAN1997,cret,-0.647322636,13.194392562,1.1742450728,5.2829935266,8.7711496715,16.953984952,15.392074904,19.332776512,15.028948591,14.566756703
28FEB1997,cret,-0.66032307,13.537846438,1.0030293824,4.9163023357,8.0795157694,16.701841441,14.49333157,19.127338164,15.115492351,14.800849844
31MAR1997,cret,-0.692041807,13.325385758,0.8016407415,4.5133768227,7.4869544079,15.786379384,13.557906657,17.975604991,14.444116485,14.074493333
30APR1997,cret,-0.711524466,13.873939712,0.8060519794,4.5202611573,7.5991446492,15.971872598,14.541440405,19.254192657,15.312674086,14.488562711
31MAY1997,cret,-0.673991915,14.792732064,1.1404351117,5.2447876285,8.1608889145,18.025984926,16.066203115,20.678082311,16.112467175,15.25874021
30JUN1997,cret,-0.668762057,15.546665461,1.2685835186,5.3636236307,8.4783385518,18.419478481,16.339484301,21.739847298,16.923017224,15.953990121
31JUL1997,cret,-0.659828333,16.698099448,1.3342425509,5.5484928969,9.1258884138,20.43871864,17.724205463,23.774041426,17.872344925,17.395716629
31AUG1997,cret,-0.647477609,15.838763439,1.4045533864,5.711960952,8.921435278,19.570627077,17.063008344,23.003087134,17.266150386,16.527576213
30SEP1997,cret,-0.624754144,16.752475156,1.5263067564,6.0468511744,9.7663213203,20.977271722,18.074184644,24.86316137,18.051014074,17.484250161
31OCT1997,cret,-0.643922565,16.458732516,1.3585816055,5.6305054702,9.0422927778,20.181521472,17.344304046,24.250259245,17.331556039,16.949416677
30NOV1997,cret,-0.637746987,17.129969202,1.3366757467,5.8173238132,9.0485287386,21.679289975,17.787596341,24.749570542,17.928475146,17.572879724
31DEC1997,cret,-0.661947158,17.872033413,1.3383523093,5.6811395841,9.0112518329,22.054124226,17.824802992,25.225092575,18.405326645,17.907291054
31JAN1998,cret,-0.668675084,17.653342448,1.3324964391,5.4937022607,8.7831800569,22.523847211,17.563830072,26.012610589,18.814164452,17.982865123
28FEB1998,cret,-0.651042776,18.829159318,1.4878255149,6.1198913187,9.5743915213,24.706413064,18.855745991,28.139143796,20.208179506,19.2257577
31MAR1998,cret,-0.633501684,20.046314779,1.6746658802,6.4425998836,9.60146173,25.837262978,20.069874772,29.257675255,21.056249697,20.29947135
30APR1998,cret,-0.62760885,20.373875889,1.7289205054,6.6481380833,9.8070924325,25.934047942,20.598588549,29.285132799,21.512549619,20.36068815
31MAY1998,cret,-0.639488144,20.041364809,1.4601477743,6.1462395362,8.9195817254,24.440373636,20.274031302,28.370550891,21.152414371,20.236809652
30JUN1998,cret,-0.631622594,20.037198848,1.4198277895,6.1975261344,9.2739722764,25.49666933,20.568590201,29.197458363,22.398239573,21.272048317
31JUL1998,cret,-0.662221596,19.22718257,1.2675451047,5.6437520945,8.7477432456,25.507442113,20.520298508,28.967012698,22.162186312,20.693309966
31AUG1998,cret,-0.760472706,17.250360082,0.6712345062,4.0815424607,6.6568985221,19.608956505,16.960431502,24.369568008,18.911307485,17.750925834
30SEP1998,cret,-0.74336287,18.46208349,0.8471461927,4.6118535384,7.2636403016,21.680601378,18.327893142,25.147334635,20.022543167,19.016490083
31OCT1998,cret,-0.730310367,19.121914689,0.9368006962,4.9797757382,8.1758522278,23.87376374,20.015182867,27.630494017,21.05521206,20.407200303
30NOV1998,cret,-0.705256811,20.158647991,1.1253532325,5.7559419635,8.518187209,25.954329424,21.314823174,29.984283544,22.504412466,21.519555926
31DEC1998,cret,-0.684259644,21.360050653,1.3701710326,6.3931826895,10.340759739,26.813548937,22.56954122,32.662726365,23.824742259,22.691600207
31JAN1999,cret,-0.581878204,20.787212233,1.6205713344,7.6031508071,11.779975466,27.194626653,23.654143491,36.614307373,24.193110818,22.70846126
28FEB1999,cret,-0.614094239,20.281208691,1.3359566146,7.1152482469,10.875811058,26.091024017,22.411041217,33.906125406,24.10522739,22.227647742
31MAR1999,cret,-0.584726985,20.46815006,1.6646971572,6.9182284878,12.781974202,27.935755184,23.241854303,34.995997714,25.237788217,22.356425864
30APR1999,cret,-0.525624595,21.602287442,2.0142922038,7.9444122482,13.412943915,29.323882489,24.865533538,35.649535958,26.326576496,22.947684164
31MAY1999,cret,-0.567427669,21.527168799,1.914524905,7.8735821508,13.762834338,28.014180771,24.679424592,34.533777442,25.828052091,22.254362794
30JUN1999,cret,-0.561711672,21.850703569,2.0411131868,8.5396553848,14.542501487,29.365270101,26.777843128,36.643801541,27.197505012,23.531383952
31JUL1999,cret,-0.596617112,21.224854038,1.8325460226,7.8655102364,13.979174106,28.857683805,26.281537782,35.146852378,26.372373711,22.920695211
31AUG1999,cret,-0.598336393,20.917143516,1.970065065,7.8216814485,14.080336978,30.919347237,25.675875278,35.053682732,25.831980348,22.242184858
30SEP1999,cret,-0.59582788,19.937847252,1.97537408,8.1153024907,14.491109681,31.074196487,25.046936148,33.53376914,25.032744262,21.343893257
31OCT1999,cret,-0.577932357,21.482153057,2.2126637926,9.3594050499,15.510681769,33.94772801,26.438268136,35.793229989,26.082900621,22.793517372
30NOV1999,cret,-0.516944041,20.952540021,2.6789301888,10.530545988,16.2892593,35.101409902,26.900942101,37.212978996,26.616766383,23.721696671
31DEC1999,cret,-0.384780613,20.430067562,3.3829247703,13.846814994,17.25957504,41.943143349,29.596248166,40.147521428,28.193345602,25.049151015
31JAN2000,cret,-0.460383146,20.053571175,3.0295016395,13.125690233,17.572835044,39.320282172,29.149434138,38.211512805,25.987874811,24.286164332
29FEB2000,cret,-0.297084257,18.795863527,4.3188336326,15.488425829,20.936279832,42.266263933,30.210820495,36.189505505,25.28666964,22.746400252
31MAR2000,cret,-0.469129607,20.574219182,3.369335827,14.51797903,20.986072514,43.896638259,32.055436772,38.847912837,28.80623074,25.193271301
30APR2000,cret,-0.586787498,19.961338068,2.4301037878,12.454681235,18.852201857,41.11553256,30.442636255,36.215512241,28.20993616,25.793861339
31MAY2000,cret,-0.658282333,20.781500092,1.9618770923,10.494617849,17.265627547,37.061260925,29.4575701,36.507711447,28.380139445,25.588621949
30JUN2000,cret,-0.553787946,20.568220806,2.4745555137,12.94012075,19.726611052,40.650929543,30.134240247,37.461900599,29.270859441,24.875066157
31JUL2000,cret,-0.608455806,20.949774301,2.1796389395,12.250050992,18.055954562,39.96490394,29.722716635,36.555468934,28.613406278,25.152779205
31AUG2000,cret,-0.547885053,22.185916958,2.5482418079,14.082410721,19.767775561,42.526094953,31.732947597,39.511370555,30.770003244,26.480261515
30SEP2000,cret,-0.598951189,22.947026419,2.100302793,12.680227558,18.523168415,38.256170898,29.968050631,37.061554319,27.586949285,26.398785015
31OCT2000,cret,-0.662453095,22.532485872,1.6223409723,11.219573241,15.989611193,38.27145421,28.923933828,36.583039243,27.839631011,26.703808252
30NOV2000,cret,-0.765965334,22.787477212,0.9798821161,7.5702799901,12.145768792,30.968695973,25.658563087,33.893046375,27.605989264,26.609819219
31DEC2000,cret,-0.777136482,23.322757911,0.9810115823,7.743859291,12.259958586,30.683612945,24.105448284,35.455944531,29.008302571,27.264292891
31JAN2001,cret,-0.750223447,21.819783041,1.0983533383,8.9217362739,14.074714351,32.761337354,26.572744993,40.403817692,30.719967212,26.671174849
28FEB2001,cret,-0.844174671,21.732926715,0.3909337599,5.8149917732,10.656220847,28.039690685,23.717148856,38.285010756,29.987402473,26.912547246
31MAR2001,cret,-0.883828715,20.871069983,0.1731860598,4.3273839594,9.3718091971,25.05307259,21.756868523,35.160986011,28.541045923,25.85428556
30APR2001,cret,-0.871211928,21.910170249,0.4849268964,5.2380775678,11.056136564,28.116578892,24.6950001,37.619843894,30.038994111,26.806027822
31MAY2001,cret,-0.878002959,22.385692046,0.3726700751,4.977304597,10.833809897,29.538358866,25.213939447,38.293384498,30.429943121,27.476959779
30JUN2001,cret,-0.88022341,22.314878382,0.3586089913,4.9781122062,11.131841107,28.977797396,24.850730363,36.851604363,30.06042001,26.649176523
31JUL2001,cret,-0.903309774,22.943295072,0.1613996713,4.4884368408,10.376861457,26.783135587,23.526645095,34.963169602,29.817853764,26.415423979
31AUG2001,cret,-0.914004695,22.628174049,0.0197832941,3.9435348501,8.9649155236,23.75356758,21.516318971,33.366575942,28.785836836,25.240917828
30SEP2001,cret,-0.93275444,21.990999538,-0.237439059,2.7684844415,7.138938958,18.803607063,17.483160461,29.223997198,26.294918462,24.087644659
31OCT2001,cret,-0.926312481,21.719571897,-0.16216249,2.8503622099,7.8487480691,20.04655499,18.190053143,29.32382194,26.904219511,24.191251267
30NOV2001,cret,-0.913577278,22.34502993,-0.004631829,3.4278105095,9.2352543513,22.184222375,20.893240705,32.509350218,29.059970522,25.643344984
31DEC2001,cret,-0.906203386,22.421883166,0.0194102402,3.5688463788,9.144361916,22.896440043,21.213882762,32.440670758,30.087707308,26.284074797
31JAN2002,cret,-0.912617904,22.445357955,-0.029408172,3.7791618592,8.6381901147,22.684227344,20.564578312,32.689526515,28.997126393,25.90958305
28FEB2002,cret,-0.921696426,22.75754671,-0.218365746,3.2088260387,7.3066912677,20.39623614,19.492123173,32.001414958,29.313207876,25.747992399
31MAR2002,cret,-0.909782835,23.275712512,-0.162168008,3.716395162,7.8270974451,22.317543467,20.330171316,33.273204374,30.345327467,26.75659101
30APR2002,cret,-0.916455705,22.851305697,-0.293052098,3.1416912706,7.2020854719,21.30224349,19.823280843,30.378967334,28.39672567,25.90053345
31MAY2002,cret,-0.924086285,22.771277795,-0.337783822,2.8379653631,6.5376451842,20.569167915,19.911351068,29.993514851,27.905870676,25.99227051
30JUN2002,cret,-0.93534987,21.560007333,-0.430049117,2.4089817924,5.7883868223,18.128467302,18.190096869,28.543350594,26.215067058,25.167553393
31JUL2002,cret,-0.950534968,20.288239516,-0.515022666,1.9463426284,4.7942218215,16.344055098,16.370867945,26.405962405,23.717214786,23.861707484
31AUG2002,cret,-0.94602112,20.823737907,-0.509363915,1.9593708605,4.8022492117,15.967351903,16.52024623,26.920117909,24.086632914,24.210361843
30SEP2002,cret,-0.957502088,19.963534066,-0.582837521,1.6337795171,3.9676739329,14.058695529,14.654816177,24.147212297,21.381034585,22.228004905
31OCT2002,cret,-0.955194993,20.036985554,-0.521040157,1.8121529595,4.6737292219,15.592906891,16.364085383,26.187121558,23.481815296,23.247016826
30NOV2002,cret,-0.940498883,19.599721359,-0.412054821,2.2603504167,5.2438865664,17.50842362,17.773254728,27.301607353,24.047715423,23.485284921
31DEC2002,cret,-0.950100886,19.556684887,-0.503550643,1.8373824096,4.4627944971,15.748662965,16.112051471,25.492515265,23.073433494,22.780645519
31JAN2003,cret,-0.949288029,19.193521854,-0.509894565,1.7753643081,4.4072569755,15.600104102,15.457161263,24.280234618,22.594838891,22.326482156
28FEB2003,cret,-0.951087143,18.748108759,-0.510028435,1.5990799759,4.3901114617,15.142089399,15.046503433,23.923008859,22.406873018,21.872039857
31MAR2003,cret,-0.947976303,18.940935328,-0.506258433,1.6310470176,4.3521396254,15.246978879,15.118444861,23.90109179,23.029567358,22.110087956
30APR2003,cret,-0.938695714,19.383740695,-0.417546242,2.0026241066,4.9831317711,17.088831368,16.697023124,25.853006378,24.029781953,23.456913553
31MAY2003,cret,-0.925147767,20.282526381,-0.309644396,2.3084981581,5.7271376222,18.623364123,17.926738917,27.059673713,25.314340726,24.387661655
30JUN2003,cret,-0.918333272,20.575781706,-0.285578867,2.4454234282,5.8646013159,19.003696205,18.159496948,27.278927826,25.668258265,24.691699995
31JUL2003,cret,-0.913000201,20.670403098,-0.222439358,2.6449103618,6.0168165953,19.534128903,18.664972376,28.115181309,26.877774763,25.261972682
31AUG2003,cret,-0.906876137,20.984229009,-0.165300494,2.9085234917,6.6460778815,20.712593554,19.72474033,28.600883487,27.323445094,25.378292575
30SEP2003,cret,-0.909285092,21.011555304,-0.176302186,2.806585206,6.4317304832,19.864860359,19.268544645,28.630297193,26.651350769,25.073978818
31OCT2003,cret,-0.899282694,22.01973063,-0.101818071,3.1709968653,7.2120408521,21.378029382,21.381765858,29.759180678,27.842888436,26.708050907
30NOV2003,cret,-0.897083767,22.280423849,-0.078942113,3.3009783561,7.5615076636,21.952590342,22.21764739,30.310244766,28.156728245,26.683641595
31DEC2003,cret,-0.893535907,23.477366748,-0.079147898,3.3702201415,7.8442770007,22.69387825,23.118698566,31.36287476,29.706663793,27.782274648
31JAN2004,cret,-0.886199644,23.842908455,-0.044968122,3.5947816965,8.5784077719,23.53906475,24.096172389,31.84906578,30.369870174,28.222890386
29FEB2004,cret,-0.885413175,24.538543671,-0.033039121,3.6152658913,8.2811310941,23.803743295,24.459809178,31.925063008,30.661021302,28.871665167
31MAR2004,cret,-0.887242033,24.075868387,-0.036220736,3.5273447647,8.3034252789,23.589630975,24.262927476,31.437139415,30.705564429,28.469876205
30APR2004,cret,-0.894701167,24.040769136,-0.091086971,3.2702465568,7.7804395446,23.195842201,22.936730869,30.220914512,30.871183806,27.97979265
31MAY2004,cret,-0.886042385,24.127125131,-0.068449599,3.3943574283,7.9027470994,23.562677918,23.086025605,31.028698695,31.254349232,28.239931408
30JUN2004,cret,-0.884359231,24.605675777,-0.069592674,3.5305633899,8.1792488219,24.002489718,23.630057955,31.657798801,31.935853141,28.692254372
31JUL2004,cret,-0.894389714,24.228961491,-0.174937084,3.1228162673,7.3330051941,21.83269811,21.691276037,29.990093768,30.531821775,27.709710225
31AUG2004,cret,-0.89821518,24.607934269,-0.184061013,3.1171678596,7.3155033982,21.098502057,21.386700307,29.289383584,30.938905823,27.66667958
30SEP2004,cret,-0.893530791,24.494893313,-0.138520951,3.3112261214,7.7798242756,22.314338742,22.431595474,30.334549081,31.799451988,28.028034907
31OCT2004,cret,-0.891536779,24.652734175,-0.077534655,3.45107632,8.1595770955,22.82246637,22.828421665,30.955298462,32.58375926,28.319300754
30NOV2004,cret,-0.878802227,25.564579481,0.0042613333,3.6186054293,8.8724674796,24.630547574,23.904131108,32.241923926,33.514188788,29.736031463
31DEC2004,cret,-0.869175017,26.438904835,0.0395638469,3.8521322664,9.3603834419,26.27599061,24.892467803,33.34878493,34.654380714,30.540247788
31JAN2005,cret,-0.877029208,26.041414244,0.0002963856,3.6919284307,8.8037740197,25.262527003,23.666796701,32.146127103,33.712287964,30.057323404
28FEB2005,cret,-0.874982693,26.618990739,0.0242357595,3.8593644207,8.9467556308,25.153878946,24.677893375,32.651290304,34.286351889,30.665880628
31MAR2005,cret,-0.877885663,26.198245751,-0.004595563,3.7472468731,8.6453222392,23.709759956,24.057611863,31.885495389,34.062030595,30.533084586
30APR2005,cret,-0.875757253,25.915785515,-0.077118106,3.4853145039,8.1266650039,22.320545098,23.037730781,31.03813286,33.062211174,30.0611869
31MAY2005,cret,-0.864072266,26.348925662,-0.018134502,3.7944938976,8.7174599921,23.664582241,23.842143833,31.929672252,34.925491179,31.221694082
30JUN2005,cret,-0.855549903,26.123184866,-0.004490418,3.8422549648,9.0258497078,24.401162071,24.447786266,32.470402611,35.109629254,31.849925168
31JUL2005,cret,-0.849559869,26.697058291,0.0520647041,4.1284409556,9.6535232731,26.199981498,26.032693251,34.614725643,36.784541419,33.412972961
31AUG2005,cret,-0.85202525,26.428537286,0.0547854135,4.0513131371,9.8868115321,26.588846616,25.948538879,34.100263642,36.159905304,32.958191274
30SEP2005,cret,-0.846891353,26.418386565,0.0727453068,4.1600411131,10.301601056,27.224570634,26.129627861,34.413551515,36.414819476,33.204735138
31OCT2005,cret,-0.850739863,26.133704079,0.0573976869,4.0329867329,9.8483399789,26.310194996,25.778354979,33.309076688,36.136789531,32.76602491
30NOV2005,cret,-0.842006124,27.052465217,0.1301149413,4.3200407192,10.057365271,27.253992573,26.722240263,34.098955274,37.688380858,34.449414313
31DEC2005,cret,-0.840257831,27.146980628,0.1237274515,4.3615152854,10.156453688,27.316596486,26.608764851,34.183049861,37.641537534,34.272670147
31JAN2006,cret,-0.823621264,27.3214834,0.2235780846,4.8550421661,10.761503113,29.027770543,28.554221563,35.671667226,39.254667365,34.793314794
28FEB2006,cret,-0.82685797,27.731778439,0.1957109958,4.5731348369,10.321584801,28.340506046,28.129940125,35.792786669,39.98669384,35.27569641
31MAR2006,cret,-0.816998086,28.034946635,0.2404132563,4.680474603,11.020507748,28.778041175,28.937024545,36.537196997,40.266654824,35.803589421
30APR2006,cret,-0.813305343,28.456058973,0.2453191289,4.7441120731,11.268705089,28.567425675,29.271810431,36.975255098,40.349553937,36.19183628
31MAY2006,cret,-0.822445668,28.017147935,0.1833488113,4.4340806833,10.645672824,27.504810099,28.074901686,35.056670327,39.504935255,35.293810471
30JUN2006,cret,-0.82656019,27.888518234,0.1966337858,4.402400933,10.649171541,27.556350857,28.510263622,35.316235483,39.368107498,35.385386162
31JUL2006,cret,-0.83506695,28.300555164,0.1505337199,4.0273640434,9.9123104477,26.709272403,27.588942789,34.737303692,39.349544633,36.180455671
31AUG2006,cret,-0.83136136,29.291858725,0.1608265744,4.1252304402,10.233355526,27.503014124,28.584804986,35.068273682,39.574799284,37.111664465
30SEP2006,cret,-0.826101879,29.787602793,0.1767844583,4.1955537322,10.64814794,28.207048965,29.172100523,35.545905503,40.680997955,38.247305248
31OCT2006,cret,-0.817324741,30.290172598,0.236592824,4.4058363075,11.200780798,29.613061215,30.842550529,37.293451225,42.096402463,39.813364109
30NOV2006,cret,-0.810901093,30.468021811,0.2681449724,4.6591474447,11.614050546,30.509142793,31.775406392,38.132413165,43.022386843,40.828797568
31DEC2006,cret,-0.813521089,31.281530938,0.2621028015,4.6362717265,11.52317781,30.422928373,31.670641015,38.037579145,43.467577774,41.700245284
31JAN2007,cret,-0.81268407,31.752520119,0.3430377027,4.8230427275,11.917358906,30.905949812,31.89859301,38.7152185,44.818462085,42.325303693
28FEB2007,cret,-0.817162737,31.297144215,0.3388248021,4.8312481542,11.735986567,30.290269375,31.197790051,38.605959615,44.038916933,41.457290224
31MAR2007,cret,-0.813538758,31.546073603,0.3399094902,4.9205151219,11.839988935,30.511912433,31.562104062,39.267529656,44.990292173,41.751245961
30APR2007,cret,-0.808282519,32.780677412,0.375891506,5.0756156123,12.417701266,32.10180193,32.991190752,40.573747321,46.477672487,43.682600366
31MAY2007,cret,-0.800588874,33.895801694,0.4211244838,5.3483900468,13.185142256,32.963561064,34.561221733,42.16263196,47.711798546,45.161588934
30JUN2007,cret,-0.8002798,33.22822616,0.3960156694,5.3011641253,13.039732745,32.163646913,34.350240565,41.487848323,47.245436456,44.270080971
31JUL2007,cret,-0.809826322,32.101048851,0.335863949,5.1410189022,12.562511731,31.054290008,33.659496063,39.408407883,45.98527681,42.781554901
31AUG2007,cret,-0.807160539,32.638758572,0.3276310266,5.2342996866,12.702678737,31.170797296,34.185268166,39.99663277,46.223370799,43.823644455
30SEP2007,cret,-0.803401321,33.829894484,0.3529619378,5.3387570498,13.02073504,32.630462901,35.116395261,41.386099101,48.060957704,45.522903392
31OCT2007,cret,-0.804283636,35.114091365,0.364812362,5.6712015672,13.740977038,32.598373467,35.945917759,42.23641596,48.499459358,45.782622098
30NOV2007,cret,-0.815654113,34.098382213,0.2593598335,5.2072507924,12.712582571,29.64293527,33.115407916,39.75481562,46.075048686,44.931473644
31DEC2007,cret,-0.815331216,33.826415355,0.292513621,5.0934188711,12.273410378,29.108943864,32.252211383,40.187038095,45.443289559,45.391583421
31JAN2008,cret,-0.831007968,31.822207209,0.2110943076,4.4917538041,11.405094902,26.990903594,30.225858225,37.286382313,41.560897772,43.705012834
29FEB2008,cret,-0.846636754,31.882618387,0.1524302731,3.9915508153,10.671957019,25.530419599,29.54595641,37.030207898,39.781412291,42.449203484
31MAR2008,cret,-0.845593457,32.172525192,0.1024420937,3.8765343959,10.331816964,24.98883701,28.786496799,36.518130916,39.827370455,41.80886609
30APR2008,cret,-0.83398372,32.821562655,0.2171940468,4.2782583548,10.762373761,26.582007116,31.82691254,37.348800417,41.919630194,43.815892218
31MAY2008,cret,-0.832570606,33.325678884,0.1912715561,4.1249409142,10.814842331,26.843259956,32.801762857,38.985396914,43.824418053,45.080098586
30JUN2008,cret,-0.835752384,31.262460902,0.1409954868,3.6598389325,9.8835155061,24.291286683,28.866126266,35.73027299,39.532041868,41.067639724
31JUL2008,cret,-0.838608702,32.203606845,0.0724012185,3.3398530645,9.1945475405,23.008160836,27.856243343,35.308694084,39.496558225,41.855162509
31AUG2008,cret,-0.841555974,33.093244228,0.080311743,3.348657261,8.9308164305,23.318553911,28.190945749,36.075402045,40.385329031,42.710933394
30SEP2008,cret,-0.874204456,31.100000916,-0.250876868,2.6964484991,7.5283648037,19.791518738,26.054527854,32.020079652,36.845436256,39.742495074
31OCT2008,cret,-0.904483314,26.94147428,-0.408026595,1.8411977091,5.6692910465,14.839380755,20.954588548,26.59870679,30.419121452,34.951205416
30NOV2008,cret,-0.921740677,24.739835574,-0.48710984,1.6228029146,4.9358537452,14.253188643,19.235017742,24.092859661,28.580482528,32.796995489
31DEC2008,cret,-0.924147264,25.367628409,-0.483529911,1.7002615596,5.0287436796,14.785649592,19.027465045,24.348772361,29.145650573,33.656453557
31JAN2009,cret,-0.935884861,24.071453923,-0.537788917,1.2247874673,4.0141305163,11.754285187,16.668289557,22.018118143,27.130312066,31.873568994
28FEB2009,cret,-0.952947668,21.985536739,-0.599462596,1.030088701,3.4692495718,11.054128244,14.903923542,19.731826974,23.970679095,28.684190152
31MAR2009,cret,-0.935126241,23.086051072,-0.537481717,1.3650461388,4.0301612826,12.643171854,16.566300514,21.729062807,26.293140162,31.031760415
30APR2009,cret,-0.915138889,23.498345123,-0.386954023,2.0257222592,4.8717971802,15.08499987,19.171240603,24.533590523,29.94988277,32.999546235
31MAY2009,cret,-0.897307243,24.463230465,-0.334388294,2.2781453423,5.170398608,16.217130299,20.093843201,26.076392474,32.050087443,33.698094042
30JUN2009,cret,-0.895486693,25.163860286,-0.335041531,2.1398555276,4.9661299124,15.632688194,19.771839123,25.833045682,31.586466185,33.703329303
31JUL2009,cret,-0.885471883,26.749369453,-0.252998272,2.4632326694,5.688469454,17.408773904,21.978055517,28.685097748,34.339697938,35.679547469
31AUG2009,cret,-0.87540657,27.118047988,-0.208108075,2.8335867437,6.3622160728,18.525178962,23.21199112,29.316129214,35.115517342,36.766361113
30SEP2009,cret,-0.869439428,27.748544816,-0.144924259,3.0430941314,6.95346679,19.138665702,24.558910557,30.677595957,36.304089497,38.80242646
31OCT2009,cret,-0.889897214,27.87790739,-0.243575676,2.9084185011,6.3685578539,17.770732504,23.132673808,29.586101682,35.210035964,37.898674907
30NOV2009,cret,-0.881009161,29.616000935,-0.19850502,3.0372043641,6.7969667014,18.606939263,24.731743643,31.080206644,37.101821083,39.78002772
31DEC2009,cret,-0.875655179,30.405838169,-0.144486035,3.3569240676,7.3506879505,19.049297985,25.670548971,32.119026139,38.073829225,40.299558753
31JAN2010,cret,-0.879657731,29.554666616,-0.189513217,3.0947457175,6.9711357784,18.280864515,24.592103835,30.579118965,37.12564456,38.683951692
28FEB2010,cret,-0.87229666,30.277769894,-0.145085464,3.2864020491,7.4434089666,19.07912983,25.442002678,31.502291555,38.645763808,40.075432835
31MAR2010,cret,-0.862775784,31.811945349,-0.071322499,3.664826461,8.1365456578,20.362693518,27.168122119,34.096345125,41.153918467,42.544979815
30APR2010,cret,-0.857814717,32.19231976,0.0003305618,3.8934732428,8.3008167123,21.227235181,27.975078592,35.249844233,42.226104169,43.044884917
31MAY2010,cret,-0.870441095,29.772802247,-0.077267598,3.4681341367,7.6833564523,19.395847373,25.679043809,32.277015895,38.47895002,39.789617806
30JUN2010,cret,-0.88223079,29.134882922,-0.164668304,3.0256119653,7.0557775971,17.483195935,23.861454801,29.949631837,36.818322643,37.803546455
31JUL2010,cret,-0.864301033,30.846320823,-0.099360402,3.409654536,7.8718059995,19.168191803,25.922328857,32.248180959,39.522165108,39.923951855
31AUG2010,cret,-0.87229869,30.395357095,-0.169980437,3.1880466319,7.1936356503,17.722768967,23.661297579,29.717794023,37.218386389,37.828274687
30SEP2010,cret,-0.858553911,32.807073038,-0.056865589,3.8097704117,8.1518279508,20.358334874,26.62801006,32.528965648,40.721629106,41.410051149
31OCT2010,cret,-0.855648059,33.579705435,-0.021779268,4.1199517292,8.5341717224,20.763782914,28.541324042,34.23483114,42.558710872,43.033919061
30NOV2010,cret,-0.845930921,33.489132888,-0.01834123,4.170000189,8.8516476189,21.302074538,29.247678782,34.492555665,43.163850638,42.664336939
31DEC2010,cret,-0.839768979,35.13970186,0.0506361721,4.7237317234,9.7994637313,23.509986964,31.315274591,37.402851535,46.889760538,45.521686695
31JAN2011,cret,-0.846418317,35.435476355,0.0553169842,4.8572907011,10.000275653,24.412141655,32.221328213,38.044958819,47.974024035,46.881397798
28FEB2011,cret,-0.841261388,36.800229857,0.1156889495,5.0773197422,10.731383448,25.690234036,33.473803545,38.962803987,49.637145436,47.811270833
31MAR2011,cret,-0.837705094,36.962959418,0.1316871155,5.1707751895,10.879497188,25.981228963,33.524075179,38.69582367,49.485731933,48.378652293
30APR2011,cret,-0.832106224,38.694622936,0.1582926473,5.3136092305,11.00115506,25.993225164,34.094542785,40.290590946,50.928337432,49.353165112
31MAY2011,cret,-0.83333141,38.67688944,0.1332773209,5.2467974674,10.717675304,25.763904909,33.847729731,39.164851881,49.831967526,48.784887356
30JUN2011,cret,-0.836278311,38.185475975,0.1037735045,5.0619776297,10.580839109,25.391470407,33.07450073,38.344498741,49.082862287,47.753150693
31JUL2011,cret,-0.83700076,37.149832255,0.0736727657,5.0254342743,10.435233744,24.868960307,32.769520082,37.96244726,46.85004568,46.609631334
31AUG2011,cret,-0.853204184,36.435791519,-0.035821777,4.5264389412,9.5429042262,22.181835336,29.83818403,35.293812042,44.034978653,44.15687448
30SEP2011,cret,-0.878582549,35.26617188,-0.149479783,3.841236699,8.1555962753,19.519629822,26.203862621,30.933990079,41.056203986,41.672979709
31OCT2011,cret,-0.865518389,37.701111148,-0.033050988,4.7211458845,9.8351927385,22.983488476,29.829504303,35.427234011,46.587722497,46.267895646
30NOV2011,cret,-0.872583785,38.384691845,-0.046700849,4.7153743587,9.413592879,22.065122043,29.252801195,35.014015166,46.071365689,46.120070896
31DEC2011,cret,-0.876257386,39.396066098,-0.066904809,4.5744538287,9.1901053102,21.944660156,29.351422482,34.299644702,46.66647666,47.332735483
31JAN2012,cret,-0.865932477,39.778548157,-0.014252702,5.152345588,10.359970398,24.194535333,32.723373623,36.882094514,49.79304522,49.348291594
29FEB2012,cret,-0.856242495,40.778638921,0.0344536241,5.5101622463,11.533685906,25.150869836,34.184091538,38.787613656,52.099875393,51.185590423
31MAR2012,cret,-0.853881937,42.161220979,0.0601347494,5.592523376,11.677596699,26.413139527,34.49930809,40.140645572,53.756341453,53.075181879
30APR2012,cret,-0.858532804,42.23564426,0.0319116676,5.1524183106,11.479476421,25.787189892,34.192277035,39.702185341,53.774779612,52.51526889
31MAY2012,cret,-0.86736897,40.4127287,-0.010851512,4.5421067022,10.049019396,23.080892267,31.541054711,36.444840966,51.493485921,49.24435659
30JUN2012,cret,-0.863443123,42.304937155,0.0094140749,4.7458957127,10.363188586,23.90710354,32.536353265,37.624071204,53.443539524,51.146282433
31JUL2012,cret,-0.865735124,43.465497957,-0.023046969,4.5118329829,9.9651310041,24.046922536,32.59290187,37.200772787,53.954973327,51.599406788
31AUG2012,cret,-0.860254346,43.525674761,0.0006089125,4.8104579005,10.556391534,25.283472365,33.756777664,38.64874474,54.964309867,52.951740782
30SEP2012,cret,-0.855776817,44.546619596,0.0232691931,5.0536281111,11.079502907,26.382009111,34.847200326,39.815641793,56.7923656,54.039441686
31OCT2012,cret,-0.856875724,44.511016814,-0.011142839,4.9814901371,10.730514095,26.327943886,34.271293478,38.754115366,54.566884726,52.813083871
30NOV2012,cret,-0.850748194,44.435913381,0.0058070672,5.0503623443,10.866597251,26.325175717,35.560498085,39.324124199,54.495680863,53.344528948
31DEC2012,cret,-0.849866327,44.468498762,0.0354329421,4.7291614264,11.272964114,27.536572916,36.006591123,40.028530593,56.431972343,54.239926108
31JAN2013,cret,-0.836774579,46.816818135,0.087665964,4.9805106399,12.227050192,27.101256985,38.970478577,42.739698852,59.983980576,57.666719293
28FEB2013,cret,-0.833111991,47.963505323,0.0675366992,4.9762661564,12.475956707,27.13386956,39.1346531,43.367313461,60.771664579,58.415166066
31MAR2013,cret,-0.820412939,49.852276354,0.1311654545,5.2084116758,13.088565633,28.617355906,40.314720454,45.394851251,63.188381434,60.47905352
30APR2013,cret,-0.812998026,51.154786941,0.117200966,5.4116549577,13.186229715,28.861087269,40.990126371,45.58255616,63.997584242,61.272872594
31MAY2013,cret,-0.799674116,51.370964592,0.1672991923,5.4952672732,13.761084068,30.410391607,42.68848354,47.540071176,65.083011019,63.438656923
30JUN2013,cret,-0.796063494,51.297944041,0.145619271,5.4747653064,13.470090367,30.023562388,42.142371471,46.749444081,63.886040198,61.81752271
31JUL2013,cret,-0.780281543,54.04298626,0.2322976789,5.9570273173,14.754966597,32.109738327,44.451556183,49.966681784,67.317662687,64.385731323
31AUG2013,cret,-0.782410547,52.033746968,0.2101301975,5.8584261231,14.802229823,31.838914368,43.244151685,49.497328503,65.453230378,61.607180732
30SEP2013,cret,-0.767542951,53.262363389,0.2367664289,6.2545800446,15.555411112,33.656399644,46.416555612,51.521939219,67.283103528,64.299315927
31OCT2013,cret,-0.767775153,55.414335964,0.2314854306,6.6701426913,15.852185044,35.30790409,48.096427569,53.406958664,70.285358376,67.70900169
30NOV2013,cret,-0.761013969,56.721010059,0.2938484989,7.0044509735,16.366525633,36.847250195,49.56825909,55.921974584,72.196840629,69.52044776
31DEC2013,cret,-0.756708144,57.671008367,0.3592812292,7.144758847,17.158462003,37.997366614,50.983029314,57.646337402,74.737624385,71.643873145
31JAN2014,cret,-0.753726887,56.310837997,0.3288665943,6.930265563,17.525744133,36.152199018,49.720067365,54.958049561,71.882561782,68.597985068
28FEB2014,cret,-0.72752313,58.185262468,0.405316832,7.3662654087,18.504857703,38.05843136,52.036255937,57.682622837,75.58061092,71.621738786
31MAR2014,cret,-0.741474226,59.453391407,0.3565777742,7.1149990515,18.053438436,36.41059786,50.986478794,57.95425481,76.343962549,73.047727886
30APR2014,cret,-0.761212083,60.725767171,0.2908634265,6.8562170189,17.444711982,35.436944282,51.575765888,55.991371029,75.832969355,72.65676095
31MAY2014,cret,-0.755600822,61.532148811,0.3607448533,7.0202702331,17.894998893,36.044038183,52.637261435,57.334465578,77.935868738,73.678797031
30JUN2014,cret,-0.738202602,62.603528966,0.4236546475,7.4046744715,18.479134211,37.855503261,54.863513875,59.764781008,79.757885884,75.207293085
31JUL2014,cret,-0.754292672,61.742504596,0.4111750348,7.011451023,18.319968215,35.750653435,53.198593349,58.241328647,77.899812235,73.517763866
31AUG2014,cret,-0.745447827,64.293004216,0.4850657526,7.505627258,19.359907508,37.032132271,55.603889312,60.49037167,81.094450271,76.304985115
30SEP2014,cret,-0.757184067,63.948018862,0.4390814652,7.1341456292,18.758614099,35.790624695,53.993626219,58.519951163,79.071911115,74.923330485
31OCT2014,cret,-0.749661031,65.586280863,0.4513146241,7.3843553121,19.493228127,37.529645761,55.486931257,59.615201098,80.553689425,76.883537372
30NOV2014,cret,-0.749004103,67.630243196,0.4955423799,7.5106914614,20.054879403,37.095560815,56.523281485,60.119837011,82.196121162,79.754828124
31DEC2014,cret,-0.748529017,67.826851741,0.5080680898,7.6601949621,19.805715831,36.35590606,56.571603048,60.570000272,82.665907029,79.194190801
31JAN2015,cret,-0.748641693,66.65439717,0.4454433767,7.5187848447,19.169970349,34.534689306,53.94451836,58.552465876,79.586164842,77.130419867
28FEB2015,cret,-0.72847608,69.983142116,0.5257125997,8.012073709,21.006274707,36.509875892,57.302501424,62.619788806,84.858645019,81.613068345
31MAR2015,cret,-0.726133979,69.222893017,0.4780686435,8.0578186493,20.967533109,36.56522795,57.191483302,62.435836638,83.319714072,79.979919411
30APR2015,cret,-0.736677618,70.911416058,0.4074574659,7.9970614569,21.047535603,37.238915718,57.731145693,62.527168918,83.294038656,80.19671588
31MAY2015,cret,-0.736690976,71.974298521,0.4063675124,8.0888980268,21.860401385,37.458302957,57.812422801,63.849096092,84.876134992,81.166554096
30JUN2015,cret,-0.74477366,70.558286337,0.409203448,7.9845369393,21.527491911,37.454559897,56.704280627,62.351988955,83.818398005,80.363188597
31JUL2015,cret,-0.754115429,71.161397182,0.4199979757,7.7631299192,21.484869449,37.971385213,56.631190267,63.842171527,84.869196712,82.974647148
31AUG2015,cret,-0.764733188,66.678165968,0.3391812867,7.2887380526,20.246097041,35.517450493,52.747958828,60.145477037,79.72835598,78.09980781
30SEP2015,cret,-0.793951662,67.090302034,0.2465352561,6.8049233965,19.13053484,34.663278479,51.108877796,58.140317777,77.959524789,76.531450162
31OCT2015,cret,-0.790503983,71.196881828,0.3735558234,7.1914573258,20.556593776,37.863784757,56.068405829,62.603950154,83.497034909,82.083197258
30NOV2015,cret,-0.782224239,71.677913887,0.3940272215,7.390548089,20.628616887,38.601008597,56.647211684,62.849407461,82.595438714,82.013261376
31DEC2015,cret,-0.786005903,71.80047595,0.3450162658,6.9489200575,19.582093158,37.038910221,54.582665672,60.491360134,81.099018513,80.048329343
31JAN2016,cret,-0.818919093,68.790565729,0.1424399253,6.1899790716,17.598048389,34.597130645,50.534754905,56.631155878,77.390109359,77.060775101
29FEB2016,cret,-0.824089918,69.852682948,0.1245801419,5.9980564363,17.152679053,34.127698948,50.238025647,56.19554716,77.288603858,78.176522337
31MAR2016,cret,-0.811184089,73.67975346,0.2061957344,6.6031060412,18.931558027,36.819020846,53.670706957,60.297134862,82.361144837,84.243924713
30APR2016,cret,-0.783580828,73.315707434,0.2786761767,7.1244194799,20.347379255,38.32130993,56.054549105,59.737589211,81.798004452,85.032283412
31MAY2016,cret,-0.779862457,74.676323628,0.3356235564,7.209503121,20.623131595,39.631307927,56.946724437,60.718992838,82.54781428,86.652204502
30JUN2016,cret,-0.781799803,76.994224905,0.3421086255,7.0677075387,20.356430345,37.801133428,55.613913132,59.08318323,80.951745959,86.929512016
31JUL2016,cret,-0.768709241,79.648519591,0.4306501116,7.529950466,20.905101602,39.984411675,58.60117257,62.014257687,83.130214038,90.137484935
31AUG2016,cret,-0.762757171,78.592045779,0.4525847508,7.7313915636,21.131011994,40.436427564,59.94351069,63.251888019,84.240787459,91.053684357
30SEP2016,cret,-0.755587096,78.584164507,0.4781872785,8.0273391551,21.26850887,40.635632926,61.307577581,62.878589391,82.648572051,92.054393219
31OCT2016,cret,-0.782200348,77.452100226,0.3864781874,7.6055194976,20.363332638,39.226972605,60.506659156,62.047192396,80.848916101,90.622623836
30NOV2016,cret,-0.778644428,79.979679863,0.5094922647,8.3867240954,21.638202579,41.548951185,64.781342803,66.618673139,86.48973909,92.571127274
31DEC2016,cret,-0.778791898,82.003367373,0.4966641405,8.3854746717,21.762172388,41.785944479,66.272599759,68.32539604,87.260989278,94.771976323
31JAN2017,cret,-0.769135471,84.1425913,0.5471510843,8.5512641251,22.368531753,43.090735515,67.585500522,69.329136813,89.150811666,95.940380089
28FEB2017,cret,-0.76245584,88.069244942,0.6032348557,8.6946990118,23.24564016,44.041018773,69.668431619,71.332581119,91.399893754,99.925486696
31MAR2017,cret,-0.755895925,88.564919505,0.6078819873,8.9531695202,23.006729912,44.277723495,69.013297242,70.48986851,91.590471451,100.28527584
30APR2017,cret,-0.754891295,90.060974528,0.5871624194,8.9286845861,23.22924092,43.928573828,68.853277971,70.389855937,93.55203372,101.26074649
31MAY2017,cret,-0.756130923,91.171172915,0.6185560261,9.1698218182,22.604953016,44.100768887,68.616864228,70.047551102,94.63247501,103.28741994
30JUN2017,cret,-0.753848224,92.843158804,0.6560664341,9.1514375122,23.000813229,44.500215855,68.566495052,69.043707992,96.222472168,104.37113812
31JUL2017,cret,-0.755206878,94.97066597,0.6892024004,9.602972269,23.01346056,45.486039915,68.679415093,70.215443464,98.209659641,106.29135306
31AUG2017,cret,-0.756671627,96.672194735,0.6529370647,9.3712738003,23.26353238,45.244043897,68.321927398,69.477494882,97.294745341,106.34506064
30SEP2017,cret,-0.744073103,98.08139826,0.7170476113,9.6897869943,24.309715604,45.006795523,71.719718127,72.015826476,101.36227219,110.54480787
31OCT2017,cret,-0.74672778,101.59465899,0.7504764134,9.9274803867,24.113556689,45.392765266,72.471303844,72.004385365,102.38156489,113.58839964
30NOV2017,cret,-0.731997552,105.31686725,0.7634217001,10.398464652,25.263834013,46.16685967,74.145162984,74.798282321,106.52427581,115.96179426
31DEC2017,cret,-0.72293907,105.68033766,0.7860606751,10.565227388,25.695179069,46.695476551,75.762031648,76.208452663,108.00772499,117.09891663
31JAN2018,cret,-0.710776384,111.40013144,0.8748422174,10.993677598,27.01555511,48.61450625,80.665460254,80.782559182,115.56028947,122.80952358
28FEB2018,cret,-0.710931109,108.42214697,0.8890168446,10.642522025,25.925661628,46.133191795,76.307281809,77.465746133,112.6752268,116.83856459
31MAR2018,cret,-0.712308068,106.99421764,0.8675626591,10.551358241,25.449117278,45.66120588,73.506932489,75.912984417,109.80332165,114.99539179
30APR2018,cret,-0.720972802,106.35486372,0.8905110859,10.734120954,25.379093245,45.828687312,74.744575778,76.448876007,110.35496533,115.34172063
31MAY2018,cret,-0.704977148,106.62715066,1.0362213279,11.072829492,26.554323361,47.538378788,77.15308722,78.524651888,111.35069824,119.22921262
30JUN2018,cret,-0.692549153,108.27470068,1.0372674662,10.914917538,26.564453651,47.630177998,77.995118869,79.004736438,110.74738626,119.36625842
31JUL2018,cret,-0.697684015,114.29108777,0.9946383113,10.730729404,27.787341602,47.768743232,80.978577621,80.946038753,114.31450193,123.77381516
31AUG2018,cret,-0.679532913,122.69083692,1.0677904989,11.20678743,28.424780146,48.309229839,82.937402753,83.582294959,120.58603671,125.83585034
30SEP2018,cret,-0.680571375,123.46409751,1.0496336405,11.323762709,28.326355736,48.106817605,82.76871016,83.233208574,119.88191771,127.19745574
31OCT2018,cret,-0.751364247,118.56279489,0.8331191779,10.18182824,23.606733485,44.134639808,77.273457015,75.505375472,110.22846315,119.16807969
30NOV2018,cret,-0.749427224,122.17618238,0.8201391646,10.443775828,24.195811672,45.16025115,79.463235367,76.666983125,106.91261538,124.11676244
31DEC2018,cret,-0.776023324,110.73388468,0.6621487457,9.0725593193,21.393978125,40.14045071,73.290323069,69.07608316,97.512379973,112.37275117
31JAN2019,cret,-0.732859446,116.52403902,0.8780862341,10.736959319,23.336897033,43.685696603,78.785180237,75.830541883,103.83870471,120.90424676
28FEB2019,cret,-0.728556013,119.52596369,0.9203952183,11.25074496,24.441960116,47.169342115,79.968655687,80.156515969,107.73001693,124.12737712
31MAR2019,cret,-0.727367713,121.31671481,0.9251172086,11.354934744,24.322957677,47.331543211,80.359012237,81.414285463,109.11287146,126.10804423
30APR2019,cret,-0.722328169,126.18593928,0.9808629697,11.392169509,25.111524527,49.168440221,85.460552602,85.741962941,113.63302032,130.67848575
31MAY2019,cret,-0.747846181,121.46790273,0.8368773217,10.275106331,22.954968642,44.925734887,78.849299776,78.564614773,106.67393817,120.66452922
30JUN2019,cret,-0.723329621,129.65047854,1.0034964655,11.055094402,25.456864653,47.647901247,83.942882468,84.39591394,116.10471168,128.17852099
31JUL2019,cret,-0.716010636,130.94477249,1.0303815542,11.102708172,25.574949468,47.47583513,85.266682936,87.079515637,117.96136653,129.60781847
31AUG2019,cret,-0.735073407,131.38652727,0.9587407295,10.718183575,24.723983737,45.437151087,82.690674655,81.869280907,114.17732486,125.63637108
30SEP2019,cret,-0.742923485,133.32707668,0.8936137002,10.670353851,24.845130878,46.136999885,85.649779784,83.895041758,116.34843047,127.45188368
31OCT2019,cret,-0.748285784,134.83991381,0.8853657381,10.817432871,26.442675818,47.826730584,87.975899579,84.17107739,121.08486605,130.77579949
30NOV2019,cret,-0.740598449,137.11334806,1.0175217388,11.606994484,28.218401083,51.188311151,91.423456945,87.594536479,126.73276507,135.84345766
31DEC2019,cret,-0.731769204,140.16921152,1.1035095825,11.690695705,28.956214181,52.419353833,94.532573316,90.622881612,132.69601072,139.52112923
31JAN2020,cret,-0.741358687,143.50225981,1.0066877222,12.431954608,27.735509561,53.630078371,91.503333338,88.134569123,128.20013055,140.90267966
29FEB2020,cret,-0.753241119,131.88054708,0.9397461605,11.518874872,25.461669161,49.239912352,85.518611354,81.240909592,116.48505167,128.11099658
31MAR2020,cret,-0.792075297,118.27997332,0.5865989381,9.14334814,21.485896426,41.791819414,67.072549836,70.704546526,104.22152975,110.10103013
30APR2020,cret,-0.739092126,136.46921353,0.9519617703,10.785427339,24.882851065,47.734333956,77.589615535,79.326871369,117.73866344,122.3247117
31MAY2020,cret,-0.711403763,140.32059076,1.0790995394,11.759037804,26.956763106,51.309854963,81.447273276,85.431948817,125.81294391,129.76210584
30JUN2020,cret,-0.67972451,144.31493,1.1893241039,12.94175182,27.436226107,53.655345402,85.843615684,86.616884088,125.70407578,130.50835322
31JUL2020,cret,-0.725424136,154.78610344,1.1823958569,13.044595695,28.261455362,56.821166336,88.787113035,91.799000709,130.78909112,136.06206209
31AUG2020,cret,-0.707448545,162.64613881,1.7778340185,15.602267678,31.03192123,59.593579953,93.105074309,95.103538559,140.13288667,144.79968131
30SEP2020,cret,-0.726315051,159.16882174,1.5992532501,15.416932004,29.718433936,58.967872664,86.584820034,92.153697024,132.96768714,141.20062004
31OCT2020,cret,-0.741653003,154.34319004,1.5185987931,15.212265251,29.372314397,58.085189688,86.332497685,89.218051523,131.48656745,138.06268828
30NOV2020,cret,-0.700623599,167.77566705,2.101185194,19.329088854,33.224543563,67.505552739,94.066262063,105.54618834,148.8856118,157.14313537
31DEC2020,cret,-0.692579062,170.98297412,2.3521321105,21.025557323,36.191063359,72.06498386,98.143791745,109.5392589,154.08558681,166.88953704
31JAN2021,cret,-0.629955316,167.48171325,2.5120175099,23.33624938,38.619363763,73.851009995,98.840122534,109.59480653,152.74283351,164.67337619
28FEB2021,cret,-0.674994048,169.05696226,2.4945399941,24.568275311,42.724089349,76.721627112,107.76585659,117.4231189,157.97540337,164.50141733
31MAR2021,cret,-0.68862051,180.10037714,2.2437891501,23.593687684,42.251708878,75.857796373,109.61453759,119.93754362,162.17621942,170.65512644
30APR2021,cret,-0.683875048,189.27587966,2.1443173769,24.72905025,44.189549659,78.845315497,112.96611207,125.34228915,168.17129283,182.32146133
31MAY2021,cret,-0.682624945,192.17957757,2.0017721268,24.923872167,44.9151211,78.901898023,113.36944956,127.17912295,169.35816467,180.82304012
30JUN2021,cret,-0.653732967,196.60557917,2.2696958434,27.237220756,47.180711115,80.111574297,120.9552016,128.10740363,173.78164916,183.61571211
31JUL2021,cret,-0.677355692,203.44268349,2.069873861,25.46925557,47.427887937,79.422090683,122.15974372,127.41461387,173.49875137,187.47900972
31AUG2021,cret,-0.669412321,205.9952115,2.2584878807,25.996800353,48.876828882,81.949005301,127.66522513,132.57098205,177.73468119,193.91361961
30SEP2021,cret,-0.679784925,195.41740746,2.1355449476,24.63612751,47.590287776,77.645006231,126.05083675,129.77072394,170.63210451,184.30118022
31OCT2021,cret,-0.671922059,208.65945635,2.2413345932,25.425864983,51.957490259,80.763601946,132.41005991,140.83779017,193.26579995,187.77451302
30NOV2021,cret,-0.672541091,205.96222078,2.0120632954,26.413937033,49.620100687,77.284487231,127.68910828,137.71316275,190.44821878,190.45505843
31DEC2021,cret,-0.704730884,218.3725503,1.9066915354,25.262210276,50.320085904,79.984016786,129.53977722,139.22088699,201.71919089,199.6071504
31JAN2022,cret,-0.752060248,207.97174415,1.4755493629,21.403634456,45.218030741,70.647776349,117.79245145,135.40843104,193.1204889,191.9654438
28FEB2022,cret,-0.764311786,203.65684551,1.4418059336,21.088889523,43.413745604,71.252041763,114.76161741,133.00262844,187.75921216,187.82880229
31MAR2022,cret,-0.754470786,210.39611178,1.529940181,22.266984173,46.186973357,70.178614371,117.83368749,136.24002925,195.54158125,190.03401174
