PRODUCT_ID,SKIN_TYPE
4,normal
4,dry
9,oily
9,normal
13,normal
13,oily
17,oily
17,dry
20,dry
20,normal
20,oily
21,oily
22,oily
22,dry
23,dry
23,oily
26,normal
26,oily
26,dry
29,normal
29,oily
31,oily
31,dry
31,normal
32,oily
32,normal
37,oily
38,dry
39,normal
39,dry
39,oily
40,dry
40,normal
43,dry
43,oily
43,normal
46,dry
48,normal
48,dry
48,oily
49,oily
49,normal
53,normal
58,normal
58,dry
58,oily
62,dry
62,normal
62,oily
63,oily
64,normal
64,dry
66,dry
66,oily
68,dry
69,oily
69,normal
69,dry
70,dry
71,dry
71,oily
71,normal
76,oily
78,oily
78,normal
78,dry
79,dry
79,oily
79,normal
81,normal
81,oily
81,dry
82,oily
82,normal
82,dry
87,oily
87,dry
93,oily
93,normal
95,dry
96,oily
99,dry
99,oily
101,dry
101,normal
103,dry
103,oily
104,oily
108,dry
109,oily
109,dry
109,normal
111,oily
116,oily
117,dry
117,normal
117,oily
119,dry
119,oily
121,dry
121,oily
121,normal
127,dry
127,normal
127,oily
129,dry
129,oily
129,normal
130,dry
130,normal
130,oily
134,dry
135,normal
135,oily
135,dry
136,dry
140,normal
140,dry
140,oily
141,normal
141,dry
141,oily
143,oily
143,normal
144,dry
144,oily
144,normal
146,dry
146,oily
146,normal
151,normal
151,dry
151,oily
153,dry
153,oily
153,normal
154,normal
154,oily
154,dry
157,oily
157,normal
160,oily
161,dry
161,normal
161,oily
163,oily
163,dry
164,normal
164,dry
164,oily
169,normal
169,oily
170,normal
170,dry
170,oily
171,oily
171,normal
173,dry
173,oily
173,normal
174,normal
174,dry
174,oily
175,oily
178,normal
178,oily
179,normal
181,oily
181,normal
181,dry
184,normal
185,normal
186,dry
186,normal
186,oily
188,oily
188,dry
188,normal
192,normal
192,oily
194,dry
194,normal
197,oily
198,dry
198,oily
198,normal
204,oily
204,normal
209,dry
209,oily
210,oily
211,oily
212,oily
212,dry
212,normal
213,oily
216,dry
216,normal
216,oily
217,dry
217,oily
217,normal
218,oily
218,dry
219,normal
224,dry
224,normal
231,oily
233,oily
233,normal
233,dry
234,normal
238,dry
239,dry
243,normal
243,oily
243,dry
245,dry
245,normal
245,oily
247,normal
247,oily
247,dry
248,normal
253,normal
253,dry
253,oily
254,normal
261,normal
261,oily
262,dry
262,normal
262,oily
263,normal
270,dry
271,normal
271,oily
271,dry
272,dry
272,normal
272,oily
273,oily
273,dry
275,normal
276,oily
282,dry
282,normal
282,oily
284,normal
284,oily
286,dry
289,normal
289,oily
289,dry
290,dry
290,normal
295,oily
299,normal
299,dry
303,normal
303,dry
306,oily
311,normal
311,dry
311,oily
312,dry
317,dry
317,oily
317,normal
319,dry
320,oily
320,normal
321,normal
321,dry
324,dry
324,normal
325,normal
326,dry
326,normal
326,oily
327,dry
327,oily
329,dry
329,normal
329,oily
330,normal
332,normal
332,dry
334,dry
334,oily
334,normal
335,dry
338,normal
338,oily
339,dry
339,oily
339,normal
342,oily
343,oily
343,normal
344,normal
344,oily
344,dry
345,oily
345,dry
347,oily
347,dry
347,normal
350,oily
350,normal
353,dry
353,oily
356,oily
356,dry
358,oily
358,normal
361,oily
361,normal
361,dry
362,oily
363,dry
367,dry
370,normal
373,normal
376,dry
376,oily
378,normal
378,oily
378,dry
382,oily
382,dry
382,normal
383,oily
383,dry
383,normal
386,normal
388,oily
388,normal
388,dry
390,oily
390,dry
392,oily
396,oily
399,normal
400,oily
400,normal
400,dry
402,normal
404,normal
404,oily
405,normal
405,dry
407,oily
408,dry
409,oily
409,normal
411,dry
412,normal
412,dry
415,oily
415,dry
416,oily
416,dry
416,normal
417,dry
417,normal
418,normal
418,dry
419,normal
421,dry
422,oily
423,dry
423,normal
423,oily
426,oily
426,normal
426,dry
428,normal
428,dry
429,oily
431,normal
431,oily
431,dry
436,oily
436,normal
436,dry
440,normal
440,dry
442,dry
442,oily
442,normal
444,normal
444,dry
445,normal
445,dry
447,dry
449,normal
449,dry
453,oily
453,dry
453,normal
456,oily
458,oily
458,normal
458,dry
459,dry
460,oily
460,normal
462,dry
463,dry
463,oily
464,dry
464,oily
468,normal
468,oily
469,normal
470,oily
470,normal
471,normal
474,dry
475,oily
475,dry
477,normal
477,dry
480,dry
483,dry
483,oily
484,dry
485,oily
487,oily
487,dry
487,normal
489,normal
489,dry
490,dry
490,oily
490,normal
494,dry
494,normal
500,oily
500,normal
502,dry
503,normal
505,normal
505,oily
509,oily
509,normal
512,oily
514,dry
515,oily
515,normal
515,dry
518,dry
518,oily
521,normal
522,dry
522,oily
522,normal
523,normal
523,oily
527,dry
527,oily
527,normal
529,dry
529,oily
530,normal
531,oily
531,normal
532,dry
532,normal
532,oily
541,normal
541,dry
541,oily
552,oily
552,normal
553,oily
553,dry
553,normal
556,dry
556,normal
558,normal
558,oily
558,dry
560,normal
560,oily
561,dry
562,normal
564,oily
565,oily
565,dry
565,normal
568,dry
568,normal
571,dry
571,oily
573,normal
573,dry
579,normal
579,dry
581,dry
581,normal
584,oily
586,oily
586,normal
588,dry
589,dry
589,normal
592,oily
592,dry
592,normal
593,normal
593,dry
593,oily
595,oily
596,normal
596,dry
599,normal
601,dry
601,oily
601,normal
608,oily
608,normal
613,dry
613,normal
617,normal
617,dry
619,dry
619,oily
619,normal
621,normal
621,oily
627,oily
629,dry
631,normal
633,normal
633,dry
634,oily
634,dry
634,normal
639,oily
639,normal
640,normal
640,oily
640,dry
641,oily
641,dry
643,dry
644,dry
644,normal
644,oily
645,normal
645,dry
645,oily
646,oily
646,normal
650,normal
650,dry
650,oily
651,oily
651,normal
654,oily
654,dry
658,normal
658,dry
659,normal
659,dry
659,oily
661,normal
663,normal
663,dry
666,dry
666,oily
666,normal
669,normal
670,dry
673,dry
673,normal
673,oily
674,dry
674,oily
674,normal
676,dry
678,normal
678,oily
680,dry
680,normal
681,oily
681,normal
684,normal
685,dry
685,normal
685,oily
686,dry
688,normal
688,oily
690,normal
690,oily
691,dry
691,oily
691,normal
692,oily
697,dry
697,normal
697,oily
698,oily
700,dry
701,dry
701,oily
703,oily
704,oily
704,dry
707,oily
707,normal
707,dry
708,normal
708,dry
710,oily
710,normal
710,dry
711,normal
711,oily
712,normal
714,dry
714,oily
717,dry
718,dry
718,normal
719,dry
719,oily
719,normal
723,oily
723,dry
724,normal
724,dry
724,oily
725,normal
727,dry
727,oily
727,normal
733,oily
733,normal
736,normal
736,dry
737,dry
737,oily
737,normal
738,dry
739,normal
739,dry
739,oily
744,oily
744,normal
745,oily
745,normal
749,normal
749,oily
750,dry
750,oily
750,normal
751,dry
751,oily
751,normal
753,oily
753,normal
756,normal
758,normal
758,oily
767,dry
768,dry
770,dry
771,dry
771,normal
777,dry
777,normal
777,oily
778,dry
779,normal
780,dry
782,normal
782,oily
784,dry
784,normal
787,oily
787,dry
787,normal
790,oily
790,normal
794,oily
794,normal
794,dry
796,dry
797,oily
799,dry
799,oily
799,normal
800,dry
804,oily
804,dry
805,oily
805,normal
805,dry
806,normal
814,normal
814,dry
814,oily
815,oily
816,oily
816,normal
816,dry
817,dry
817,oily
817,normal
820,normal
820,dry
820,oily
821,normal
821,oily
821,dry
825,dry
826,oily
826,normal
826,dry
831,oily
831,dry
831,normal
833,dry
833,oily
836,dry
836,oily
836,normal
838,oily
838,dry
839,oily
845,dry
846,normal
846,dry
848,normal
848,dry
848,oily
860,oily
860,normal
860,dry
863,normal
863,dry
864,oily
866,dry
866,normal
866,oily
868,normal
868,dry
868,oily
869,oily
871,oily
871,dry
872,normal
872,oily
874,dry
877,normal
879,oily
879,dry
879,normal
880,oily
880,dry
886,normal
886,dry
887,dry
887,normal
889,oily
889,dry
889,normal
894,dry
894,normal
895,dry
895,oily
895,normal
898,dry
899,oily
900,dry
900,oily
906,oily
906,normal
913,dry
917,normal
917,dry
918,normal
918,dry
919,normal
919,oily
919,dry
921,normal
925,oily
925,normal
926,oily
928,normal
929,dry
929,oily
930,dry
930,oily
930,normal
931,dry
931,oily
936,dry
939,oily
940,oily
940,dry
940,normal
944,oily
944,dry
945,oily
945,normal
945,dry
948,oily
948,dry
948,normal
951,oily
951,normal
952,oily
953,normal
954,normal
957,oily
957,dry
960,dry
960,normal
961,oily
962,normal
962,oily
966,normal
966,dry
974,oily
974,normal
975,normal
975,dry
975,oily
976,dry
976,normal
976,oily
977,dry
977,normal
977,oily
985,dry
985,oily
988,oily
988,dry
989,oily
989,normal
991,dry
991,normal
991,oily
994,dry
994,oily
997,normal
997,dry
997,oily
998,dry
1000,oily
1000,dry
1001,dry
1001,oily
1001,normal
1002,normal
1002,oily
1009,normal
1009,oily
1014,normal
1014,dry
1014,oily
1016,oily
1018,normal
1019,normal
1023,oily
1024,oily
1024,normal
1026,oily
1026,dry
1026,normal
1027,normal
1027,oily
1027,dry
1030,dry
1030,oily
1030,normal
1032,dry
1032,normal
1032,oily
1037,normal
1037,oily
1040,normal
1041,normal
1041,oily
1041,dry
1044,dry
1044,normal
1048,dry
1050,dry
1050,normal
1050,oily
1053,dry
1053,normal
1059,oily
1059,dry
1059,normal
1060,oily
1060,dry
1061,dry
1061,normal
1061,oily
1063,oily
1064,dry
1064,oily
1064,normal
1067,normal
1068,oily
1070,dry
1070,normal
1074,oily
1074,dry
1074,normal
1075,normal
1078,normal
1079,normal
1079,oily
1079,dry
1084,normal
1084,oily
1085,normal
1089,normal
1090,normal
1091,normal
1093,normal
1093,oily
1094,dry
1094,normal
1094,oily
1095,dry
1095,normal
1095,oily
1098,normal
1102,oily
1102,dry
1103,dry
1105,normal
1105,oily
1105,dry
1106,dry
1108,dry
1108,normal
1108,oily
1111,dry
1111,normal
1113,dry
1113,normal
1114,oily
1114,dry
1118,dry
1118,normal
1118,oily
1120,dry
1120,oily
1120,normal
1122,normal
1124,oily
1124,dry
1124,normal
1125,oily
1125,normal
1125,dry
1126,oily
1126,dry
1127,oily
1128,normal
1134,normal
1135,oily
1135,normal
1142,oily
1142,normal
1144,normal
1153,dry
1153,oily
1153,normal
1155,oily
1155,dry
1155,normal
1157,dry
1160,normal
1160,dry
1160,oily
1161,dry
1161,normal
1161,oily
1164,oily
1164,dry
1165,dry
1165,normal
1165,oily
1168,dry
1171,oily
1171,normal
1172,normal
1172,oily
1172,dry
1174,normal
1174,dry
1174,oily
1175,dry
1175,oily
1177,dry
1177,oily
1177,normal
1178,dry
1178,oily
1178,normal
1182,dry
1182,normal
1182,oily
1184,oily
1189,dry
1189,normal
1189,oily
1192,dry
1192,normal
1193,oily
1193,normal
1194,normal
1194,oily
1194,dry
1195,dry
1197,normal
1197,dry
1200,dry
1200,normal
1203,dry
1208,normal
1209,dry
1212,oily
1212,dry
1213,normal
1213,oily
1216,dry
1216,oily
1222,normal
1222,oily
1222,dry
1226,oily
1226,dry
1226,normal
1227,normal
1227,dry
1228,dry
1228,oily
1229,oily
1229,normal
1229,dry
1231,normal
1235,dry
1235,oily
1236,dry
1242,oily
1243,dry
1243,normal
1243,oily
1247,oily
1247,normal
1248,dry
1249,oily
1250,normal
1250,dry
1252,normal
1253,dry
1255,normal
1255,oily
1257,dry
1257,normal
1257,oily
1261,oily
1262,oily
1264,oily
1264,dry
1267,dry
1270,normal
1271,dry
1271,oily
1271,normal
1273,oily
1274,dry
1274,oily
1274,normal
1276,normal
1279,oily
1279,normal
1280,dry
1280,oily
1280,normal
1283,dry
1283,normal
1283,oily
1287,normal
1290,oily
1290,normal
1290,dry
1291,normal
1291,dry
1293,normal
1293,dry
1295,dry
1295,normal
1297,oily
1297,dry
1300,normal
1300,oily
1302,dry
1302,normal
1302,oily
1304,dry
1304,normal
1307,oily
1307,dry
1309,dry
1309,oily
1309,normal
1314,normal
1318,normal
1318,oily
1318,dry
1324,normal
1324,oily
1324,dry
1325,normal
1326,normal
1326,dry
1327,normal
1327,dry
1327,oily
1329,dry
1329,normal
1330,oily
1330,dry
1331,normal
1332,oily
1333,normal
1333,oily
1333,dry
1334,dry
1334,normal
1334,oily
1335,oily
1336,normal
1336,oily
1338,dry
1338,normal
1338,oily
1342,dry
1344,normal
1344,dry
1344,oily
1345,oily
1345,normal
1348,dry
1348,oily
1350,oily
1350,dry
1353,dry
1354,dry
1355,dry
1356,dry
1356,normal
1356,oily
1358,oily
1358,normal
1358,dry
1359,dry
1359,normal
1359,oily
1361,normal
1362,oily
1362,normal
1362,dry
1365,oily
1365,normal
1366,normal
1372,normal
1372,oily
1380,normal
1380,oily
1380,dry
1381,oily
1390,dry
1392,oily
1393,oily
1393,dry
1393,normal
1397,oily
1397,dry
1397,normal
1398,oily
1398,dry
1398,normal
1400,dry
1402,dry
1404,oily
1404,normal
1405,dry
1405,normal
1407,oily
1407,normal
1408,normal
1408,dry
1408,oily
1411,oily
1411,dry
1411,normal
1413,oily
1414,oily
1415,oily
1415,dry
1420,oily
1420,normal
1422,dry
1422,oily
1425,dry
1425,normal
1426,dry
1426,normal
1426,oily
1429,oily
1429,normal
1429,dry
1430,oily
1435,dry
1435,normal
1436,dry
1436,normal
1436,oily
1438,oily
1438,normal
1438,dry
1439,dry
1439,oily
1447,normal
1447,dry
1447,oily
1449,dry
1449,normal
1449,oily
1450,normal
1451,oily
1451,normal
1453,dry
1453,normal
1453,oily
1454,dry
1455,dry
1455,normal
1456,dry
1459,dry
1459,oily
1459,normal
1460,dry
1461,oily
1461,normal
1466,oily
1466,dry
1466,normal
1468,normal
1468,oily
1468,dry
1470,dry
1470,oily
1470,normal
1472,normal
1472,oily
1473,dry
1480,normal
1480,oily
1486,dry
1488,oily
1488,normal
1491,oily
1493,normal
1493,dry
1494,normal
1495,oily
1497,oily
1497,normal
1498,normal
1498,dry
1504,normal
1506,oily
1506,normal
1507,oily
1513,normal
1513,oily
1513,dry
1518,normal
1518,oily
1519,normal
1519,dry
1519,oily
1520,dry
1520,normal
1525,normal
1528,oily
1529,normal
1531,dry
1531,oily
1532,normal
1532,oily
1532,dry
1536,normal
1536,dry
1536,oily
1537,normal
1537,oily
1537,dry
1538,oily
1538,dry
1539,normal
1542,normal
1542,dry
1545,dry
1545,oily
1550,dry
1550,normal
1551,oily
1554,dry
1554,oily
1558,oily
1560,dry
1560,oily
1562,dry
1564,oily
1564,dry
1565,dry
1567,oily
1567,dry
1567,normal
1568,normal
1568,dry
1568,oily
1571,oily
1571,normal
1571,dry
1572,dry
1572,oily
1572,normal
1576,normal
1576,oily
1577,normal
1579,normal
1580,oily
1583,dry
1583,normal
1587,normal
1587,oily
1587,dry
1588,dry
1588,oily
1588,normal
1590,oily
1591,normal
1592,oily
1593,oily
1598,dry
1598,normal
1598,oily
1600,oily
1600,normal
1600,dry
1601,oily
1601,dry
1604,dry
1604,normal
1604,oily
1606,normal
1606,oily
1606,dry
1607,oily
1607,normal
1608,normal
1610,normal
1610,dry
1614,oily
1614,normal
1614,dry
1617,dry
1617,normal
1624,normal
1624,dry
1627,oily
1627,dry
1630,normal
1630,oily
1630,dry
1633,dry
1633,normal
1634,normal
1634,dry
1635,normal
1637,normal
1637,oily
1642,dry
1642,oily
1642,normal
1647,oily
1647,dry
1648,dry
1649,dry
1649,normal
1652,dry
1652,normal
1652,oily
1653,dry
1653,normal
1653,oily
1660,dry
1661,dry
1661,normal
1666,oily
1666,dry
1666,normal
1672,oily
1677,oily
1677,normal
1677,dry
1682,oily
1682,normal
1682,dry
1685,normal
1685,dry
1685,oily
1690,oily
1690,normal
1691,oily
1691,dry
1691,normal
1692,dry
1693,dry
1698,oily
1698,dry
1704,oily
1704,dry
1704,normal
1706,oily
1706,normal
1706,dry
1709,oily
1709,dry
1714,normal
1715,normal
1715,oily
1715,dry
1716,oily
1716,normal
1721,dry
1721,oily
1724,dry
1725,normal
1726,oily
1726,dry
1728,oily
1728,dry
1729,normal
1730,dry
1732,oily
1732,normal
1734,dry
1734,oily
1734,normal
1737,oily
1737,normal
1737,dry
1740,oily
1740,dry
1742,oily
1743,normal
1743,dry
1743,oily
1744,oily
1744,normal
1748,dry
1748,oily
1750,oily
1753,oily
1756,normal
1756,dry
1756,oily
1759,dry
1759,normal
1763,dry
1763,normal
1769,oily
1769,normal
1770,oily
1775,dry
1775,oily
1776,normal
1781,oily
1781,normal
1781,dry
1785,normal
1785,oily
1785,dry
1786,oily
1786,dry
1789,normal
1790,oily
1790,dry
1790,normal
1791,dry
1793,normal
1793,dry
1793,oily
1798,normal
1798,oily
1798,dry
1799,normal
1802,normal
1802,dry
1804,oily
1804,dry
1804,normal
1812,oily
1812,dry
1812,normal
1815,dry
1815,normal
1816,dry
1816,normal
1818,oily
1820,normal
1820,dry
1820,oily
1821,dry
1821,oily
1821,normal
1823,dry
1823,oily
1829,dry
1829,oily
1830,oily
1836,dry
1836,normal
1836,oily
1838,oily
1838,normal
1838,dry
1840,normal
1841,normal
1841,dry
1841,oily
1845,normal
1845,dry
1847,oily
1847,dry
1849,oily
1851,normal
1851,oily
1852,dry
1855,dry
1855,normal
1855,oily
1857,oily
1858,dry
1858,normal
1861,dry
1861,normal
1867,oily
1867,normal
1867,dry
1868,oily
1869,normal
1869,dry
1871,dry
1871,normal
1873,oily
1873,normal
1873,dry
1880,dry
1883,normal
1883,dry
1883,oily
1887,oily
1887,normal
1891,oily
1892,oily
1894,dry
1894,normal
1894,oily
1896,normal
1896,oily
1903,dry
1903,normal
1903,oily
1905,normal
1905,oily
1905,dry
1909,normal
1909,dry
1910,dry
1910,oily
1910,normal
1911,dry
1911,oily
1913,normal
1915,dry
1916,normal
1918,normal
1922,normal
1922,dry
1922,oily
1923,normal
1923,oily
1924,normal
1924,oily
1929,dry
1929,oily
1929,normal
1930,dry
1931,dry
1933,dry
1933,oily
1936,normal
1936,dry
1936,oily
1940,oily
1941,oily
1941,dry
1942,oily
1946,oily
1947,dry
1947,oily
1947,normal
1948,oily
1948,dry
1948,normal
1949,dry
1951,dry
1951,normal
1952,normal
1952,dry
1952,oily
1954,oily
1954,normal
1954,dry
1955,dry
1956,dry
1956,oily
1956,normal
1961,dry
1961,normal
1961,oily
1963,normal
1963,oily
1963,dry
1964,normal
1964,oily
1964,dry
1968,oily
1970,oily
1976,dry
1977,oily
1979,oily
1980,dry
1980,normal
1982,oily
1982,dry
1982,normal
1983,oily
1985,normal
1986,normal
1986,oily
1986,dry
1989,oily
1989,normal
1989,dry
1994,normal
1999,dry
1999,normal
1999,oily
2000,normal
2000,oily
2002,normal
2003,oily
2003,normal
2004,oily
2004,normal
2005,oily
2005,normal
2006,oily
2006,normal
2006,dry
2012,normal
2014,normal
2015,dry
2015,oily
2015,normal
2016,normal
2016,oily
2020,normal
2020,dry
2021,dry
2021,normal
2021,oily
2023,dry
2023,oily
2023,normal
2029,dry
2029,normal
2029,oily
2033,dry
2035,dry
2035,normal
2035,oily
2036,oily
2037,dry
2037,oily
2037,normal
2039,dry
2039,normal
2040,oily
2040,normal
2041,dry
2041,normal
2042,oily
2045,dry
2051,oily
2055,normal
2055,oily
2055,dry
2056,dry
2056,normal
2058,dry
2061,oily
2061,dry
2062,oily
2062,normal
2062,dry
2063,dry
2066,oily
2066,dry
2069,oily
2069,dry
2069,normal
2071,normal
2071,oily
2073,oily
2073,dry
2073,normal
2074,dry
2074,normal
2076,oily
2076,normal
2076,dry
2077,oily
2077,normal
2078,oily
2078,dry
2083,dry
2083,oily
2084,normal
2084,oily
2084,dry
2085,oily
2085,dry
2087,normal
2087,dry
2087,oily
2094,dry
2094,oily
2094,normal
2095,oily
2095,dry
2096,normal
2096,oily
2096,dry
2097,oily
2098,oily
2098,dry
2100,dry
2101,dry
2101,oily
2101,normal
2104,normal
2104,oily
2105,normal
2106,dry
2106,oily
2106,normal
2107,oily
2107,dry
2107,normal
2108,normal
2109,dry
2110,normal
2110,dry
2110,oily
2118,normal
2118,dry
2120,normal
2120,dry
2120,oily
2121,dry
2121,oily
2121,normal
2122,normal
2122,oily
2122,dry
2123,dry
2123,normal
2124,dry
2124,oily
2124,normal
2125,oily
2128,dry
2128,oily
2129,dry
2129,oily
2129,normal
2131,oily
2134,dry
2134,normal
2136,dry
2136,oily
2136,normal
2137,normal
2138,normal
2138,oily
2140,oily
2140,dry
2141,normal
2142,normal
2142,oily
2144,normal
2144,oily
2144,dry
2145,dry
2158,normal
2158,oily
2158,dry
2160,dry
2162,dry
2163,oily
2163,dry
2164,dry
2164,normal
2164,oily
2167,oily
2167,normal
2168,oily
2168,normal
2169,oily
2169,normal
2169,dry
2172,oily
2176,oily
2178,normal
2178,oily
2180,dry
2180,oily
2180,normal
2181,dry
2181,normal
2186,oily
2186,dry
2187,dry
2187,oily
2187,normal
2190,normal
2190,dry
2190,oily
2191,normal
2195,normal
2195,oily
2196,dry
2196,oily
2198,oily
2198,normal
2198,dry
2200,oily
2200,dry
2200,normal
2201,normal
2201,dry
2201,oily
2202,normal
2202,oily
2202,dry
2205,oily
2207,oily
2207,dry
2208,normal
2208,oily
2208,dry
2209,oily
2209,dry
2210,normal
2210,oily
2210,dry
2215,normal
2215,oily
2216,dry
2218,dry
2218,normal
2219,dry
2219,normal
2220,oily
2220,dry
2220,normal
2221,dry
2222,oily
2222,dry
2223,oily
2223,dry
2223,normal
2224,dry
2224,oily
2226,normal
2226,dry
2226,oily
2227,normal
2227,dry
2227,oily
2229,normal
2229,dry
2231,normal
2231,oily
2232,dry
2232,oily
2232,normal
2233,oily
2237,oily
2240,dry
2240,normal
2241,normal
2241,oily
2241,dry
2243,oily
2243,normal
2247,dry
2253,normal
2258,normal
2260,oily
2260,normal
2260,dry
2263,normal
2263,oily
2263,dry
2264,oily
2269,oily
2273,oily
2274,oily
2286,oily
2287,oily
2287,normal
2287,dry
2288,dry
2288,oily
2288,normal
2290,oily
2291,dry
2291,normal
2292,dry
2292,oily
2292,normal
2293,dry
2293,oily
2295,dry
2295,oily
2295,normal
2299,normal
2304,normal
2304,dry
2305,oily
2305,normal
2305,dry
2309,dry
2310,normal
2310,dry
2310,oily
2311,dry
2311,normal
2311,oily
2312,dry
2312,normal
2312,oily
2321,oily
2321,normal
2321,dry
2322,dry
2323,oily
2328,oily
2328,dry
2328,normal
2329,dry
2330,oily
2330,dry
2331,normal
2331,dry
2331,oily
2332,normal
2332,oily
2333,oily
2334,oily
2334,normal
2334,dry
2335,normal
2336,normal
2336,oily
2342,oily
2342,normal
2342,dry
2343,oily
2343,normal
2347,dry
2352,dry
2352,oily
2354,dry
2354,normal
2354,oily
2358,normal
2358,dry
2360,oily
2366,normal
2367,normal
2367,oily
2369,dry
2369,normal
2369,oily
2372,oily
2372,normal
2372,dry
2373,oily
2373,dry
2373,normal
2375,oily
2375,normal
2376,oily
2376,normal
2376,dry
2381,dry
2381,normal
2382,dry
2383,normal
2383,dry
2383,oily
2387,oily
2387,dry
2387,normal
2388,dry
2393,dry
2396,normal
2396,oily
2396,dry
2398,dry
2398,oily
2398,normal
2400,dry
2400,oily
2401,oily
2402,oily
2404,oily
2406,oily
2406,normal
2406,dry
2408,normal
2408,oily
2408,dry
2412,normal
2412,dry
2415,oily
2415,dry
2415,normal
2417,dry
2417,oily
2423,dry
2424,normal
2434,dry
2434,normal
2435,normal
2435,oily
2435,dry
2440,oily
2440,normal
2440,dry
2442,dry
2442,normal
2442,oily
2443,oily
2443,dry
2443,normal
2446,normal
2447,dry
2453,normal
2453,dry
2454,oily
2454,normal
2454,dry
2458,oily
2461,normal
2461,dry
2462,dry
2462,oily
2463,oily
2463,normal
2466,oily
2466,normal
2466,dry
2468,dry
2469,dry
2469,normal
2470,oily
2470,dry
2470,normal
2471,normal
2471,oily
2471,dry
2473,dry
2473,normal
2473,oily
2476,dry
2476,oily
2476,normal
2477,normal
2480,normal
2480,dry
2480,oily
2489,normal
2489,dry
2493,normal
2493,dry
2493,oily
2496,dry
2496,oily
2498,oily
2502,oily
2502,dry
2502,normal
2503,oily
2503,normal
2505,oily
2505,normal
2505,dry
2510,oily
2511,oily
2514,oily
2514,dry
2514,normal
2515,oily
2515,dry
2515,normal
2522,dry
2527,oily
2527,dry
2527,normal
2529,oily
2529,dry
2529,normal
2533,normal
2538,normal
2540,normal
2540,oily
2540,dry
2541,oily
2542,dry
2543,dry
2543,normal
2547,normal
2547,oily
2551,dry
2551,normal
2556,dry
2556,oily
2556,normal
2557,oily
2557,dry
2557,normal
2562,dry
2562,normal
2562,oily
2564,normal
2566,oily
2566,dry
2568,normal
2568,oily
2568,dry
2575,dry
2575,normal
2578,oily
2578,normal
2578,dry
2579,normal
2579,oily
2579,dry
2586,dry
2586,normal
2593,normal
2599,normal
2599,dry
2599,oily
2602,oily
2602,normal
2602,dry
2606,oily
2606,dry
2606,normal
2609,normal
2610,normal
2611,normal
2611,dry
2611,oily
2613,normal
2613,oily
2617,oily
2619,normal
2619,dry
2620,dry
2620,oily
2620,normal
2629,oily
2629,dry
2634,dry
2634,normal
2634,oily
2636,oily
2636,dry
2637,normal
2637,dry
2638,dry
2638,oily
2638,normal
2639,normal
2639,oily
2639,dry
2640,normal
2640,oily
2640,dry
2647,normal
2647,dry
2653,oily
2655,dry
2655,oily
2657,oily
2658,normal
2658,oily
2658,dry
2660,oily
2660,dry
2661,dry
2661,normal
2663,dry
2663,normal
2663,oily
2664,dry
2664,normal
2664,oily
2666,dry
2667,normal
2669,normal
2669,dry
2671,normal
2672,oily
2672,normal
2672,dry
2677,dry
2677,normal
2677,oily
2679,dry
2683,dry
2684,oily
2684,dry
2685,oily
2685,dry
2686,normal
2686,dry
2686,oily
2690,oily
2690,normal
2690,dry
2691,dry
2692,dry
2692,normal
2692,oily
2693,normal
2694,oily
2694,dry
2697,oily
2697,dry
2698,normal
2698,dry
2698,oily
2700,normal
2702,oily
2703,dry
2703,normal
2708,normal
2708,dry
2708,oily
2711,oily
2711,normal
2711,dry
2713,oily
2713,dry
2714,normal
2714,dry
2714,oily
2715,oily
2715,normal
2718,oily
2718,normal
2720,oily
2720,normal
2720,dry
2721,dry
2721,oily
2722,normal
2723,oily
2723,dry
2727,normal
2727,oily
2728,dry
2728,oily
2728,normal
2734,oily
2734,dry
2736,normal
2739,oily
2739,normal
2739,dry
2740,normal
2741,normal
2741,oily
2743,dry
2743,oily
2744,dry
2744,oily
2744,normal
2747,oily
2756,oily
2760,oily
2760,normal
2760,dry
2761,dry
2762,dry
2762,normal
2766,oily
2766,normal
2766,dry
2767,oily
2768,normal
2768,oily
2769,oily
2769,normal
2769,dry
2774,dry
2776,normal
2776,oily
2782,oily
2782,dry
2787,normal
2787,oily
2788,dry
2788,normal
2788,oily
2791,normal
2791,dry
2791,oily
2793,normal
2793,oily
2793,dry
2794,oily
2794,normal
2795,normal
2795,dry
2797,dry
2797,normal
2798,normal
2798,oily
2799,oily
2801,normal
2804,normal
2806,oily
2807,dry
2807,oily
2808,dry
2808,oily
2811,oily
2813,dry
2817,dry
2817,oily
2817,normal
2821,normal
2821,dry
2821,oily
2825,normal
2825,oily
2828,dry
2828,oily
2828,normal
2829,dry
2830,dry
2830,normal
2830,oily
2831,normal
2831,oily
2831,dry
2833,oily
2839,normal
2839,oily
2840,dry
2842,oily
2842,normal
2842,dry
2843,oily
2843,normal
2844,dry
2844,normal
2844,oily
2846,dry
2846,oily
2847,normal
2849,normal
2852,dry
2852,oily
2856,oily
2857,dry
2859,dry
2859,normal
2859,oily
2860,dry
2860,oily
2860,normal
2863,dry
2864,dry
2864,oily
2864,normal
2866,normal
2868,dry
2868,oily
2870,oily
2870,normal
2871,oily
2871,dry
2871,normal
2872,normal
2874,normal
2874,dry
2874,oily
2875,oily
2875,dry
2875,normal
2876,oily
2880,normal
2880,oily
2881,oily
2881,normal
2881,dry
2883,oily
2886,dry
2886,oily
2886,normal
2888,oily
2888,normal
2891,oily
2891,normal
2892,dry
2901,dry
2902,oily
2902,dry
2907,dry
2907,oily
2907,normal
2911,oily
2911,normal
2912,dry
2912,normal
2912,oily
2916,dry
2918,oily
2919,oily
2919,normal
2920,oily
2922,oily
2923,dry
2923,normal
2930,dry
2930,oily
2936,oily
2936,dry
2936,normal
2938,dry
2938,normal
2940,oily
2940,normal
2941,oily
2943,dry
2943,normal
2944,normal
2945,normal
2945,dry
2945,oily
2949,oily
2950,oily
2950,dry
2957,oily
2957,normal
2959,oily
2960,dry
2960,oily
2962,normal
2962,dry
2963,normal
2967,oily
2973,oily
2973,dry
2973,normal
2977,oily
2977,dry
2978,dry
2978,oily
2981,dry
2981,normal
2981,oily
2988,dry
2988,oily
2989,oily
2993,dry
2993,normal
2993,oily
2995,oily
2995,normal
2995,dry
2996,dry
2996,oily
2997,normal
2997,dry
3001,dry
3001,normal
3004,dry
3004,oily
3004,normal
3009,normal
3009,dry
3014,oily
3015,normal
3015,oily
3018,oily
3018,dry
3018,normal
3020,oily
3021,oily
3023,normal
3025,dry
3025,oily
3025,normal
3029,dry
3029,normal
3031,oily
3031,normal
3043,oily
3043,normal
3047,normal
3047,dry
3049,oily
3049,normal
3050,normal
3050,oily
3051,oily
3051,dry
3053,oily
3053,dry
3055,normal
3055,oily
3057,dry
3057,oily
3057,normal
3058,dry
3058,normal
3058,oily
3060,normal
3063,normal
3063,oily
3063,dry
3067,normal
3067,oily
3067,dry
3069,dry
3069,normal
3069,oily
3072,normal
3072,dry
3073,dry
3074,oily
3075,oily
3075,dry
3076,normal
3076,oily
3081,dry
3081,normal
3081,oily
3082,normal
3082,dry
3083,normal
3084,normal
3084,oily
3084,dry
3087,dry
3087,oily
3091,dry
3094,dry
3094,oily
3096,normal
3102,dry
3102,oily
3104,oily
3107,oily
3107,dry
3111,normal
3111,dry
3111,oily
3113,dry
3113,normal
3115,dry
3115,normal
3120,dry
3121,oily
3121,dry
3121,normal
3123,normal
3123,oily
3123,dry
3124,oily
3125,normal
3125,oily
3126,dry
3126,oily
3126,normal
3129,normal
3129,oily
3130,normal
3130,oily
3130,dry
3131,dry
3131,normal
3133,dry
3133,normal
3133,oily
3140,normal
3146,normal
3146,oily
3150,normal
3150,dry
3155,normal
3166,oily
3173,dry
3173,normal
3174,dry
3176,oily
3176,normal
3176,dry
3181,dry
3185,normal
3185,dry
3185,oily
3186,oily
3186,dry
3189,normal
3190,normal
3190,oily
3193,dry
3193,oily
3194,oily
3194,normal
3194,dry
3197,oily
3201,normal
3203,dry
3208,oily
3208,normal
3208,dry
3210,normal
3211,dry
3211,normal
3211,oily
3212,oily
3212,dry
3214,dry
3214,oily
3214,normal
3216,oily
3217,normal
3218,dry
3218,normal
3218,oily
3220,oily
3220,dry
3220,normal
3222,normal
3222,oily
3222,dry
3223,normal
3223,oily
3223,dry
3225,dry
3225,normal
3225,oily
3228,dry
3229,dry
3229,oily
3229,normal
3232,oily
3232,normal
3232,dry
3234,oily
3234,normal
3235,normal
3235,dry
3236,normal
3241,normal
3242,dry
3247,dry
3248,normal
3248,dry
3250,dry
3250,oily
3251,dry
3251,oily
3252,oily
3253,normal
3253,oily
3253,dry
3254,oily
3254,normal
3254,dry
3255,dry
3255,oily
3256,dry
3256,oily
3257,normal
3257,dry
3258,dry
3259,oily
3259,normal
3260,normal
3260,oily
3263,normal
3265,dry
3265,oily
3269,normal
3269,dry
3269,oily
3275,oily
3279,dry
3282,dry
3283,normal
3283,dry
3284,oily
3285,dry
3287,dry
3287,normal
3287,oily
3291,oily
3291,normal
3291,dry
3295,normal
3297,dry
3297,oily
3297,normal
3300,oily
3300,dry
3301,dry
3301,oily
3302,oily
3303,dry
3303,normal
3303,oily
3304,normal
3304,oily
3305,normal
3305,oily
3305,dry
3306,oily
3306,normal
3310,oily
3310,normal
3311,oily
3311,normal
3317,normal
3317,dry
3320,oily
3324,normal
3324,oily
3326,oily
3326,dry
3327,normal
3329,dry
3330,dry
3330,oily
3330,normal
3331,oily
3331,dry
3331,normal
3333,normal
3333,dry
3333,oily
3337,normal
3338,dry
3339,oily
3340,oily
3341,dry
3341,oily
3341,normal
3347,oily
3348,oily
3351,normal
3351,dry
3352,normal
3353,dry
3353,normal
3358,oily
3358,dry
3358,normal
3359,oily
3359,normal
3359,dry
3361,dry
3362,dry
3362,oily
3365,dry
3365,oily
3365,normal
3378,oily
3378,normal
3379,normal
3382,normal
3382,dry
3382,oily
3384,dry
3384,oily
3387,normal
3389,dry
3389,normal
3390,oily
3390,dry
3393,dry
3393,normal
3400,normal
3400,oily
3400,dry
3402,oily
3402,dry
3405,normal
3405,dry
3406,oily
3407,normal
3407,dry
3408,oily
3408,dry
3408,normal
3409,oily
3409,normal
3409,dry
3410,dry
3410,normal
3410,oily
3411,normal
3411,dry
3415,dry
3415,normal
3416,dry
3418,normal
3418,oily
3419,dry
3419,normal
3419,oily
3422,oily
3424,dry
3424,normal
3432,normal
3434,oily
3436,dry
3437,oily
3437,normal
3438,oily
3438,dry
3438,normal
3441,dry
3441,normal
3442,dry
3442,oily
3442,normal
3443,dry
3446,normal
3448,oily
3448,dry
3448,normal
3449,normal
3449,oily
3450,oily
3450,normal
3453,oily
3453,dry
3455,normal
3455,oily
3456,oily
3457,normal
3457,dry
3457,oily
3461,normal
3461,dry
3461,oily
3462,dry
3462,oily
3464,oily
3464,normal
3464,dry
3466,normal
3468,normal
3468,dry
3468,oily
3475,oily
3475,dry
3478,dry
3478,oily
3480,normal
3481,dry
3481,oily
3482,oily
3482,dry
3482,normal
3484,normal
3486,normal
3486,dry
3486,oily
3489,oily
3491,oily
3491,dry
3491,normal
3492,dry
3492,oily
3494,dry
3494,oily
3495,dry
3495,oily
3495,normal
3497,oily
3497,dry
3501,normal
3501,dry
3501,oily
3506,oily
3506,dry
3519,normal
3519,oily
3519,dry
3523,normal
3523,dry
3523,oily
3525,dry
3525,normal
3527,normal
3527,dry
3528,oily
3528,dry
3530,dry
3530,oily
3531,oily
3531,normal
3531,dry
3533,dry
3533,normal
3534,normal
3534,oily
3534,dry
3537,oily
3538,normal
3538,dry
3538,oily
3539,dry
3539,oily
3539,normal
3542,normal
3542,dry
3543,dry
3543,oily
3543,normal
3544,normal
3550,normal
3550,dry
3552,dry
3552,normal
3553,normal
3553,dry
3553,oily
3558,dry
3558,oily
3558,normal
3568,oily
3568,dry
3569,normal
3570,oily
3570,dry
3572,dry
3572,oily
3572,normal
3575,dry
3576,normal
3576,oily
3577,normal
3577,dry
3577,oily
3578,oily
3578,normal
3578,dry
3582,normal
3585,oily
3586,dry
3586,normal
3588,normal
3596,dry
3596,normal
3598,oily
3598,normal
3598,dry
3602,oily
3602,dry
3602,normal
3611,normal
3611,oily
3611,dry
3614,oily
3614,dry
3614,normal
3616,dry
3617,dry
3617,normal
3618,dry
3619,oily
3619,dry
3619,normal
3620,dry
3620,normal
3621,dry
3623,dry
3623,normal
3623,oily
3625,dry
3625,oily
3627,normal
3627,dry
3627,oily
3628,dry
3628,normal
3628,oily
3631,normal
3631,dry
3634,oily
3634,dry
3639,normal
3639,dry
3641,dry
3641,oily
3643,dry
3644,normal
3644,dry
3644,oily
3647,dry
3647,normal
3647,oily
3650,oily
3652,dry
3652,normal
3652,oily
3656,oily
3656,dry
3657,normal
3657,dry
3657,oily
3663,normal
3663,oily
3663,dry
3664,dry
3666,oily
3666,normal
3668,normal
3669,dry
3669,oily
3670,normal
3672,normal
3673,normal
3673,oily
3675,dry
3677,oily
3677,normal
3682,dry
3682,oily
3682,normal
3683,normal
3683,oily
3684,normal
3684,oily
3684,dry
3686,dry
3686,normal
3687,dry
3687,normal
3687,oily
3690,dry
3691,dry
3691,normal
3694,dry
3694,normal
3694,oily
3698,dry
3698,oily
3698,normal
3699,normal
3699,oily
3699,dry
3700,dry
3704,oily
3704,dry
3704,normal
3705,oily
3705,dry
3705,normal
3706,normal
3706,dry
3707,dry
3707,oily
3710,dry
3710,oily
3714,dry
3714,oily
3715,normal
3715,dry
3715,oily
3719,oily
3719,dry
3719,normal
3720,oily
3720,normal
3720,dry
3726,oily
3726,dry
3729,dry
3730,normal
3730,oily
3730,dry
3736,oily
3737,normal
3737,dry
3740,dry
3740,oily
3742,dry
3742,normal
3742,oily
3743,normal
3743,oily
3746,normal
3749,normal
3749,dry
3749,oily
3751,normal
3751,oily
3751,dry
3763,dry
3764,oily
3764,normal
3768,oily
3768,dry
3772,dry
3772,normal
3772,oily
3774,dry
3774,oily
3775,dry
3777,oily
3777,normal
3777,dry
3779,normal
3779,dry
3779,oily
3780,oily
3782,normal
3782,oily
3783,dry
3784,normal
3784,oily
3791,dry
3792,normal
3792,dry
3792,oily
3793,dry
3794,oily
3794,dry
3794,normal
3801,dry
3801,oily
3802,normal
3803,normal
3803,oily
3805,oily
3805,normal
3805,dry
3809,oily
3809,dry
3809,normal
3812,oily
3813,dry
3814,dry
3815,dry
3816,oily
3816,dry
3816,normal
3820,oily
3820,normal
3822,dry
3822,normal
3824,oily
3824,dry
3824,normal
3829,normal
3829,oily
3829,dry
3830,oily
3830,dry
3830,normal
3833,oily
3833,dry
3833,normal
3834,oily
3834,normal
3836,dry
3836,normal
3836,oily
3838,oily
3838,normal
3838,dry
3839,dry
3839,normal
3842,oily
3842,dry
3843,normal
3843,oily
3843,dry
3849,oily
3850,oily
3850,dry
3853,dry
3853,oily
3853,normal
3860,normal
3862,normal
3862,dry
3862,oily
3864,oily
3864,dry
3866,oily
3866,normal
3871,dry
3871,normal
3873,normal
3873,oily
3873,dry
3874,dry
3874,normal
3875,normal
3877,dry
3877,oily
3877,normal
3880,normal
3880,oily
3881,oily
3881,dry
3883,dry
3883,normal
3883,oily
3884,normal
3884,dry
3886,oily
3887,oily
3889,normal
3890,normal
3890,oily
3892,normal
3894,normal
3894,dry
3894,oily
3896,dry
3896,normal
3898,normal
3898,oily
3902,normal
3904,normal
3907,dry
3907,normal
3907,oily
3908,normal
3908,oily
3908,dry
3912,dry
3912,oily
3919,dry
3919,oily
3923,dry
3923,normal
3923,oily
3928,oily
3928,dry
3931,dry
3931,oily
3932,normal
3932,dry
3937,dry
3937,normal
3937,oily
3941,oily
3941,normal
3941,dry
3942,dry
3942,oily
3944,dry
3947,normal
3947,oily
3949,normal
3954,oily
3954,normal
3956,normal
3956,dry
3958,oily
3959,dry
3959,normal
3959,oily
3960,normal
3960,oily
3960,dry
3961,dry
3961,oily
3961,normal
3962,oily
3968,normal
3968,dry
3968,oily
3971,normal
3971,oily
3971,dry
3974,normal
3976,dry
3976,oily
3980,oily
3980,normal
3982,normal
3982,oily
3982,dry
3983,dry
3983,oily
3984,dry
3984,oily
3984,normal
3985,dry
3985,oily
3985,normal
3986,dry
3986,oily
3986,normal
3990,dry
3991,dry
3991,normal
3991,oily
3992,normal
3994,normal
3994,dry
3995,oily
3996,normal
3997,normal
3997,dry
3998,oily
3998,normal
3998,dry
3999,normal
4001,normal
4002,normal
4002,dry
4002,oily
4003,dry
4003,oily
4003,normal
4005,oily
4005,dry
4006,dry
4006,normal
4006,oily
4008,normal
4008,oily
4014,normal
4015,normal
4015,dry
4017,dry
4017,normal
4018,normal
4022,dry
4022,normal
4024,normal
4024,oily
4026,normal
4031,dry
4032,oily
4033,oily
4033,normal
4034,oily
4034,dry
4034,normal
4035,dry
4035,oily
4043,normal
4043,dry
4045,normal
4048,oily
4048,dry
4049,dry
4049,oily
4050,oily
4050,normal
4052,oily
4052,normal
4059,normal
4059,dry
4061,dry
4061,oily
4062,dry
4062,normal
4063,oily
4064,dry
4064,oily
4065,dry
4065,normal
4067,normal
4067,oily
4068,dry
4068,normal
4068,oily
4072,oily
4072,dry
4075,dry
4075,normal
4076,normal
4081,normal
4081,dry
4081,oily
4083,oily
4084,dry
4084,normal
4085,oily
4085,dry
4085,normal
4087,oily
4087,normal
4088,oily
4088,normal
4089,oily
4089,dry
4089,normal
4091,oily
4091,normal
4091,dry
4092,normal
4092,dry
4093,normal
4093,oily
4094,oily
4094,dry
4095,dry
4095,oily
4097,normal
4097,dry
4098,oily
4098,normal
4098,dry
4099,normal
4099,oily
4099,dry
4101,normal
4101,dry
4106,dry
4115,dry
4115,oily
4116,dry
4116,oily
4117,dry
4118,normal
4119,normal
4119,oily
4119,dry
4122,normal
4124,normal
4124,dry
4124,oily
4125,normal
4125,oily
4126,oily
4132,dry
4132,oily
4132,normal
4135,normal
4135,oily
4135,dry
4138,oily
4138,dry
4138,normal
4140,normal
4140,dry
4141,normal
4141,oily
4141,dry
4142,dry
4144,normal
4147,dry
4147,normal
4149,oily
4149,normal
4150,oily
4150,dry
4150,normal
4153,oily
4153,dry
4153,normal
4154,oily
4154,normal
4158,dry
4162,dry
4164,normal
4164,dry
4164,oily
4166,oily
4166,dry
4166,normal
4168,normal
4169,dry
4170,dry
4170,normal
4170,oily
4174,oily
4174,dry
4174,normal
4175,normal
4175,dry
4176,dry
4180,normal
4180,oily
4180,dry
4183,dry
4183,normal
4183,oily
4188,oily
4188,dry
4189,oily
4189,dry
4191,dry
4191,oily
4191,normal
4192,oily
4192,dry
4195,dry
4202,normal
4202,dry
4203,normal
4203,dry
4203,oily
4204,oily
4204,dry
4205,normal
4206,dry
4206,normal
4209,dry
4213,dry
4219,oily
4221,dry
4221,normal
4221,oily
4227,oily
4227,dry
4227,normal
4228,dry
4229,dry
4229,normal
4229,oily
4231,normal
4231,dry
4231,oily
4232,dry
4232,normal
4233,normal
4233,dry
4234,oily
4234,dry
4242,dry
4242,normal
4242,oily
4244,normal
4244,oily
4245,dry
4246,oily
4246,normal
4246,dry
4248,oily
4252,oily
4252,normal
4257,normal
4259,dry
4259,normal
4260,normal
4262,normal
4262,dry
4262,oily
4264,normal
4266,dry
4266,oily
4266,normal
4267,normal
4268,normal
4268,oily
4268,dry
4271,dry
4271,normal
4271,oily
4272,normal
4272,dry
4274,dry
4274,oily
4275,oily
4275,dry
4279,oily
4279,dry
4279,normal
4283,oily
4283,dry
4283,normal
4286,oily
4286,normal
4286,dry
4287,dry
4291,dry
4293,oily
4297,dry
4299,oily
4299,normal
4302,dry
4302,oily
4303,oily
4303,normal
4303,dry
4304,dry
4306,oily
4306,normal
4308,dry
4312,dry
4314,normal
4320,normal
4320,oily
4320,dry
4322,dry
4322,oily
4322,normal
4323,oily
4324,oily
4324,dry
4325,normal
4326,oily
4326,normal
4327,normal
4327,oily
4327,dry
4328,oily
4328,dry
4328,normal
4330,oily
4330,dry
4335,oily
4335,normal
4338,oily
4341,normal
4341,oily
4342,normal
4342,oily
4345,dry
4347,normal
4347,dry
4348,dry
4350,oily
4350,dry
4352,dry
4352,normal
4353,dry
4353,normal
4354,normal
4354,oily
4354,dry
4357,normal
4357,oily
4357,dry
4361,oily
4364,oily
4366,normal
4366,dry
4367,normal
4367,dry
4368,oily
4372,dry
4375,normal
4375,oily
4384,oily
4384,normal
4386,normal
4401,oily
4401,dry
4402,dry
4405,oily
4406,dry
4406,oily
4406,normal
4408,dry
4408,normal
4411,dry
4411,oily
4415,dry
4415,oily
4417,dry
4419,oily
4422,normal
4423,normal
4423,dry
4426,normal
4426,dry
4428,dry
4431,dry
4431,normal
4431,oily
4432,normal
4434,oily
4436,oily
4436,dry
4438,normal
4438,dry
4439,normal
4439,oily
4440,dry
4442,dry
4442,oily
4442,normal
4443,oily
4443,normal
4443,dry
4445,dry
4445,oily
4454,oily
4454,normal
4456,oily
4457,oily
4457,dry
4457,normal
4460,dry
4460,normal
4462,normal
4462,oily
4463,dry
4465,oily
4465,dry
4465,normal
4467,oily
4467,dry
4470,oily
4470,dry
4472,dry
4475,oily
4476,normal
4476,oily
4476,dry
4479,oily
4479,normal
4479,dry
4481,normal
4481,oily
4481,dry
4487,oily
4491,oily
4491,dry
4493,dry
4493,oily
4493,normal
4494,normal
4494,dry
4498,normal
4498,oily
4498,dry
4499,oily
4499,dry
4501,dry
4501,normal
4501,oily
4503,oily
4503,normal
4503,dry
4507,oily
4508,oily
4509,oily
4509,dry
4511,oily
4511,dry
4513,oily
4513,dry
4515,normal
4515,oily
4517,dry
4517,oily
4518,oily
4518,normal
4518,dry
4519,dry
4519,oily
4519,normal
4520,oily
4520,normal
4522,oily
4525,dry
4525,oily
4525,normal
4526,dry
4526,normal
4526,oily
4527,normal
4527,oily
4527,dry
4529,dry
4530,oily
4532,dry
4532,normal
4534,dry
4534,oily
4536,normal
4536,dry
4537,dry
4537,oily
4537,normal
4540,dry
4540,normal
4543,oily
4543,normal
4545,dry
4545,oily
4545,normal
4548,oily
4549,normal
4551,normal
4551,oily
4561,oily
4562,dry
4562,oily
4562,normal
4563,dry
4565,dry
4565,oily
4567,dry
4567,oily
4569,dry
4572,normal
4572,oily
4573,dry
4573,oily
4573,normal
4576,normal
4576,dry
4576,oily
4577,normal
4577,oily
4578,oily
4580,oily
4580,normal
4580,dry
4582,normal
4582,oily
4582,dry
4583,oily
4583,dry
4583,normal
4584,oily
4584,normal
4587,normal
4588,oily
4588,dry
4589,dry
4590,oily
4590,normal
4590,dry
4594,dry
4594,normal
4595,oily
4595,normal
4595,dry
4599,dry
4604,oily
4606,dry
4606,normal
4607,oily
4607,normal
4607,dry
4608,oily
4609,normal
4609,oily
4609,dry
4613,normal
4613,oily
4613,dry
4615,normal
4616,oily
4616,normal
4619,normal
4619,dry
4619,oily
4621,normal
4622,oily
4622,normal
4625,oily
4625,normal
4625,dry
4627,dry
4627,normal
4627,oily
4629,normal
4629,oily
4632,oily
4632,dry
4633,normal
4633,oily
4633,dry
4634,oily
4634,dry
4637,dry
4637,normal
4637,oily
4644,oily
4645,oily
4646,oily
4646,normal
4646,dry
4647,dry
4647,oily
4648,normal
4648,oily
4648,dry
4656,dry
4656,oily
4658,dry
4659,oily
4659,dry
4661,normal
4663,oily
4663,dry
4666,normal
4668,dry
4672,oily
4672,dry
4673,dry
4674,dry
4674,normal
4675,dry
4680,oily
4681,oily
4683,dry
4683,oily
4683,normal
4684,normal
4684,dry
4685,dry
4685,oily
4685,normal
4687,oily
4691,normal
4692,dry
4692,normal
4696,dry
4696,oily
4697,normal
4698,normal
4698,dry
4698,oily
4703,oily
4703,normal
4703,dry
4705,dry
4710,dry
4710,oily
4712,normal
4712,oily
4713,normal
4713,dry
4713,oily
4716,normal
4716,dry
4717,dry
4719,oily
4719,dry
4720,normal
4720,oily
4720,dry
4724,dry
4726,dry
4727,normal
4730,oily
4736,oily
4736,dry
4736,normal
4737,normal
4737,dry
4739,normal
4740,normal
4744,oily
4744,dry
4748,oily
4749,normal
4751,normal
4751,oily
4753,dry
4754,normal
4754,oily
4757,dry
4757,oily
4760,normal
4760,dry
4764,dry
4765,normal
4765,dry
4770,dry
4782,oily
4782,dry
4782,normal
4784,oily
4784,normal
4785,oily
4786,dry
4786,normal
4787,oily
4787,dry
4787,normal
4788,dry
4788,normal
4788,oily
4791,oily
4791,normal
4793,oily
4793,dry
4794,oily
4794,dry
4797,normal
4797,oily
4800,dry
4800,oily
4801,normal
4801,oily
4802,oily
4802,normal
4802,dry
4804,dry
4806,dry
4806,oily
4807,dry
4810,normal
4810,dry
4815,oily
4817,oily
4817,dry
4817,normal
4822,dry
4823,normal
4823,oily
4829,normal
4829,oily
4831,normal
4831,dry
4836,oily
4836,dry
4837,normal
4837,dry
4837,oily
4839,oily
4839,normal
4839,dry
4841,dry
4844,dry
4844,normal
4844,oily
4845,dry
4845,oily
4845,normal
4847,oily
4847,dry
4849,oily
4850,oily
4850,dry
4854,normal
4860,dry
4860,oily
4861,dry
4867,oily
4868,dry
4868,normal
4868,oily
4869,normal
4871,normal
4871,dry
4871,oily
4873,dry
4873,normal
4873,oily
4874,dry
4874,normal
4876,oily
4876,dry
4876,normal
4879,oily
4879,normal
4880,normal
4882,dry
4885,normal
4885,dry
4887,oily
4888,oily
4889,normal
4892,normal
4893,normal
4894,oily
4894,normal
4894,dry
4895,oily
4897,oily
4900,dry
4901,dry
4901,normal
4901,oily
4902,dry
4902,oily
4903,dry
4903,normal
4903,oily
4906,normal
4906,oily
4908,oily
4908,dry
4910,oily
4913,oily
4913,dry
4913,normal
4914,normal
4914,oily
4917,dry
4917,oily
4918,oily
4922,normal
4922,oily
4922,dry
4924,oily
4929,dry
4929,oily
4929,normal
4933,oily
4936,normal
4937,oily
4937,dry
4937,normal
4938,dry
4938,normal
4938,oily
4940,dry
4942,normal
4942,oily
4942,dry
4943,normal
4943,oily
4943,dry
4944,normal
4944,oily
4949,normal
4949,oily
4950,oily
4950,normal
4954,dry
4960,normal
4960,dry
4961,normal
4962,normal
4967,dry
4967,normal
4968,oily
4977,oily
4977,normal
4977,dry
4978,dry
4980,oily
4981,dry
4981,oily
4984,dry
4984,oily
4985,dry
4989,oily
4989,normal
4989,dry
4990,dry
4990,oily
4991,oily
4991,normal
4991,dry
4992,normal
4994,oily
4994,dry
4994,normal
4995,normal
4995,oily
4997,oily
5000,dry
5000,normal
5000,oily
5001,dry
5003,normal
5003,oily
5005,normal
5005,oily
5007,dry
5007,normal
5008,normal
5011,oily
5011,normal
5012,dry
5012,normal
5014,normal
5014,dry
5015,normal
5015,oily
5017,oily
5017,normal
5017,dry
5019,oily
5020,normal
5020,oily
5020,dry
5021,oily
5021,normal
5025,normal
5026,normal
5026,oily
5026,dry
5031,oily
5031,normal
5034,dry
5034,normal
5034,oily
5035,normal
5035,oily
5035,dry
5038,oily
5038,dry
5038,normal
5039,oily
5039,dry
5039,normal
5040,dry
5040,normal
5040,oily
5041,dry
5041,normal
5041,oily
5044,dry
5044,normal
5045,oily
5045,dry
5045,normal
5046,oily
5046,normal
5046,dry
5050,normal
5050,dry
5052,dry
5052,oily
5055,normal
5057,dry
5057,oily
5057,normal
5060,dry
5060,normal
5061,dry
5062,dry
5062,oily
5065,oily
5065,dry
5065,normal
5066,normal
5070,normal
5070,dry
5070,oily
5071,normal
5071,dry
5071,oily
5072,normal
5074,normal
5076,normal
5076,oily
5078,normal
5078,dry
5080,oily
5080,normal
5080,dry
5084,normal
5084,oily
5084,dry
5085,oily
5089,oily
5090,oily
5090,normal
5091,normal
5091,oily
5091,dry
5093,dry
5093,oily
5093,normal
5095,normal
5097,oily
5098,dry
5098,normal
5098,oily
5099,normal
5099,dry
5099,oily
5100,dry
5104,normal
5104,dry
5104,oily
5110,normal
5110,dry
5110,oily
5114,normal
5117,oily
5117,normal
5120,dry
5120,normal
5120,oily
5121,oily
5123,oily
5123,normal
5123,dry
5127,dry
5127,oily
5128,normal
5128,oily
5129,oily
5131,dry
5131,oily
5134,dry
5134,normal
5135,normal
5135,dry
5135,oily
5136,dry
5136,oily
5136,normal
5138,dry
5138,oily
5141,normal
5141,oily
5141,dry
5144,dry
5144,oily
5146,oily
5146,normal
5148,oily
5148,dry
5148,normal
5149,dry
5149,normal
5150,normal
5150,dry
5150,oily
5152,oily
5155,dry
5155,oily
5158,oily
5158,dry
5161,normal
5161,dry
5165,normal
5165,dry
5172,normal
5172,oily
5177,normal
5180,oily
5180,normal
5182,normal
5182,oily
5184,dry
5190,dry
5190,oily
5195,normal
5200,dry
5203,dry
5204,dry
5204,oily
5204,normal
5206,dry
5206,oily
5207,normal
5208,dry
5210,normal
5210,dry
5211,normal
5211,dry
5211,oily
5214,dry
5215,dry
5215,oily
5215,normal
5217,dry
5217,oily
5217,normal
5218,normal
5218,dry
5219,oily
5219,normal
5220,oily
5220,dry
5220,normal
5228,dry
5228,normal
5236,normal
5237,dry
5237,oily
5237,normal
5238,oily
5238,normal
5238,dry
5240,dry
5240,oily
5241,dry
5241,normal
5241,oily
5245,normal
5248,dry
5253,normal
5254,oily
5255,dry
5260,normal
5260,oily
5260,dry
5264,normal
5264,dry
5264,oily
5268,oily
5268,dry
5268,normal
5273,normal
5273,oily
5278,dry
5278,oily
5278,normal
5279,oily
5279,normal
5279,dry
5283,oily
5285,oily
5285,dry
5286,dry
5286,oily
5288,normal
5290,oily
5290,normal
5290,dry
5294,normal
5294,dry
5296,dry
5299,dry
5299,oily
5301,dry
5303,normal
5304,oily
5304,dry
5304,normal
5306,oily
5306,dry
5309,normal
5310,normal
5310,dry
5316,dry
5316,oily
5316,normal
5318,oily
5318,dry
5326,oily
5329,oily
5329,normal
5332,dry
5332,oily
5333,oily
5334,oily
5339,normal
5340,dry
5340,oily
5344,oily
5346,normal
5346,dry
5349,dry
5351,oily
5352,dry
5352,oily
5352,normal
5353,dry
5353,normal
5354,normal
5354,dry
5354,oily
5356,oily
5356,dry
5361,normal
5364,oily
5364,dry
5364,normal
5367,normal
5367,oily
5367,dry
5369,dry
5369,normal
5369,oily
5373,normal
5373,dry
5373,oily
5376,oily
5376,normal
5376,dry
5378,normal
5378,dry
5378,oily
5380,dry
5381,normal
5381,dry
5382,oily
5382,normal
5382,dry
5385,oily
5385,dry
5385,normal
5386,dry
5386,normal
5386,oily
5387,oily
5387,dry
5387,normal
5389,oily
5389,normal
5396,dry
5396,normal
5397,oily
5397,dry
5398,oily
5399,normal
5401,dry
5403,dry
5404,normal
5404,dry
5406,dry
5410,oily
5411,dry
5411,normal
5411,oily
5418,oily
5418,normal
5418,dry
5420,oily
5420,normal
5420,dry
5421,oily
5421,dry
5427,normal
5428,normal
5428,dry
5430,dry
5430,normal
5434,dry
5439,oily
5439,dry
5440,dry
5440,oily
5441,normal
5441,oily
5441,dry
5442,dry
5445,dry
5445,normal
5445,oily
5447,oily
5448,normal
5448,oily
5448,dry
5449,oily
5449,dry
5449,normal
5451,normal
5452,dry
5452,normal
5456,normal
5456,oily
5456,dry
5458,normal
5458,oily
5458,dry
5460,normal
5460,oily
5462,oily
5464,normal
5465,oily
5470,oily
5472,dry
5472,normal
5472,oily
5475,oily
5475,normal
5475,dry
5479,oily
5479,normal
5479,dry
5481,normal
5481,oily
5481,dry
5484,dry
5484,normal
5484,oily
5485,dry
5485,oily
5485,normal
5486,oily
5487,oily
5487,dry
5487,normal
5492,normal
5492,dry
5492,oily
5493,normal
5493,oily
5497,dry
5497,normal
5498,oily
5498,normal
5498,dry
5499,normal
5499,dry
5499,oily
5502,dry
5502,normal
5502,oily
5511,oily
5517,oily
5518,normal
5520,normal
5522,normal
5522,oily
5523,oily
5526,normal
5526,dry
5527,dry
5527,oily
5531,normal
5532,oily
5532,normal
5537,oily
5538,normal
5538,dry
5540,oily
5540,normal
5540,dry
5545,oily
5546,normal
5546,dry
5547,normal
5548,oily
5550,oily
5550,normal
5552,normal
5553,dry
5553,oily
5553,normal
5555,normal
5558,dry
5558,normal
5558,oily
5562,normal
5566,oily
5568,dry
5568,normal
5568,oily
5569,normal
5569,oily
5571,oily
5573,dry
5576,dry
5576,oily
5576,normal
5583,oily
5583,dry
5583,normal
5586,dry
5586,oily
5586,normal
5589,oily
5590,oily
5590,normal
5591,dry
5591,normal
5591,oily
5596,dry
5597,dry
5598,oily
5598,normal
5599,normal
5599,oily
5601,normal
5602,dry
5603,normal
5603,dry
5610,dry
5610,normal
5610,oily
5613,dry
5613,normal
5615,normal
5615,oily
5615,dry
5616,normal
5616,oily
5616,dry
5618,oily
5618,dry
5620,dry
5620,normal
5620,oily
5621,normal
5621,dry
5621,oily
5623,oily
5623,dry
5623,normal
5628,oily
5629,dry
5629,oily
5630,normal
5631,dry
5631,normal
5633,dry
5633,normal
5638,oily
5638,normal
5641,oily
5642,dry
5644,normal
5644,oily
5644,dry
5646,oily
5646,dry
5649,dry
5649,normal
5649,oily
5652,dry
5652,oily
5652,normal
5653,dry
5653,normal
5653,oily
5655,normal
5655,dry
5655,oily
5656,dry
5656,oily
5658,dry
5659,normal
5659,oily
5659,dry
5666,dry
5667,normal
5667,dry
5669,oily
5672,oily
5679,dry
5679,normal
5679,oily
5680,normal
5686,normal
5686,dry
5688,oily
5688,normal
5689,normal
5689,dry
5689,oily
5690,oily
5690,normal
5690,dry
5693,oily
5693,normal
5693,dry
5696,dry
5697,oily
5701,normal
5702,dry
5702,oily
5702,normal
5703,oily
5705,normal
5705,dry
5705,oily
5709,dry
5710,oily
5715,normal
5719,normal
5719,oily
5720,oily
5720,normal
5721,dry
5721,normal
5722,normal
5722,dry
5722,oily
5724,oily
5724,normal
5724,dry
5726,dry
5726,oily
5728,dry
5728,oily
5728,normal
5730,dry
5731,oily
5732,oily
5734,normal
5734,oily
5737,normal
5737,oily
5738,dry
5743,oily
5743,normal
5745,normal
5745,dry
5748,dry
5751,normal
5752,dry
5752,oily
5752,normal
5753,normal
5753,dry
5753,oily
5754,dry
5754,oily
5754,normal
5755,normal
5755,oily
5755,dry
5756,normal
5758,oily
5758,normal
5758,dry
5762,normal
5762,oily
5762,dry
5763,oily
5763,dry
5769,dry
5769,normal
5769,oily
5770,dry
5770,oily
5773,oily
5778,normal
5779,oily
5779,dry
5781,oily
5781,normal
5784,dry
5784,normal
5784,oily
5790,oily
5790,dry
5790,normal
5791,normal
5791,oily
5791,dry
5795,dry
5797,oily
5797,normal
5799,dry
5799,oily
5799,normal
5803,oily
5803,normal
5803,dry
5804,oily
5808,oily
5809,dry
5814,dry
5814,oily
5814,normal
5816,oily
5817,dry
5818,dry
5823,normal
5825,oily
5825,normal
5827,normal
5829,dry
5829,normal
5829,oily
5834,oily
5835,dry
5835,oily
5839,normal
5843,oily
5843,dry
5852,dry
5853,normal
5853,oily
5854,normal
5855,normal
5855,dry
5855,oily
5856,dry
5857,dry
5857,normal
5858,oily
5858,normal
5858,dry
5859,oily
5866,dry
5867,dry
5867,oily
5868,oily
5868,dry
5870,oily
5873,normal
5873,dry
5873,oily
5874,normal
5874,dry
5883,normal
5883,dry
5883,oily
5891,oily
5891,normal
5891,dry
5895,normal
5895,oily
5895,dry
5896,dry
5899,oily
5899,dry
5902,oily
5903,dry
5905,dry
5905,oily
5911,oily
5911,dry
5911,normal
5914,normal
5914,oily
5914,dry
5916,oily
5916,normal
5920,oily
5920,normal
5920,dry
5921,oily
5923,oily
5927,normal
5932,dry
5932,normal
5932,oily
5935,oily
5939,normal
5939,oily
5940,dry
5942,dry
5942,oily
5951,normal
5953,dry
5955,dry
5955,oily
5955,normal
5958,dry
5958,oily
5958,normal
5959,oily
5959,normal
5963,normal
5964,dry
5965,oily
5965,dry
5965,normal
5966,dry
5968,normal
5968,oily
5968,dry
5971,oily
5971,dry
5971,normal
5975,dry
5975,oily
5976,oily
5977,normal
5981,dry
5985,dry
5985,normal
5985,oily
5986,normal
5987,normal
5987,oily
5997,normal
5998,oily
5998,normal
5998,dry
5999,normal
5999,dry
6001,oily
6001,normal
6001,dry
6002,normal
6002,dry
6006,oily
6007,oily
6007,dry
6010,oily
6010,dry
6010,normal
6014,oily
6015,normal
6015,dry
6016,dry
6016,normal
6016,oily
6018,dry
6019,normal
6019,oily
6019,dry
6023,normal
6023,oily
6028,oily
6028,dry
6030,dry
6030,oily
6030,normal
6032,dry
6034,oily
6034,normal
6039,normal
6039,oily
6039,dry
6042,dry
6042,normal
6049,oily
6049,normal
6049,dry
6050,oily
6050,normal
6050,dry
6054,oily
6054,dry
6054,normal
6055,dry
6055,normal
6057,dry
6057,oily
6058,normal
6058,oily
6059,oily
6059,dry
6061,dry
6061,normal
6062,dry
6064,oily
6064,normal
6064,dry
6067,oily
6067,normal
6072,normal
6072,oily
6072,dry
6075,normal
6078,dry
6079,oily
6080,oily
6080,normal
6080,dry
6082,normal
6082,dry
6085,normal
6085,oily
6087,dry
6087,normal
6090,dry
6090,normal
6092,oily
6092,normal
6094,normal
6094,dry
6094,oily
6095,normal
6095,dry
6095,oily
6097,normal
6101,oily
6101,dry
6102,dry
6102,normal
6104,dry
6105,normal
6106,oily
6106,dry
6108,normal
6108,dry
6108,oily
6110,normal
6112,dry
6113,dry
6113,oily
6114,normal
6114,oily
6115,normal
6115,oily
6117,oily
6117,dry
6117,normal
6122,dry
6123,normal
6123,dry
6132,oily
6132,normal
6132,dry
6133,normal
6133,oily
6133,dry
6134,normal
6134,oily
6135,dry
6135,normal
6137,dry
6140,normal
6140,oily
6145,normal
6145,dry
6146,dry
6146,oily
6146,normal
6149,dry
6149,normal
6151,dry
6151,oily
6155,oily
6156,normal
6156,oily
6158,oily
6158,normal
6158,dry
6160,oily
6163,oily
6164,dry
6164,oily
6165,normal
6165,dry
6168,oily
6168,normal
6177,dry
6180,oily
6180,normal
6181,normal
6183,oily
6184,normal
6184,dry
6185,normal
6185,oily
6185,dry
6186,normal
6186,oily
6187,oily
6187,normal
6190,dry
6191,dry
6192,oily
6194,normal
6194,dry
6195,normal
6195,dry
6195,oily
6198,oily
6203,oily
6203,normal
6208,oily
6211,dry
6211,oily
6219,normal
6219,dry
6226,normal
6230,normal
6232,oily
6235,normal
6236,oily
6238,normal
6242,normal
6242,dry
6244,oily
6244,dry
6244,normal
6246,oily
6246,dry
6248,oily
6248,normal
6251,dry
6251,normal
6251,oily
6253,oily
6253,normal
6253,dry
6257,dry
6257,normal
6259,dry
6259,normal
6259,oily
6262,dry
6267,dry
6269,normal
6272,dry
6272,normal
6276,dry
6279,normal
6281,normal
6281,dry
6288,normal
6288,oily
6291,normal
6291,oily
6296,oily
6296,normal
6296,dry
6298,dry
6298,oily
6299,normal
6299,oily
6299,dry
6307,oily
6310,dry
6316,normal
6316,oily
6319,normal
6325,dry
6326,dry
6327,oily
6327,normal
6327,dry
6332,oily
6332,normal
6334,dry
6334,oily
6341,oily
6341,dry
6345,oily
6351,dry
6351,oily
6354,dry
6357,dry
6359,oily
6359,dry
6359,normal
6364,normal
6367,oily
6368,oily
6368,normal
6370,dry
6372,oily
6372,dry
6372,normal
6373,dry
6373,oily
6374,oily
6374,normal
6374,dry
6376,normal
6378,oily
6378,dry
6378,normal
6379,dry
6379,normal
6379,oily
6383,normal
6383,oily
6383,dry
6385,normal
6385,oily
6385,dry
6387,normal
6387,oily
6388,oily
6388,dry
6388,normal
6389,dry
6392,oily
6392,normal
6392,dry
6393,normal
6393,oily
6395,oily
6395,normal
6396,oily
6396,dry
6396,normal
6397,oily
6399,dry
6399,normal
6401,dry
6401,oily
6401,normal
6403,dry
6403,oily
6403,normal
6405,normal
6405,dry
6407,oily
6407,dry
6407,normal
6411,dry
6411,oily
6411,normal
6412,dry
6412,normal
6413,dry
6414,normal
6415,dry
6415,oily
6415,normal
6416,normal
6417,normal
6417,dry
6417,oily
6419,normal
6421,oily
6421,dry
6422,dry
6422,normal
6423,oily
6423,dry
6425,dry
6425,oily
6427,dry
6427,normal
6427,oily
6428,dry
6429,dry
6429,oily
6429,normal
6430,normal
6430,dry
6433,normal
6437,oily
6439,oily
6443,normal
6449,normal
6449,oily
6449,dry
6451,oily
6454,normal
6454,oily
6454,dry
6457,dry
6457,oily
6458,dry
6458,normal
6458,oily
6463,normal
6463,dry
6464,dry
6467,oily
6467,normal
6470,oily
6470,dry
6470,normal
6471,normal
6473,oily
6474,oily
6475,oily
6479,normal
6481,normal
6481,dry
6486,dry
6486,oily
6486,normal
6489,oily
6489,dry
6489,normal
6490,dry
6490,normal
6490,oily
6491,dry
6492,oily
6492,normal
6492,dry
6495,dry
6495,normal
6496,oily
6496,dry
6496,normal
6497,dry
6497,normal
6500,dry
6500,normal
6501,oily
6503,oily
6505,normal
6505,oily
6505,dry
6516,dry
6516,oily
6516,normal
6518,oily
6518,dry
6518,normal
6521,normal
6521,dry
6524,normal
6533,normal
6534,oily
6534,normal
6535,dry
6535,oily
6535,normal
6536,normal
6537,dry
6537,normal
6538,dry
6539,dry
6542,oily
6542,dry
6543,normal
6544,normal
6544,oily
6544,dry
6547,dry
6549,dry
6554,oily
6554,dry
6556,dry
6557,normal
6557,oily
6558,oily
6559,oily
6559,normal
6559,dry
6560,dry
6560,normal
6560,oily
6561,normal
6563,oily
6567,normal
6569,dry
6569,normal
6571,normal
6571,dry
6571,oily
6572,dry
6572,oily
6572,normal
6573,normal
6573,oily
6573,dry
6574,normal
6575,oily
6576,oily
6578,dry
6586,normal
6588,normal
6588,oily
6590,dry
6590,oily
6590,normal
6591,oily
6591,dry
6594,dry
6595,dry
6595,oily
6598,normal
6598,oily
6599,dry
6599,normal
6599,oily
6605,normal
6605,oily
6608,normal
6608,oily
6611,oily
6612,oily
6612,normal
6613,dry
6613,oily
6613,normal
6618,normal
6618,dry
6619,oily
6619,normal
6619,dry
6622,dry
6622,oily
6626,oily
6631,dry
6631,normal
6632,oily
6632,normal
6633,oily
6636,dry
6636,normal
6637,normal
6637,oily
6637,dry
6643,oily
6643,dry
6643,normal
6650,oily
6651,normal
6652,oily
6652,dry
6652,normal
6656,dry
6656,normal
6661,oily
6661,normal
6667,normal
6667,oily
6668,normal
6668,dry
6671,oily
6671,dry
6671,normal
6672,normal
6674,dry
6674,normal
6676,dry
6676,normal
6676,oily
6677,dry
6678,normal
6678,dry
6679,oily
6679,dry
6680,normal
6687,dry
6687,oily
6688,oily
6688,dry
6689,dry
6689,oily
6690,normal
6690,oily
6690,dry
6692,oily
6694,dry
6694,normal
6694,oily
6695,oily
6695,normal
6696,dry
6696,normal
6697,dry
6698,normal
6700,dry
6700,oily
6700,normal
6701,normal
6704,dry
6704,normal
6704,oily
6705,dry
6706,dry
6708,dry
6712,normal
6712,dry
6712,oily
6714,oily
6714,normal
6714,dry
6718,dry
6718,normal
6718,oily
6719,oily
6720,oily
6720,normal
6720,dry
6724,oily
6726,dry
6726,normal
6727,dry
6727,oily
6727,normal
6729,oily
6729,normal
6729,dry
6730,dry
6730,normal
6730,oily
6731,normal
6731,dry
6731,oily
6734,dry
6735,normal
6735,oily
6739,oily
6739,normal
6739,dry
6741,oily
6742,oily
6743,normal
6743,dry
6745,oily
6749,oily
6749,dry
6749,normal
6750,normal
6750,oily
6750,dry
6759,dry
6761,dry
6761,normal
6761,oily
6765,normal
6765,oily
6766,normal
6767,dry
6770,normal
6770,dry
6770,oily
6771,normal
6771,dry
6772,oily
6772,dry
6775,oily
6775,normal
6777,normal
6777,dry
6780,dry
6780,oily
6780,normal
6781,dry
6781,normal
6784,normal
6786,dry
6786,normal
6792,dry
6792,normal
6792,oily
6793,oily
6793,dry
6794,normal
6794,oily
6795,oily
6795,dry
6795,normal
6796,dry
6798,normal
6798,oily
6798,dry
6801,oily
6801,normal
6802,oily
6805,dry
6805,oily
6806,oily
6806,dry
6808,dry
6808,normal
6808,oily
6809,oily
6809,normal
6809,dry
6811,oily
6811,normal
6811,dry
6815,oily
6819,oily
6819,normal
6819,dry
6828,normal
6828,oily
6829,normal
6829,oily
6833,normal
6833,dry
6834,normal
6837,normal
6837,dry
6842,oily
6850,oily
6853,oily
6854,oily
6854,normal
6854,dry
6856,oily
6856,dry
6856,normal
6857,dry
6862,normal
6862,oily
6862,dry
6864,oily
6867,normal
6867,oily
6867,dry
6868,normal
6869,normal
6869,dry
6870,normal
6870,oily
6870,dry
6871,normal
6871,oily
6871,dry
6874,oily
6874,normal
6874,dry
6877,normal
6877,dry
6877,oily
6878,dry
6879,dry
6884,oily
6884,normal
6888,oily
6888,dry
6888,normal
6892,dry
6894,dry
6894,oily
6894,normal
6895,dry
6897,normal
6897,oily
6899,dry
6900,oily
6900,normal
6900,dry
6902,dry
6902,normal
6905,oily
6905,normal
6905,dry
6909,normal
6909,dry
6912,normal
6913,oily
6913,dry
6914,normal
6914,oily
6914,dry
6917,oily
6917,normal
6919,normal
6921,oily
6926,normal
6926,oily
6926,dry
6927,oily
6929,normal
6929,dry
6929,oily
6930,oily
6932,normal
6933,dry
6933,oily
6933,normal
6934,normal
6934,oily
6934,dry
6937,oily
6938,normal
6938,dry
6938,oily
6941,dry
6945,normal
6945,dry
6945,oily
6956,normal
6960,oily
6960,dry
6960,normal
6964,oily
6964,normal
6966,oily
6966,normal
6968,normal
6968,oily
6968,dry
6971,dry
6971,normal
6971,oily
6974,dry
6974,normal
6974,oily
6975,normal
6975,oily
6976,dry
6976,oily
6977,normal
6978,normal
6978,oily
6978,dry
6983,oily
6984,dry
6984,normal
6984,oily
6985,normal
6985,oily
6987,oily
6987,normal
6987,dry
6989,dry
6989,normal
6989,oily
6995,dry
6995,normal
6999,normal
6999,oily
7000,dry
7002,dry
7002,oily
7004,normal
7005,dry
7005,oily
7010,oily
7010,normal
7012,normal
7012,dry
7012,oily
7013,dry
7013,normal
7014,oily
7014,normal
7015,oily
7015,normal
7016,dry
7016,normal
7016,oily
7017,oily
7018,normal
7020,oily
7020,normal
7020,dry
7021,oily
7021,dry
7021,normal
7023,oily
7023,normal
7023,dry
7024,dry
7026,oily
7027,normal
7027,dry
7029,oily
7031,oily
7031,normal
7031,dry
7037,normal
7037,dry
7038,normal
7038,oily
7039,normal
7039,oily
7039,dry
7040,dry
7040,normal
7040,oily
7045,normal
7045,dry
7045,oily
7046,normal
7046,oily
7050,oily
7050,normal
7050,dry
7053,normal
7053,oily
7053,dry
7054,normal
7054,oily
7056,oily
7057,normal
7058,normal
7062,normal
7065,dry
7067,oily
7067,normal
7068,dry
7068,oily
7068,normal
7069,dry
7069,normal
7069,oily
7071,oily
7071,normal
7071,dry
7074,oily
7074,normal
7074,dry
7076,oily
7077,dry
7082,normal
7082,dry
7082,oily
7083,oily
7083,normal
7083,dry
7087,oily
7088,normal
7089,dry
7089,oily
7089,normal
7090,dry
7090,normal
7090,oily
7092,normal
7092,dry
7093,normal
7096,normal
7096,oily
7097,normal
7102,oily
7103,dry
7104,dry
7104,oily
7104,normal
7105,oily
7106,normal
7106,oily
7106,dry
7107,dry
7109,dry
7109,normal
7109,oily
7110,dry
7110,oily
7110,normal
7112,normal
7112,dry
7112,oily
7113,oily
7113,dry
7113,normal
7115,oily
7115,normal
7117,dry
7117,oily
7118,normal
7118,dry
7118,oily
7119,oily
7119,dry
7121,normal
7125,dry
7126,normal
7130,dry
7130,normal
7130,oily
7134,dry
7134,normal
7134,oily
7135,dry
7135,oily
7135,normal
7138,normal
7138,oily
7140,oily
7140,normal
7140,dry
7141,normal
7141,dry
7142,normal
7147,oily
7148,dry
7148,normal
7149,dry
7149,normal
7150,oily
7150,dry
7154,normal
7154,oily
7157,normal
7159,oily
7159,dry
7159,normal
7160,dry
7160,oily
7160,normal
7165,dry
7165,normal
7165,oily
7170,oily
7172,oily
7172,dry
7174,normal
7175,dry
7175,oily
7175,normal
7177,oily
7177,dry
7177,normal
7178,dry
7181,dry
7181,oily
7182,dry
7185,oily
7185,dry
7185,normal
7187,dry
7188,dry
7188,oily
7188,normal
7190,oily
7190,normal
7190,dry
7191,normal
7191,oily
7191,dry
7193,normal
7196,oily
7196,dry
7196,normal
7201,dry
7203,normal
7205,normal
7209,dry
7209,normal
7210,normal
7211,oily
7211,normal
7211,dry
7212,normal
7213,normal
7213,dry
7213,oily
7215,oily
7215,dry
7215,normal
7216,dry
7216,normal
7216,oily
7219,normal
7219,oily
7219,dry
7220,normal
7220,dry
7222,normal
7227,dry
7230,normal
7230,oily
7233,normal
7233,oily
7235,dry
7241,dry
7243,normal
7243,dry
7243,oily
7245,dry
7245,normal
7247,dry
7248,oily
7248,dry
7248,normal
7254,dry
7254,oily
7254,normal
7255,oily
7255,normal
7258,oily
7261,dry
7261,normal
7261,oily
7264,normal
7264,dry
7265,normal
7265,dry
7265,oily
7266,dry
7267,dry
7267,oily
7267,normal
7269,normal
7269,dry
7269,oily
7270,oily
7271,oily
7274,oily
7274,dry
7274,normal
7275,oily
7275,dry
7276,normal
7279,normal
7279,oily
7281,normal
7281,oily
7281,dry
7288,oily
7288,normal
7291,normal
7291,oily
7291,dry
7292,dry
7292,normal
7292,oily
7293,normal
7293,oily
7296,oily
7296,normal
7298,dry
7298,oily
7298,normal
7301,oily
7301,dry
7304,dry
7307,normal
7309,normal
7309,oily
7310,normal
7314,oily
7315,dry
7316,normal
7316,oily
7316,dry
7317,dry
7317,normal
7318,dry
7318,normal
7319,dry
7319,normal
7322,normal
7323,normal
7325,oily
7328,normal
7328,dry
7328,oily
7334,oily
7334,normal
7336,normal
7336,dry
7336,oily
7338,dry
7346,dry
7346,oily
7348,oily
7350,dry
7355,normal
7355,dry
7355,oily
7356,dry
7357,oily
7357,dry
7360,dry
7360,normal
7360,oily
7361,dry
7362,oily
7362,dry
7363,normal
7367,dry
7367,oily
7367,normal
7370,oily
7370,normal
7371,dry
7374,dry
7374,oily
7374,normal
7376,normal
7381,oily
7381,dry
7381,normal
7386,normal
7387,dry
7388,dry
7395,dry
7395,normal
7396,oily
7399,oily
7399,normal
7399,dry
7402,oily
7402,normal
7402,dry
7404,dry
7408,oily
7408,normal
7411,normal
7411,dry
7412,oily
7412,normal
7413,normal
7413,dry
7413,oily
7414,dry
7417,dry
7417,oily
7419,normal
7419,dry
7421,dry
7421,normal
7422,oily
7422,normal
7424,normal
7425,oily
7425,normal
7425,dry
7426,oily
7430,normal
7430,oily
7430,dry
7431,normal
7432,oily
7432,dry
7435,oily
7435,normal
7438,normal
7438,oily
7440,normal
7440,oily
7441,normal
7441,oily
7441,dry
7443,oily
7444,oily
7444,normal
7444,dry
7446,dry
7446,normal
7448,oily
7448,normal
7448,dry
7449,normal
7449,dry
7449,oily
7451,dry
7452,dry
7452,oily
7453,dry
7454,oily
7459,oily
7459,dry
7459,normal
7461,oily
7461,normal
7461,dry
7463,oily
7467,oily
7467,dry
7472,oily
7472,dry
7477,dry
7477,normal
7479,dry
7479,oily
7480,dry
7480,oily
7483,normal
7483,oily
7483,dry
7484,dry
7486,normal
7486,oily
7490,normal
7490,oily
7490,dry
7493,normal
7493,oily
7494,dry
7494,oily
7494,normal
7495,normal
7495,oily
7502,oily
7504,dry
7504,normal
7504,oily
7507,oily
7507,normal
7507,dry
7508,normal
7509,normal
7509,dry
7509,oily
7510,normal
7512,normal
7512,oily
7513,oily
7513,dry
7514,normal
7517,dry
7518,oily
7520,oily
7520,normal
7520,dry
7522,normal
7523,dry
7523,normal
7527,dry
7531,dry
7533,normal
7537,normal
7537,dry
7538,normal
7538,dry
7539,oily
7539,dry
7539,normal
7544,oily
7544,dry
7545,normal
7548,oily
7548,normal
7548,dry
7552,normal
7555,oily
7555,normal
7555,dry
7557,normal
7557,oily
7557,dry
7561,oily
7561,normal
7561,dry
7562,dry
7571,normal
7571,dry
7571,oily
7576,oily
7579,oily
7579,dry
7581,normal
7581,oily
7581,dry
7585,dry
7585,normal
7586,oily
7587,dry
7587,oily
7590,dry
7590,normal
7591,dry
7591,oily
7591,normal
7594,dry
7594,oily
7596,oily
7596,normal
7596,dry
7599,dry
7599,normal
7599,oily
7601,dry
7601,oily
7606,dry
7606,normal
7606,oily
7613,dry
7613,normal
7613,oily
7618,normal
7621,normal
7622,oily
7623,dry
7623,oily
7625,dry
7626,oily
7626,dry
7627,dry
7627,oily
7639,oily
7639,dry
7640,dry
7640,normal
7640,oily
7641,dry
7643,oily
7644,normal
7646,dry
7646,oily
7648,oily
7648,normal
7648,dry
7649,oily
7649,normal
7649,dry
7650,normal
7650,oily
7650,dry
7656,dry
7656,oily
7656,normal
7658,dry
7658,oily
7659,dry
7659,oily
7659,normal
7662,oily
7662,normal
7662,dry
7663,dry
7663,oily
7664,normal
7664,oily
7667,normal
7668,dry
7672,oily
7678,normal
7680,dry
7682,oily
7682,dry
7684,dry
7684,oily
7686,dry
7686,normal
7686,oily
7687,dry
7690,dry
7694,oily
7698,dry
7698,oily
7698,normal
7702,oily
7702,normal
7703,normal
7703,dry
7703,oily
7706,normal
7706,oily
7707,normal
7707,dry
7709,dry
7710,normal
7711,dry
7711,normal
7712,oily
7712,dry
7713,normal
7713,dry
7714,normal
7715,dry
7715,oily
7716,dry
7716,normal
7716,oily
7717,normal
7717,oily
7717,dry
7719,oily
7731,normal
7735,normal
7736,oily
7736,dry
7736,normal
7737,dry
7738,normal
7738,oily
7738,dry
7739,normal
7739,oily
7739,dry
7740,normal
7743,dry
7745,oily
7745,normal
7746,dry
7747,oily
7747,dry
7748,normal
7748,dry
7750,normal
7751,normal
7753,normal
7753,dry
7754,dry
7754,oily
7754,normal
7756,oily
7757,oily
7769,dry
7777,normal
7777,dry
7777,oily
7778,oily
7781,normal
7783,normal
7787,normal
7787,oily
7787,dry
7789,oily
7789,dry
7789,normal
7790,normal
7791,normal
7792,normal
7792,oily
7795,oily
7796,normal
7797,normal
7800,dry
7800,oily
7804,dry
7804,oily
7806,normal
7807,oily
7807,dry
7814,oily
7816,normal
7816,dry
7816,oily
7821,dry
7821,oily
7823,normal
7827,oily
7827,normal
7828,normal
7828,dry
7829,oily
7829,dry
7829,normal
7831,normal
7831,oily
7832,normal
7832,dry
7832,oily
7833,normal
7833,dry
7833,oily
7834,normal
7836,normal
7836,dry
7840,oily
7840,dry
7841,normal
7841,dry
7841,oily
7845,oily
7848,dry
7849,normal
7852,normal
7852,oily
7854,oily
7854,dry
7855,normal
7855,oily
7856,oily
7856,normal
7857,dry
7857,normal
7857,oily
7858,dry
7859,oily
7859,dry
7859,normal
7862,oily
7862,dry
7863,normal
7864,oily
7865,dry
7865,oily
7865,normal
7868,dry
7868,normal
7868,oily
7871,normal
7877,dry
7878,dry
7878,normal
7879,dry
7879,oily
7880,normal
7880,dry
7882,dry
7883,normal
7883,dry
7883,oily
7886,dry
7889,normal
7889,dry
7890,normal
7894,dry
7894,normal
7894,oily
7896,oily
7896,dry
7897,oily
7897,dry
7898,normal
7898,dry
7898,oily
7901,oily
7901,dry
7902,normal
7902,oily
7902,dry
7903,dry
7906,dry
7907,dry
7907,normal
7908,normal
7908,dry
7908,oily
7909,normal
7909,dry
7912,dry
7912,normal
7912,oily
7913,dry
7913,oily
7913,normal
7916,normal
7916,dry
7917,normal
7920,dry
7920,normal
7921,dry
7921,oily
7921,normal
7922,oily
7923,normal
7923,dry
7923,oily
7927,normal
7927,oily
7929,normal
7929,oily
7929,dry
7931,dry
7931,normal
7932,normal
7937,dry
7937,oily
7937,normal
7939,dry
7939,normal
7944,normal
7944,oily
7944,dry
7945,normal
7945,dry
7951,oily
7951,dry
7952,normal
7952,dry
7953,dry
7955,oily
7956,normal
7956,oily
7957,normal
7957,oily
7957,dry
7958,normal
7960,oily
7960,normal
7961,dry
7962,dry
7962,normal
7963,oily
7966,oily
7966,normal
7966,dry
7970,normal
7970,oily
7972,oily
7972,normal
7973,dry
7974,normal
7983,dry
7985,oily
7985,dry
7985,normal
7986,dry
7986,oily
7991,oily
7991,dry
7994,dry
7996,oily
7998,dry
7998,normal
7998,oily
8002,oily
8002,normal
8003,dry
8004,dry
8007,dry
8007,oily
8015,normal
8015,dry
8015,oily
8018,oily
8020,dry
8020,normal
8020,oily
8023,oily
8023,normal
8026,oily
8026,normal
8026,dry
8027,dry
8027,oily
8027,normal
8028,normal
8033,normal
8033,oily
8033,dry
8034,normal
8036,normal
8038,oily
8038,dry
8038,normal
8041,dry
8041,oily
8041,normal
8043,normal
8043,dry
8043,oily
8044,oily
8045,oily
8047,dry
8047,normal
8047,oily
8048,normal
8048,dry
8048,oily
8051,normal
8051,oily
8052,normal
8053,dry
8053,normal
8054,dry
8056,oily
8056,dry
8058,dry
8058,oily
8060,normal
8060,oily
8061,dry
8062,normal
8064,dry
8064,normal
8064,oily
8065,oily
8065,dry
8065,normal
8067,normal
8067,oily
8067,dry
8069,oily
8070,normal
8072,oily
8074,dry
8074,normal
8083,oily
8083,dry
8084,dry
8084,oily
8086,dry
8086,oily
8089,oily
8089,dry
8090,normal
8091,normal
8091,oily
8093,dry
8093,oily
8093,normal
8096,oily
8096,normal
8097,dry
8098,dry
8098,oily
8103,oily
8103,dry
8104,dry
8104,oily
8105,dry
8105,normal
8105,oily
8107,dry
8107,oily
8108,normal
8108,dry
8108,oily
8111,oily
8111,dry
8111,normal
8112,dry
8113,oily
8115,oily
8115,dry
8117,normal
8117,oily
8118,dry
8118,normal
8118,oily
8119,normal
8119,dry
8122,dry
8122,normal
8126,dry
8126,oily
8127,normal
8127,dry
8127,oily
8131,dry
8131,oily
8131,normal
8137,dry
8137,oily
8139,dry
8139,oily
8139,normal
8140,normal
8141,oily
8141,dry
8141,normal
8142,dry
8142,oily
8147,normal
8148,oily
8149,normal
8150,normal
8150,oily
8151,oily
8151,normal
8151,dry
8152,normal
8152,oily
8152,dry
8156,oily
8156,dry
8156,normal
8157,dry
8157,oily
8158,normal
8158,dry
8160,oily
8160,normal
8164,normal
8164,dry
8164,oily
8165,normal
8165,dry
8165,oily
8166,dry
8166,normal
8166,oily
8168,oily
8168,dry
8169,oily
8169,dry
8169,normal
8170,normal
8170,dry
8170,oily
8171,dry
8171,normal
8171,oily
8172,dry
8172,oily
8173,normal
8175,normal
8175,dry
8183,dry
8184,oily
8184,normal
8184,dry
8186,dry
8186,normal
8187,dry
8187,normal
8187,oily
8189,normal
8191,oily
8192,oily
8192,normal
8192,dry
8195,normal
8195,oily
8195,dry
8198,normal
8198,oily
8198,dry
8199,normal
8199,dry
8200,normal
8200,dry
8202,normal
8202,oily
8202,dry
8203,dry
8205,oily
8208,normal
8208,dry
8208,oily
8212,normal
8212,oily
8212,dry
8215,normal
8215,dry
8215,oily
8216,normal
8218,normal
8218,oily
8218,dry
8219,dry
8219,oily
8220,dry
8220,normal
8220,oily
8224,normal
8224,oily
8226,dry
8226,normal
8227,oily
8227,dry
8234,oily
8234,normal
8234,dry
8236,normal
8236,dry
8238,dry
8238,normal
8238,oily
8239,dry
8241,oily
8241,dry
8246,oily
8247,dry
8247,normal
8247,oily
8249,normal
8249,dry
8249,oily
8250,oily
8251,normal
8251,oily
8251,dry
8252,oily
8252,normal
8252,dry
8253,normal
8254,dry
8255,normal
8255,oily
8257,normal
8257,oily
8257,dry
8261,oily
8263,dry
8263,oily
8266,oily
8266,normal
8266,dry
8269,dry
8269,oily
8269,normal
8270,oily
8271,normal
8271,oily
8275,dry
8275,normal
8275,oily
8276,oily
8276,normal
8276,dry
8278,normal
8278,dry
8280,normal
8281,normal
8282,oily
8282,dry
8283,normal
8284,dry
8284,oily
8284,normal
8285,normal
8285,dry
8285,oily
8287,dry
8291,normal
8291,oily
8293,normal
8297,normal
8297,dry
8301,dry
8303,dry
8305,dry
8305,normal
8306,oily
8306,dry
8307,oily
8307,dry
8307,normal
8308,oily
8308,normal
8308,dry
8309,oily
8311,dry
8311,oily
8311,normal
8312,oily
8314,dry
8316,oily
8316,normal
8316,dry
8317,dry
8317,normal
8319,normal
8320,oily
8322,oily
8323,oily
8323,normal
8323,dry
8324,dry
8324,normal
8324,oily
8325,oily
8329,normal
8330,normal
8330,dry
8330,oily
8331,dry
8331,normal
8331,oily
8333,dry
8333,normal
8334,normal
8334,oily
8334,dry
8335,dry
8335,normal
8335,oily
8336,oily
8337,dry
8337,oily
8338,normal
8338,oily
8341,dry
8345,oily
8345,dry
8346,oily
8346,dry
8346,normal
8347,oily
8352,dry
8352,oily
8355,dry
8355,normal
8356,oily
8358,oily
8359,normal
8359,oily
8359,dry
8360,dry
8360,oily
8361,dry
8361,normal
8361,oily
8364,normal
8364,oily
8366,normal
8366,oily
8368,normal
8368,dry
8370,dry
8371,normal
8371,dry
8376,normal
8376,oily
8377,dry
8377,oily
8382,oily
8383,dry
8383,normal
8383,oily
8384,normal
8386,normal
8391,oily
8392,normal
8392,oily
8394,oily
8396,dry
8400,oily
8400,dry
8403,oily
8404,oily
8404,normal
8404,dry
8405,dry
8409,normal
8410,dry
8413,normal
8415,dry
8416,dry
8416,normal
8418,normal
8418,oily
8419,dry
8419,oily
8420,normal
8421,oily
8422,normal
8424,dry
8424,normal
8424,oily
8425,normal
8425,dry
8425,oily
8426,dry
8434,dry
8434,oily
8435,normal
8435,oily
8439,dry
8439,oily
8439,normal
8442,oily
8443,oily
8443,dry
8443,normal
8444,dry
8448,normal
8457,oily
8457,normal
8457,dry
8459,dry
8459,normal
8459,oily
8466,normal
8466,oily
8466,dry
8467,dry
8472,oily
8472,normal
8474,dry
8474,normal
8477,dry
8477,oily
8481,normal
8483,dry
8483,normal
8483,oily
8486,dry
8486,normal
8486,oily
8487,oily
8488,normal
8491,dry
8492,normal
8496,oily
8496,dry
8500,oily
8503,dry
8503,normal
8504,normal
8504,oily
8514,oily
8514,dry
8514,normal
8519,oily
8519,dry
8520,dry
8520,oily
8522,oily
8522,normal
8522,dry
8528,oily
8528,dry
8528,normal
8530,normal
8530,dry
8530,oily
8535,oily
8536,normal
8536,oily
8536,dry
8537,dry
8537,normal
8538,dry
8544,dry
8545,dry
8545,normal
8545,oily
8547,dry
8548,normal
8548,dry
8549,normal
8549,oily
8550,oily
8551,oily
8551,normal
8551,dry
8553,dry
8553,oily
8553,normal
8554,normal
8554,dry
8554,oily
8556,oily
8556,dry
8556,normal
8557,dry
8557,oily
8558,normal
8560,normal
8560,dry
8561,oily
8561,normal
8562,oily
8562,dry
8562,normal
8563,dry
8565,normal
8565,dry
8565,oily
8566,dry
8566,normal
8567,dry
8569,oily
8569,dry
8570,oily
8571,oily
8571,dry
8571,normal
8577,oily
8581,normal
8587,oily
8590,oily
8590,normal
8590,dry
8592,normal
8592,dry
8592,oily
8597,dry
8597,oily
8600,oily
8603,dry
8603,normal
8604,dry
8604,oily
8604,normal
8609,normal
8611,oily
8612,dry
8612,normal
8612,oily
8613,normal
8613,oily
8613,dry
8614,normal
8615,oily
8615,dry
8616,dry
8617,normal
8617,dry
8617,oily
8618,normal
8618,oily
8619,normal
8619,oily
8623,dry
8623,normal
8623,oily
8625,dry
8625,oily
8625,normal
8626,oily
8628,oily
8628,normal
8629,normal
8629,oily
8629,dry
8633,dry
8633,normal
8636,normal
8636,dry
8637,dry
8637,oily
8638,dry
8639,normal
8639,dry
8640,dry
8640,oily
8640,normal
8642,normal
8642,oily
8642,dry
8646,normal
8647,oily
8647,dry
8647,normal
8659,dry
8660,dry
8660,oily
8661,dry
8661,normal
8661,oily
8669,normal
8669,oily
8670,oily
8670,dry
8672,normal
8673,oily
8673,dry
8676,dry
8678,normal
8678,oily
8679,dry
8680,oily
8681,oily
8681,dry
8681,normal
8683,normal
8683,oily
8685,normal
8686,oily
8686,normal
8686,dry
8687,dry
8689,oily
8691,normal
8691,dry
8692,oily
8692,normal
8692,dry
8693,normal
8693,oily
8693,dry
8694,oily
8694,dry
8695,dry
8695,normal
8696,normal
8696,oily
8696,dry
8702,dry
8703,dry
8703,normal
8703,oily
8705,oily
8705,normal
8706,dry
8706,normal
8706,oily
8709,dry
8713,normal
8713,dry
8713,oily
8715,oily
8715,normal
8715,dry
8719,normal
8719,oily
8719,dry
8720,normal
8720,dry
8722,oily
8723,normal
8725,oily
8732,dry
8734,oily
8734,normal
8740,normal
8740,dry
8740,oily
8743,oily
8745,dry
8745,normal
8746,normal
8746,dry
8746,oily
8751,normal
8751,oily
8753,normal
8754,dry
8754,normal
8755,oily
8755,normal
8762,dry
8762,oily
8762,normal
8764,normal
8765,dry
8765,oily
8766,normal
8766,oily
8769,oily
8769,dry
8776,dry
8776,oily
8777,oily
8777,normal
8777,dry
8779,normal
8779,oily
8779,dry
8785,normal
8786,dry
8786,normal
8786,oily
8789,dry
8789,oily
8791,dry
8793,dry
8796,normal
8796,dry
8802,dry
8802,normal
8802,oily
8806,oily
8806,normal
8806,dry
8807,normal
8809,dry
8809,oily
8809,normal
8813,normal
8813,dry
8813,oily
8814,normal
8814,oily
8818,normal
8818,oily
8818,dry
8819,dry
8820,dry
8820,oily
8825,normal
8825,oily
8833,oily
8833,normal
8835,dry
8835,normal
8835,oily
8836,dry
8836,normal
8838,oily
8840,dry
8840,oily
8840,normal
8841,normal
8841,oily
8842,oily
8842,normal
8847,oily
8847,normal
8850,oily
8853,oily
8854,normal
8854,dry
8854,oily
8856,normal
8856,dry
8857,oily
8857,normal
8857,dry
8858,oily
8858,dry
8858,normal
8864,dry
8864,oily
8865,normal
8865,oily
8868,oily
8869,oily
8869,normal
8870,oily
8871,oily
8871,normal
8875,oily
8875,dry
8875,normal
8877,oily
8877,dry
8878,normal
8878,oily
8878,dry
8879,normal
8879,oily
8879,dry
8883,dry
8883,oily
8884,dry
8891,dry
8895,dry
8895,oily
8901,oily
8901,dry
8903,oily
8904,normal
8905,oily
8905,dry
8905,normal
8906,dry
8906,oily
8906,normal
8908,normal
8908,dry
8908,oily
8909,dry
8909,oily
8909,normal
8911,oily
8911,normal
8911,dry
8912,normal
8912,dry
8912,oily
8914,oily
8918,oily
8919,dry
8921,normal
8921,dry
8926,oily
8930,normal
8931,dry
8933,normal
8936,dry
8938,oily
8939,dry
8939,normal
8939,oily
8940,oily
8940,normal
8942,dry
8942,normal
8945,oily
8946,dry
8946,oily
8946,normal
8947,oily
8948,normal
8948,dry
8948,oily
8949,oily
8949,dry
8950,dry
8954,dry
8954,normal
8954,oily
8960,oily
8960,dry
8966,dry
8968,dry
8970,normal
8970,dry
8970,oily
8974,normal
8978,oily
8979,oily
8979,dry
8979,normal
8981,dry
8981,oily
8982,oily
8984,dry
8984,oily
8985,normal
8985,oily
8985,dry
8986,oily
8986,dry
8986,normal
8988,oily
8988,normal
8990,normal
8991,oily
8991,normal
8992,dry
8992,normal
8993,normal
8993,oily
8993,dry
8994,dry
8996,dry
8996,oily
8997,normal
